{
  "bbox_bottom": [
    [
      99.54077377661734,
      27.6073442600974,
      -3.3049033719207097
    ],
    [
      -104.79444376330582,
      5.121536808019154,
      -6.683149558634489
    ],
    [
      -104.95858997053972,
      3.875736321345056,
      11.537472275890575
    ],
    [
      99.37662756938344,
      26.3615437734233,
      14.91571846260434
    ],
    [
      104.49255076362282,
      -16.940056232819213,
      -6.306132288841976
    ],
    [
      -99.84266677630033,
      -39.42586368489722,
      -9.684378475555743
    ],
    [
      -100.006812983534,
      -40.67166417157133,
      8.536243358969296
    ],
    [
      104.32840455638915,
      -18.18585671949332,
      11.914489545683065
    ]
  ],
  "bbox_top": [
    [
      -94.04547563988613,
      12.17826805818175,
      -3.7342086625710547
    ],
    [
      91.22839978393247,
      -36.289598280422524,
      -11.55886621230783
    ],
    [
      91.7260480293312,
      -37.14402384617657,
      5.517039536615633
    ],
    [
      -93.5478273944874,
      11.323842492427922,
      13.341697086352438
    ],
    [
      -82.96894092138616,
      54.231963640985526,
      -1.9527813028285497
    ],
    [
      102.30493450243245,
      5.764097302381254,
      -9.777438852565355
    ],
    [
      102.80258274783141,
      4.90967173662719,
      7.298466896358099
    ],
    [
      -82.4712926759872,
      53.37753807523169,
      15.123124446094916
    ]
  ],
  "keypoints_bottom": [
    [
      82.84540298554816,
      -2.922217723873813,
      2.2018094415357514
    ],
    [
      -102.77113049178054,
      -7.395605806594238,
      0.973362273312729
    ],
    [
      -10.41180699940653,
      7.1873551146696935,
      6.277594807778681
    ],
    [
      -51.02847325824508,
      -32.66038480277183,
      -2.9927296946542055
    ],
    [
      35.3451838441017,
      -6.184455732285195,
      3.1189796064572164
    ],
    [
      -65.68372807026114,
      1.5863854218375995,
      7.970605489743297
    ],
    [
      -80.24336203427691,
      -27.586709010470074,
      5.947041786408627
    ],
    [
      -37.33970227149743,
      -4.064589229068062,
      -2.07687960159442
    ],
    [
      58.44021374349255,
      4.566789774583887,
      2.74115598433199
    ],
    [
      9.580186492506924,
      -7.945132658966828,
      2.5202407911533706
    ],
    [
      -84.80562746401736,
      3.996642484753715,
      -3.814247548556549
    ],
    [
      -19.135463271533062,
      -12.590418727158214,
      5.0021790350152076
    ],
    [
      -36.61882624353601,
      -22.053520212541446,
      6.5514968951821935
    ],
    [
      101.90696865666793,
      -0.8428466929688136,
      1.9084013118263998
    ],
    [
      21.62627877845045,
      6.237749135970381,
      4.904926956937409
    ],
    [
      -68.36059600755766,
      -30.13564453260815,
      -6.986305828172431
    ]
  ],
  "keypoints_top": [
    [
      -41.3719289391054,
      7.367917905051813,
      6.177126406959567
    ],
    [
      100.12221085504525,
      -4.134151625961648,
      -2.400545175154023
    ],
    [
      28.357955324947365,
      -6.5291581888820245,
      -0.9484506814211616
    ],
    [
      -83.04237848355265,
      41.55684355168716,
      6.895194005082131
    ],
    [
      -4.814905546129052,
      11.392466037195826,
      -2.2216691879123465
    ],
    [
      64.22581972198334,
      2.279387991282005,
      -0.9530879087931332
    ],
    [
      -50.4981535564477,
      38.85530836867215,
      -0.48865247095472636
    ],
    [
      -73.57472410264246,
      10.674118424023437,
      2.549582986101891
    ],
    [
      -10.76333753448842,
      -10.057465923437935,
      2.4044700753289754
    ],
    [
      -22.502968726044553,
      14.565029372756348,
      6.742275999206752
    ],
    [
      8.468892620328248,
      -3.789597749085772,
      -0.9543916161230891
    ],
    [
      44.71511080242532,
      4.670263331325892,
      -0.2594203129936906
    ],
    [
      -64.25127969695488,
      46.34310096059114,
      11.383533295808078
    ],
    [
      81.23638929247802,
      -5.9082069699908075,
      -1.7161951410480503
    ],
    [
      -85.02194886759561,
      22.758988077033106,
      11.433066798458249
    ],
    [
      -43.69080677171252,
      25.419993097652796,
      10.572677725290248
    ]
  ],
  "mocap_bottom": [
    [
      60.663351208645786,
      -0.1158387834636403,
      3.8228006951317317
    ],
    [
      -0.2613456022482683,
      -0.04237427743981183,
      10.472030936370187
    ],
    [
      -31.024128684970137,
      -9.154741675669507,
      -2.1999204400201693
    ]
  ],
  "mocap_top": [
    [
      79.22300974965873,
      -4.951443795085248,
      -2.6477265435306925
    ],
    [
      37.123115614608466,
      -0.5466557647930447,
      -1.1449896125522414
    ],
    [
      -20.570755290552825,
      15.140172064144622,
      2.534187991311615
    ],
    [
      -53.93938915164724,
      43.585399277836956,
      5.23883522445635
    ]
  ]
}
