{
    "fx": 1009.3358154296875,
    "fy": 1009.3358154296875,
    "cx": 1024.0,
    "cy": 768.0,
    "width": 2048,
    "height": 1536
}