{
    "start_pose": [
        0.09076502773615436,
        0.08070982635558854,
        0.5443193171844398,
        0.07781270573992773,
        -0.9964358547253277,
        -0.025800699064297956,
        0.019876975902544947
    ],
    "goals": [
        [
            0.07227411838802211,
            0.09173690097217135,
            0.6504194051494152,
            0.08211898372988728,
            -0.9965774615925892,
            0.008880852824318228,
            0.0033114966336886807
        ],
        [
            0.06459032173937118,
            0.10092149694153585,
            0.6781482590565511,
            0.12024879132527753,
            -0.9918241148384559,
            -0.019916264040951575,
            0.037795447296912615
        ],
        [
            0.06741626670554235,
            0.09163721047601259,
            0.6934038469421053,
            0.07797223359805328,
            -0.9966716169857663,
            -0.007408963478403667,
            0.022608094631892874
        ],
        [
            0.06799153680938763,
            0.09311127772711703,
            0.6987118632176057,
            0.08212093063512446,
            -0.9949514069721213,
            -0.04601960676636604,
            0.03478571989891923
        ],
        [
            0.06828184582460184,
            0.0961668102265466,
            0.7200738866281968,
            0.07070720995358003,
            -0.9933257699171967,
            -0.07833733422695678,
            0.04655821458349271
        ],
        [
            0.06646669759087076,
            0.09957674986039178,
            0.7339549245327788,
            0.06352609912942471,
            -0.9572288149638172,
            -0.2757982641474894,
            0.06010613966640305
        ],
        [
            0.06045534005682151,
            0.10071067742086459,
            0.7426881881222196,
            0.07065543784243858,
            -0.9063117349004056,
            -0.41046846286892963,
            0.0715715675050361
        ],
        [
            0.058695559703426985,
            0.1081116760541957,
            0.7418128880329482,
            0.07802841037356927,
            -0.8510966757070334,
            -0.5078535626459071,
            0.10784606938999033
        ],
        [
            0.059192372838029354,
            0.10717720853323398,
            0.7433592028417022,
            0.07101325793567291,
            -0.8642539370759948,
            -0.4849609321799165,
            0.11329229322946253
        ],
        [
            0.05680788618905274,
            0.11472155812428386,
            0.7378352352167302,
            0.046250431999403825,
            -0.8362865524541799,
            -0.5199542847028661,
            0.1677296680474339
        ],
        [
            0.052323842388681145,
            0.12597896244598628,
            0.7372821531831399,
            0.03393592250986033,
            -0.6879484801660531,
            -0.6940752826035459,
            0.20936748524885687
        ],
        [
            0.04759176587688906,
            0.13506516383093747,
            0.7385246115182406,
            0.048816460295401806,
            -0.6570597224358289,
            -0.7215384896724694,
            0.2127714320061565
        ],
        [
            0.023608422613789922,
            0.1250445747017871,
            0.7377123248400037,
            0.035169812618097325,
            -0.6709626488636262,
            -0.7151292949993577,
            0.19277525656586725
        ],
        [
            -0.015887766500827908,
            0.11578634563952839,
            0.7271868528263388,
            0.016724631094815128,
            -0.6688112296524721,
            -0.720413034542137,
            0.18280285957085057
        ],
        [
            -0.05237913797117822,
            0.10016568623520605,
            0.7130287916704908,
            0.007025189668283152,
            -0.6700211384614643,
            -0.7226624979956291,
            0.16965033072660088
        ],
        [
            -0.07021900479895182,
            0.07556659685866318,
            0.705383525510661,
            -0.008128927546203445,
            -0.6801621977490643,
            -0.7277043014198131,
            0.08808947147766227
        ],
        [
            -0.089368856175912,
            0.0743519225287852,
            0.6840593659319332,
            0.0035452683573541414,
            -0.6915974487265409,
            -0.7136761439534628,
            0.11111598237396128
        ],
        [
            -0.08280703369446352,
            0.07924854044695429,
            0.6858108934245706,
            -0.024609704093601754,
            -0.6810522864409609,
            -0.7140783741653837,
            0.16016935146052946
        ],
        [
            -0.0676394841122756,
            0.08935316701534335,
            0.7085215566603797,
            -0.0950813008069937,
            -0.633068779472082,
            -0.7123818144412278,
            0.2875684564551588
        ],
        [
            -0.06010383052581592,
            0.08382294325885864,
            0.7163493092195168,
            -0.1633840370513572,
            -0.6294524202375283,
            -0.685261293953036,
            0.32789063131435986
        ],
        [
            -0.07627349152030949,
            0.08145949935644625,
            0.7000636946260288,
            -0.09744245139061099,
            -0.6567713423263483,
            -0.7013682758558616,
            0.2593046744445816
        ],
        [
            -0.0901967919383323,
            0.06641562446683058,
            0.6596933885450929,
            0.029954321941124764,
            -0.6804829509026739,
            -0.7235370984529408,
            0.1119810666592128
        ],
        [
            -0.0955457300764696,
            0.0733799306365891,
            0.6370055939542147,
            0.06301678800933362,
            -0.7049438794875794,
            -0.6976348989321619,
            0.11130390376756714
        ],
        [
            -0.08870432007680273,
            0.07060280312460754,
            0.656224066997309,
            -0.0009979464347572647,
            -0.6710712689352557,
            -0.7258054651924132,
            0.15122427982755687
        ],
        [
            -0.07017427101790763,
            0.08676822239585225,
            0.6999373235462105,
            -0.12497927616073128,
            -0.6195677812800064,
            -0.7093395425711297,
            0.31201499687529427
        ],
        [
            -0.06431884417410305,
            0.09793782364454107,
            0.7157254796703167,
            -0.18173365891290238,
            -0.5941001117987917,
            -0.6819679200014799,
            0.3859244621265248
        ],
        [
            -0.0806979483804382,
            0.06975871462321936,
            0.6878453251446686,
            -0.0955347286648184,
            -0.6634763841464474,
            -0.7160438329472766,
            0.19481640741238518
        ],
        [
            -0.0965370871386454,
            0.0737427887785973,
            0.6247111230533265,
            0.038894571163192754,
            -0.6936044541244292,
            -0.7099656777806796,
            0.1155370500151542
        ],
        [
            -0.09207575581888994,
            0.07509749220025497,
            0.6387811020951165,
            0.009706585914141301,
            -0.6618783741540243,
            -0.7305320331502106,
            0.16776694715746826
        ],
        [
            -0.08246511580198712,
            0.07484389857575136,
            0.6783377268311732,
            -0.12423416670235604,
            -0.6339505580878475,
            -0.7141354895833922,
            0.2695979677990295
        ],
        [
            -0.06547689327845241,
            0.0933490982387446,
            0.7134884995405115,
            -0.2200025607735959,
            -0.5750617731838007,
            -0.6865413917150001,
