{
    "rotation": [
        -0.006988179300422502,
        -0.7025326057611583,
        -0.020612885670231246,
        0.7113186431809925
    ],
    "translation": [
        0.05750223249197006,
        0.2569103240966797,
        0.9516769647598267
    ],
    "scale": [
        0.828054541349411,
        0.828054541349411,
        0.828054541349411
    ]
}