{
  "bbox_bottom": [
    [
      -106.54834839225111,
      4.617227628852637,
      12.625807701674928
    ],
    [
      0.16232742948087045,
      -12.031721193407401,
      13.021139106815115
    ],
    [
      2.2763803845465227,
      1.5209402872815443,
      13.136318226508113
    ],
    [
      -104.43429543718548,
      18.16988910954158,
      12.740986821368152
    ],
    [
      -106.2640342100423,
      5.064862283375006,
      -45.26391972953536
    ],
    [
      0.44664161168971106,
      -11.58408653888503,
      -44.868588324395176
    ],
    [
      2.5606945667553234,
      1.9685749418039111,
      -44.75340920470195
    ],
    [
      -104.14998125497668,
      18.61752376406395,
      -45.148740609842136
    ]
  ],
  "bbox_top": [
    [
      -101.92705837889174,
      25.279059727678547,
      -45.976439544659485
    ],
    [
      6.739025567606557,
      9.38887035959953,
      -45.495221560121244
    ],
    [
      4.522017864191836,
      -5.764094520951554,
      -45.22498411549583
    ],
    [
      -104.1440660823065,
      10.126094847127463,
      -45.70620210003418
    ],
    [
      -102.02974502160237,
      26.32151262451122,
      11.634309156325335
    ],
    [
      6.636338924895942,
      10.431323256432206,
      12.115527140863456
    ],
    [
      4.419331221481186,
      -4.721641624118876,
      12.385764585488984
    ],
    [
      -104.2467527250171,
      11.168547743960145,
      11.904546600950635
    ]
  ],
  "keypoints_bottom": [
    [
      -8.284251022567075,
      -9.292646461121608,
      -4.149435173621098
    ],
    [
      -103.42807299526586,
      10.508433160619902,
      -37.24156429209796
    ],
    [
      -65.61312867158281,
      8.620641409767789,
      11.910727825582944
    ],
    [
      -46.819370304572125,
      4.9016527238229655,
      -44.2626152148358
    ],
    [
      -6.5624133643413565,
      0.631656668457718,
      -43.46250620709885
    ],
    [
      -104.45028018033065,
      9.329187000525895,
      2.4926110863376585
    ],
    [
      -73.47779514647287,
      0.6791105000457865,
      -21.624358667555654
    ],
    [
      -39.037176111076356,
      5.991685586806314,
      -10.456724721447882
    ],
    [
      -27.60912711244653,
      -1.292274059724438,
      12.280361275676835
    ],
    [
      -26.971595309572045,
      -6.63094835494569,
      -29.686464154799637
    ],
    [
      -78.80881964151955,
      11.83892298455671,
      -43.498206338329304
    ],
    [
      -92.36328782606724,
      14.236076136838014,
      -16.846286452835734
    ],
    [
      -83.08914700182396,
      1.686220685592981,
      -0.2983674819780764
    ],
    [
      0.83623663522203,
      -6.509669376065049,
      -24.20381266139067
    ],
    [
      -58.75878728852475,
      -1.965129210444753,
      -5.668725739879285
    ],
    [
      -54.121932577493446,
      8.265030562537993,
      -24.91954489454217
    ]
  ],
  "keypoints_top": [
    [
      -36.84506054650157,
      14.47150060641346,
      -33.44684810889733
    ],
    [
      -99.71732013347518,
      18.147097322171472,
      7.965185531941941
    ],
    [
      1.0309218129274658,
      -2.446159048984804,
      8.950528946426603
    ],
    [
      -88.92615938205118,
      16.98047351601276,
      -43.874545963689485
    ],
    [
      -52.66983361602646,
      10.842875030431987,
      11.446802697071847
    ],
    [
      4.6028140926098375,
      -0.45715751537947347,
      -37.06072404425577
    ],
    [
      -72.5122233356633,
      19.57091002024741,
      -14.454154894397378
    ],
    [
      -24.14339290387624,
      12.782228861013321,
      -4.125742735005164
    ],
    [
      -102.63052921181429,
      17.914259357256654,
      -19.81477756933763
    ],
    [
      -62.37100046735654,
      10.70135328491694,
      -42.66243064262205
    ],
    [
      0.3226144751106317,
      8.888240946584181,
      -13.852888187259005
    ],
    [
      -50.0301585819943,
      9.036354626152004,
      -13.439478666685241
    ],
    [
      -75.62645705068901,
      18.909900807997463,
      9.459437987194956
    ],
    [
      -17.111044681252647,
      6.472523265959607,
      -43.269795930208595
    ],
    [
      -19.621265216204865,
      4.680527829315392,
      -22.770030124915813
    ],
    [
      -15.853653230336644,
      6.018769848868926,
      11.734948042950371
    ]
  ],
  "mocap_bottom": [
    [
      -104.89759242330645,
      11.754788114581137,
      2.327414144844875
    ],
    [
      -38.855454272558696,
      2.5808248017602238,
      -44.19933714116349
    ],
    [
      -6.470078050364004,
      -8.43975933382035,
      -38.15428447105188
    ],
    [
      -18.98214092725546,
      0.582475541066678,
      12.641884375832687
    ]
  ],
  "mocap_top": [
    [
      -5.216661326398083,
      10.21994677358631,
      1.7060082453979992
    ],
    [
      -34.720841243192524,
      8.554393676712236,
      11.747324911697158
    ],
    [
      -23.445549638222317,
      13.423613099726333,
      -15.502654898560195
    ],
    [
      -18.074944637155983,
      7.391881900369221,
      -43.569225466172064
    ],
    [
      -103.4741366081358,
      19.632903136942836,
      -15.354224974311558
    ]
  ]
}
