{
  "bbox_bottom": [
    [
      58.15814949865632,
      130.86466394966965,
      38.32030712243839
    ],
    [
      56.935973269455545,
      127.72083600373232,
      -66.00372028200206
    ],
    [
      -100.57609159291974,
      154.31358092367134,
      -64.95981426722368
    ],
    [
      -99.353915363719,
      157.45740886960863,
      39.364213137216794
    ],
    [
      25.871989927620668,
      -60.611547054615706,
      44.468728295995575
    ],
    [
      24.649813698419887,
      -63.75537500055304,
      -59.8552991084449
    ],
    [
      -132.8622511639554,
      -37.16263008061403,
      -58.811393093666496
    ],
    [
      -131.64007493475464,
      -34.01880213467669,
      45.51263431077399
    ]
  ],
  "bbox_top": [
    [
      65.62603790096311,
      -57.041752478091375,
      -56.934101695306495
    ],
    [
      67.66172534245375,
      -56.10989909146538,
      45.27655227615231
    ],
    [
      -94.89493311120968,
      -26.64702678208629,
      48.24551333198777
    ],
    [
      -96.93062055270035,
      -27.57888016871225,
      -53.965140639471045
    ],
    [
      97.51023745847753,
      119.1000071135419,
      -59.17500980925665
    ],
    [
      99.5459248999682,
      120.03186050016788,
      43.03564416220215
    ],
    [
      -63.010733553695246,
      149.49473280954697,
      46.00460521803762
    ],
    [
      -65.04642099518591,
      148.562879422921,
      -56.2060487534212
    ]
  ],
  "keypoints_bottom": [
    [
      -74.01349749273452,
      -28.540890732608815,
      -38.14310376733443
    ],
    [
      -99.32406625759225,
      152.95497942982612,
      4.380297102807881
    ],
    [
      38.43145329666321,
      44.1588427243725,
      30.448716906853832
    ],
    [
      -115.97067660285073,
      44.29803344214581,
      41.8696489774472
    ],
    [
      -106.75169289461607,
      70.2249185302477,
      -58.867668622154056
    ],
    [
      27.237763999412874,
      -19.440597081028308,
      -48.77015317984586
    ],
    [
      -14.947003899210259,
      -34.682561687467654,
      31.57004305114444
    ],
    [
      -27.100721747596282,
      46.240540688537585,
      -38.58983599230096
    ],
    [
      -129.0711397688548,
      -34.3695165381941,
      23.2792678022998
    ],
    [
      -44.75077836644227,
      33.45453849374537,
      31.03493964769507
    ],
    [
      -121.65606548845102,
      16.922698084627832,
      -19.869475391228285
    ],
    [
      37.67199705069144,
      44.2461134264354,
      -39.99373796989863
    ],
    [
      -97.46462397972755,
      90.30017633538844,
      0.25962076502186626
    ],
    [
      -93.8196639231993,
      129.94540456909598,
      -51.967210528016686
    ],
    [
      -71.9495541439841,
      -19.120839984788997,
      21.69764298363054
    ],
    [
      -129.729057080322,
      -29.463959683590037,
      -55.216994433783185
    ]
  ],
  "keypoints_top": [
    [
      70.56973234875704,
      71.55117113897352,
      8.359974917128083
    ],
    [
      -70.94013918304427,
      105.35668581819664,
      -12.454843843378582
    ],
    [
      17.099193835151155,
      -45.86907901391328,
      -14.289839620667918
    ],
    [
      36.63082154233732,
      23.036787965830662,
      -37.85741543230936
    ],
    [
      1.7820829101493456,
      88.96882419598782,
      -15.72510121166388
    ],
    [
      56.46391705989422,
      89.37391866056022,
      -55.2054023632749
    ],
    [
      55.01515749148394,
      -2.931150648110651,
      20.319076795155933
    ],
    [
      60.77320602766534,
      126.09580923760365,
      -9.797316471753978
    ],
    [
      32.00950525601396,
      40.40043772225834,
      9.579923455437497
    ],
    [
      91.95531490102084,
      96.14890867601764,
      -25.16857606624968
    ],
    [
      48.60395353316608,
      -21.292844132651673,
      -36.13185107916464
    ],
    [
      56.643843294243766,
      107.8169206393753,
      31.802697236357417
    ],
    [
      -36.5893110821494,
      85.20815851722222,
      4.74529537762664
    ],
    [
      66.53594531112027,
      53.79540089252702,
      -32.22701766540282
    ],
    [
      29.762353335844036,
      82.20533919435852,
      14.83806810288695
    ],
    [
      49.783984085600764,
      59.05464711003973,
      40.54082054980803
    ]
  ],
  "mocap_bottom": [
    [
      -94.02375716696076,
      111.20797471862937,
      -55.6801079408385
    ],
    [
      -103.01666232700389,
      55.792041239734054,
      39.79402274996446
    ],
    [
      19.37780555863335,
      11.889710963369607,
      31.256495231076464
    ],
    [
      24.05862691589921,
      -10.448792737889056,
      -49.24088176340426
    ]
  ],
  "mocap_top": [
    [
      71.63040376808586,
      123.42412314878892,
      0.09755217671680917
    ],
    [
      58.3052560782093,
      69.18977339606427,
      42.78645485440081
    ],
    [
      17.936743520462908,
      93.80006830098343,
      -2.945210246006769
    ],
    [
      26.734091042237136,
      -49.20118919365107,
      -6.460171378368035
    ],
    [
      44.41467154373087,
      -38.35246239068298,
      -28.51278709864203
    ]
  ]
}
