{
    "fx": 1085.335693359375,
    "fy": 1085.335693359375,
    "cx": 1024.0,
    "cy": 768.0,
    "width": 2048,
    "height": 1536
}