{
  "bbox_bottom": [
    [
      180.54443402828323,
      39.29996820739805,
      81.84400071214914
    ],
    [
      22.36355223327045,
      -70.78988026783877,
      85.26342108389787
    ],
    [
      19.49143954411178,
      -69.9556546738088,
      -20.74088295909822
    ],
    [
      177.67232133912458,
      40.134193801428054,
      -24.160303330846936
    ],
    [
      80.32226432003255,
      183.42221178990943,
      85.6936536679402
    ],
    [
      -77.85861747498036,
      73.33236331467252,
      89.11307403968895
    ],
    [
      -80.73073016413902,
      74.16658890870252,
      -16.89123000330708
    ],
    [
      77.45015163087389,
      184.25643738393936,
      -20.310650375055822
    ]
  ],
  "bbox_top": [
    [
      35.21601244263809,
      -44.498946532244204,
      -2.0612009880306323
    ],
    [
      37.61986943143561,
      -45.6370313190001,
      60.834268145402504
    ],
    [
      28.29513939630774,
      -51.71681376542272,
      61.0806455718905
    ],
    [
      25.891282407510218,
      -50.578728978666824,
      -1.8148235615426291
    ],
    [
      8.55157083581023,
      -3.5316189016091144,
      -0.3007911278912498
    ],
    [
      10.95542782460775,
      -4.669703688365015,
      62.59467800554188
    ],
    [
      1.6306977894798786,
      -10.749486134787608,
      62.84105543202988
    ],
    [
      -0.7731591993176421,
      -9.611401348031709,
      -0.05441370140324582
    ]
  ],
  "keypoints_bottom": [
    [
      148.44547836369156,
      58.47719445715225,
      29.330664612900428
    ],
    [
      -31.34222728108965,
      23.245873021311827,
      73.70852123384148
    ],
    [
      27.40430077129178,
      129.56844818249596,
      -6.555381229923116
    ],
    [
      48.318425952847,
      -34.560537143580206,
      18.096676719894774
    ],
    [
      100.67989990908663,
      150.59713012953773,
      75.64957289838554
    ],
    [
      59.69118438439979,
      61.157390981158976,
      73.35229405867678
    ],
    [
      5.012800828681245,
      41.794711338207904,
      -6.998771741937015
    ],
    [
      114.72025460691196,
      127.21227550130938,
      -11.935542208285469
    ],
    [
      28.374967628571543,
      129.719571053578,
      71.45664694339536
    ],
    [
      71.76104572831366,
      69.50236185515499,
      -1.2271145181758456
    ],
    [
      74.57101771241379,
      178.91394069109649,
      15.563751839543428
    ],
    [
      -1.6633752158363857,
      76.99928497826035,
      47.87687613600493
    ],
    [
      135.81921252474424,
      98.88873479886594,
      75.07231457410506
    ],
    [
      -12.008574373122514,
      -9.840568197688132,
      23.428607080265795
    ],
    [
      28.901815079757224,
      -5.200601805571642,
      65.02917213446605
    ],
    [
      91.99427178844812,
      94.32770214752912,
      42.937769235904376
    ]
  ],
  "keypoints_top": [
    [
      14.71986887306664,
      -13.524005892668102,
      32.24356280821643
    ],
    [
      27.632587548880483,
      -49.594971862258824,
      26.636480300447566
    ],
    [
      14.589632364503137,
      -28.98838467284901,
      0.935187918426737
    ],
    [
      20.27196784558578,
      -36.35749707519624,
      57.57456015185177
    ],
    [
      10.23052529418818,
      -6.199703463972394,
      61.60623901718291
    ],
    [
      10.116806727066363,
      -6.735217750515878,
      9.115126352273826
    ],
    [
      24.526468114674355,
      -29.916662657854285,
      19.537093716289885
    ],
    [
      17.41204156509204,
      -34.946915142464704,
      37.516738080451034
    ],
    [
      9.205879825161317,
      -21.463495522225223,
      49.67697709858387
    ],
    [
      32.12913491237957,
      -43.607119480380234,
      44.375165703903036
    ],
    [
      8.487006057703919,
      -21.268325188822967,
      17.927318564141903
    ],
    [
      21.623718774496638,
      -41.79571533996497,
      8.453918023214573
    ],
    [
      9.698567150397121,
      -4.951343968352969,
      45.83193925277765
    ],
    [
      18.613333339020507,
      -21.083022673884624,
      61.68568475170331
    ],
    [
      23.077122950911853,
      -26.66597847453445,
      47.53078525429928
    ],
    [
      6.108141752469099,
      -17.790679637205915,
      0.6690622758720839
    ]
  ],
  "mocap_bottom": [
    [
      -25.721286954588958,
      22.558210580121454,
      76.41609994338296
    ],
    [
      -26.353712202801667,
      26.851133569849225,
      -6.8078339902887635
    ],
    [
      72.60068304145648,
      170.81078568981366,
      33.61696151186967
    ],
    [
      148.84070406891624,
      58.57991903277208,
      77.30454127547068
    ],
    [
      147.62533690348477,
      59.14581839184002,
      -13.307685243420623
    ]
  ],
  "mocap_top": [
    [
      4.449485318923121,
      -15.627364891034125,
      43.14140387686913
    ],
    [
      2.801326869187025,
      -14.409973824777843,
      19.136316805629896
    ],
    [
      16.349506398396144,
      -23.05496944722358,
      1.2326920559280512
    ],
    [
      18.32595714392378,
      -24.303098693086962,
      63.54239071756249
    ]
  ]
}
