{
  "bbox_bottom": [
    [
      -59.04844997779415,
      263.5818186720832,
      -124.32743783043976
    ],
    [
      -148.6310193427067,
      43.755965287588296,
      -126.25225529513334
    ],
    [
      -148.73012680500014,
      42.57115531662778,
      13.67278944786853
    ],
    [
      -59.147557440087596,
      262.39700870112273,
      15.597606912562092
    ],
    [
      102.86832646987847,
      197.6020177669054,
      -124.77143532127192
    ],
    [
      13.285757104965946,
      -22.223835617589398,
      -126.6962527859655
    ],
    [
      13.186649642672508,
      -23.40864558854991,
      13.228791957036353
    ],
    [
      102.76921900758504,
      196.41720779594488,
      15.153609421729943
    ]
  ],
  "bbox_top": [
    [
      73.23983424784568,
      119.12618200421282,
      -121.5734665521235
    ],
    [
      22.286376246560735,
      -3.716395907557423,
      -119.7022324961182
    ],
    [
      -4.080477300323219,
      7.2150366578469605,
      -120.04273926658692
    ],
    [
      46.87298070096172,
      130.0576145696173,
      -121.91397332259223
    ],
    [
      72.54436595062509,
      121.29615308058399,
      1.9430116264610955
    ],
    [
      21.59090794934013,
      -1.5464248311862512,
      3.8142456824663857
    ],
    [
      -4.775945597543809,
      9.385007734218133,
      3.473738911997667
    ],
    [
      46.17751240374113,
      132.22758564598848,
      1.6025048559923774
    ]
  ],
  "keypoints_bottom": [
    [
      -21.89172304896353,
      -5.400567522429706,
      -32.71489133680666
    ],
    [
      -56.85292466644027,
      260.87182626660825,
      -120.7540566563229
    ],
    [
      78.78304896817895,
      173.44429831190942,
      13.1923478175992
    ],
    [
      -103.88882322498345,
      149.32600472229657,
      12.475564654821147
    ],
    [
      -138.1472895481522,
      64.41628430254588,
      -124.50163365745203
    ],
    [
      20.62996552574287,
      118.40370172478812,
      -124.3143287849728
    ],
    [
      -23.690320645881048,
      247.15443429928794,
      12.092768124632919
    ],
    [
      -123.01576132412615,
      34.156029818168584,
      9.558787204151857
    ],
    [
      -4.426798358810967,
      96.80408371137636,
      12.992507396590586
    ],
    [
      39.22148076793941,
      219.5356963751696,
      -81.38771493695823
    ],
    [
      -85.25304186186142,
      157.8531465848489,
      -96.88245429977964
    ],
    [
      14.495382411162236,
      16.759517915725482,
      -124.87533012908426
    ],
    [
      -52.91163149464858,
      70.50562151505028,
      -110.70196541588348
    ],
    [
      -10.963569385370807,
      153.9859691398201,
      -50.873843636688115
    ],
    [
      -111.93351051076718,
      93.86704842265517,
      -49.835032770867755
    ],
    [
      81.10133725623457,
      147.16329542324982,
      -75.04134809214709
    ]
  ],
  "keypoints_top": [
    [
      66.6872835319758,
      107.18054661984107,
      -50.07313246502934
    ],
    [
      -1.5431010127745168,
      9.671272887297489,
      -117.19640909780018
    ],
    [
      7.889446172583953,
      9.492153785088709,
      2.570737512229994
    ],
    [
      31.851216012227006,
      81.08598185498172,
      -115.50527252408767
    ],
    [
      27.134545297294963,
      76.80618896306876,
      -0.7947072495617852
    ],
    [
      12.52067707939402,
      13.39121683718324,
      -58.70397209029916
    ],
    [
      50.470647508624616,
      128.45302465634148,
      -0.49874268566530106
    ],
    [
      58.31818416695671,
      124.3832919108356,
      -99.73559940520084
    ],
    [
      23.821990140113265,
      41.260556905582845,
      -97.45752818307491
    ],
    [
      13.868094840142964,
      43.52730895287773,
      -16.767887681669716
    ],
    [
      41.01088627737909,
      105.02285216483844,
      -75.41250666853281
    ],
    [
      40.43920595014802,
      105.2814701529419,
      -24.879101404440867
    ],
    [
      0.4179527032547672,
      11.353171781941844,
      -28.037159154108185
    ],
    [
      4.6656258350868205,
      18.14790256687902,
      -88.34032697685659
    ],
    [
      49.570786266335034,
      128.19616302572803,
      -40.34483497895661
    ],
    [
      42.01726776429181,
      106.69238582976311,
      -115.29547549370221
    ]
  ],
  "mocap_bottom": [
    [
      -144.92310483557688,
      42.79017370591091,
      9.90086327303626
    ],
    [
      -55.169158412885814,
      260.5143460622711,
      11.035971210119305
    ],
    [
      -92.6261458372775,
      149.7361877810332,
      -52.61807371925573
    ],
    [
      86.13173612950972,
      199.091771012402,
      13.794693681510035
    ],
    [
      -0.576803687214814,
      -13.76517889411514,
      12.834168175048767
    ]
  ],
  "mocap_top": [
    [
      13.70518003129408,
      19.044063469075017,
      -4.362799150436829
    ],
    [
      54.27702673417011,
      118.02013134295048,
      -2.516614278611164
    ],
    [
      56.7734406083135,
      119.97817062848337,
      -102.95114286829612
    ]
  ]
}
