{
  "bbox_bottom": [
    [
      -9.956382328740691,
      -6.724322241279494,
      -137.67550853875974
    ],
    [
      -3.5802396182921687,
      -7.18938295682194,
      188.84375800892377
    ],
    [
      -7.5286585811924756,
      18.02682416287891,
      188.95677647530945
    ],
    [
      -13.90480129164099,
      18.49188487842136,
      -137.56249007237403
    ],
    [
      188.53926341376294,
      24.373813980020852,
      -141.50736163930532
    ],
    [
      194.91540612421147,
      23.908753264478417,
      185.01190490837814
    ],
    [
      190.96698716131118,
      49.12496038417926,
      185.12492337476382
    ],
    [
      184.59084445086265,
      49.59002109972171,
      -141.39434317291963
    ]
  ],
  "bbox_top": [
    [
      -5.341389226768737,
      -2.256635025387219,
      185.81708504595778
    ],
    [
      -7.199469647080593,
      -0.16012516204142457,
      -139.43445649927
    ],
    [
      -5.068893311200612,
      -14.463622351312134,
      -139.53882532975712
    ],
    [
      -3.2108128908887994,
      -16.560132214657934,
      185.71271621547072
    ],
    [
      190.7629890294839,
      26.96088085749895,
      184.88512734099442
    ],
    [
      188.90490860917208,
      29.057390720844747,
      -140.36641420423342
    ],
    [
      191.035484945052,
      14.753893531574024,
      -140.4707830347206
    ],
    [
      192.8935653653639,
      12.657383668228253,
      184.78075851050735
    ]
  ],
  "keypoints_bottom": [
    [
      143.02284401897776,
      21.948214264428632,
      -121.66314377633249
    ],
    [
      3.488936558341777,
      10.050644769359671,
      185.45050164470985
    ],
    [
      188.45936358924993,
      31.665720916523014,
      84.82324023141096
    ],
    [
      -7.364792542965397,
      10.994837736918774,
      -4.929917148775081
    ],
    [
      10.19857974911199,
      1.8431927253960705,
      -136.81434339955499
    ],
    [
      123.08407376934878,
      19.640310557746382,
      184.48780531187634
    ],
    [
      110.55943280266291,
      27.65294764958534,
      -7.061165188130398
    ],
    [
      59.455143299059785,
      7.055518779496376,
      89.37916536379305
    ],
    [
      184.58250711162248,
      42.13202852182796,
      -48.732354985672906
    ],
    [
      67.88540641274928,
      25.62115429692711,
      -79.47850054254228
    ],
    [
      186.8821802561302,
      45.30499200848121,
      157.3236309213362
    ],
    [
      120.97262982486775,
      34.59808711052497,
      114.61560737805704
    ],
    [
      -5.431955362722217,
      9.435894432857868,
      115.96255477919844
    ],
    [
      173.65993266900313,
      43.51656901233753,
      18.7916013415082
    ],
    [
      -8.330295523038862,
      0.989323221440681,
      -72.05357908376936
    ],
    [
      63.29517096870099,
      24.97148474322259,
      154.15208438630881
    ]
  ],
  "keypoints_top": [
    [
      6.101940516365037,
      -1.8991941068660918,
      134.15978410218753
    ],
    [
      183.54431104371008,
      21.02453932355769,
      -137.34653307869777
    ],
    [
      -4.425551641001265,
      -5.633751824690808,
      -67.82773193155059
    ],
    [
      189.59831800242884,
      18.91089009087485,
      61.28294156792131
    ],
    [
      131.84057057463022,
      12.48486513457695,
      183.65744688812268
    ],
    [
      70.90423944669585,
      7.7279865141259085,
      29.133898038784835
    ],
    [
      76.08082620959807,
      8.350221926500568,
      -138.64404948255046
    ],
    [
      151.42212714694924,
      20.513495489557414,
      -36.653315197385716
    ],
    [
      113.67502199603834,
      3.991475859511706,
      101.70412363500013
    ],
    [
      74.42599397927287,
      -1.2029652663722934,
      -51.25389143632072
    ],
    [
      -3.402972941201603,
      -5.689600648457615,
      54.9230460538277
    ],
    [
      189.49587628890825,
      24.49064424633406,
      136.53213654846917
    ],
    [
      60.62479711691134,
      -4.87599541129636,
      183.10745403848867
    ],
    [
      6.2924460648325375,
      -2.6749579529726026,
      -137.66320386253446
    ],
    [
      128.91312925927903,
      8.01263745145379,
      -98.54389381543419
    ],
    [
      135.55653360452547,
      7.825640890837623,
      25.843262827161347
    ]
  ],
  "mocap_bottom": [
    [
      -3.0469353903545118,
      6.0069473048469435,
      39.26273221893284
    ],
    [
      94.6612921113284,
      21.910130701687308,
      -139.15574176819726
    ],
    [
      92.94977165354413,
      22.54991793745421,
      185.90474309960214
    ],
    [
      16.179226732460005,
      6.994719380734853,
      186.16989696704576
    ]
  ],
  "mocap_top": [
    [
      103.65979227670006,
      2.9873817339044235,
      2.0671024735765764
    ],
    [
      101.80611001889785,
      2.0452952653767795,
      149.8183790910028
    ],
    [
      35.9415305269422,
      -2.776977862600744,
      186.1492956842534
    ],
    [
      38.96157703783821,
      -7.348752767887939,
      17.961726051278326
    ],
    [
      44.73598088120004,
      -0.32728883190981944,
      -139.40015436427515
    ]
  ]
}
