{
  "bbox_bottom": [
    [
      -158.22884009431561,
      -26.49514020104859,
      72.87362811886524
    ],
    [
      -157.8417645181447,
      -23.853326197518903,
      -161.70990769619505
    ],
    [
      -153.12792925904333,
      -50.2510040169844,
      -161.99941343384694
    ],
    [
      -153.51500483521426,
      -52.892818020514106,
      72.58412238121333
    ],
    [
      4.787107951798129,
      2.608105510102519,
      73.47036810688321
    ],
    [
      5.174183527969066,
      5.24991951363221,
      -161.1131677081771
    ],
    [
      9.888018787070418,
      -21.147758305833296,
      -161.402673445829
    ],
    [
      9.500943210899502,
      -23.789572309362963,
      73.1808623692313
    ]
  ],
  "bbox_top": [
    [
      -153.82466650357915,
      -26.10743652662354,
      -162.7999961875491
    ],
    [
      -156.55388128056055,
      -27.905506962559212,
      70.53287410407452
    ],
    [
      -157.74692280741422,
      -19.863205882392084,
      70.58089372170949
    ],
    [
      -155.01770803043283,
      -18.06513544645641,
      -162.75197656991415
    ],
    [
      0.6564211152559132,
      -3.2026595063945185,
      -160.81657483066505
    ],
    [
      -2.0727936617254814,
      -5.000729942330195,
      72.5162954609586
    ],
    [
      -3.2658351885791554,
      3.041571137836938,
      72.56431507859357
    ],
    [
      -0.5366204115977474,
      4.839641573772614,
      -160.76855521303008
    ]
  ],
  "keypoints_bottom": [
    [
      -100.0887158985472,
      -20.751945700965617,
      68.89086755209146
    ],
    [
      4.283533009067036,
      -19.546379221388122,
      -160.83514962882322
    ],
    [
      -149.83383651846495,
      -46.010860891926626,
      -92.48063599107896
    ],
    [
      6.293399780350619,
      -13.817652964055956,
      -21.280605574909533
    ],
    [
      -61.230588623596084,
      -8.516693077065906,
      -89.63428948372555
    ],
    [
      3.2691511530911477,
      -2.5520281445135216,
      72.30354650078228
    ],
    [
      -149.98803742728157,
      -47.21499654073741,
      -1.7553560978879925
    ],
    [
      -98.99764047420598,
      -37.643599106411294,
      -157.2395447937223
    ],
    [
      -75.00724836237364,
      -12.272408753943209,
      -9.57697766954605
    ],
    [
      6.210218364005292,
      -21.203302265742614,
      -89.5147033748788
    ],
    [
      -43.62607802073327,
      -30.15689915904256,
      42.38068693465825
    ],
    [
      -101.9517127801953,
      -39.35565248660478,
      -55.88304538204084
    ],
    [
      -150.15683304826112,
      -49.12271784794465,
      58.05339347432048
    ],
    [
      -50.48507740097047,
      -9.943047464601475,
      -147.58209224504577
    ],
    [
      -150.04823060035238,
      -25.77257977749812,
      -142.76064483556493
    ],
    [
      -39.1137179594671,
      -28.95185179607381,
      -44.643091729782455
    ]
  ],
  "keypoints_top": [
    [
      -141.278465224376,
      -23.096317471022708,
      -77.48410835997353
    ],
    [
      -4.5317473712367695,
      1.6624092361622167,
      70.32684795097023
    ],
    [
      -3.305479059965449,
      0.9216646400711306,
      -160.39426080333138
    ],
    [
      -153.97158813604858,
      -22.757005126724977,
      69.30208957465604
    ],
    [
      -29.34762307600192,
      -5.413337143243529,
      -45.5719538716667
    ],
    [
      -97.06863868411205,
      -13.817906802145657,
      -161.29860173763652
    ],
    [
      -79.99913484011725,
      -10.299576948202956,
      24.93966634796364
    ],
    [
      -155.4346351580768,
      -22.138182670386044,
      -4.926851795776689
    ],
    [
      -76.21177127280733,
      -9.92871697946722,
      -96.10090996031641
    ],
    [
      -95.10008893694977,
      -12.85757175303114,
      -35.83436470772616
    ],
    [
      -154.15863687024898,
      -21.384340898554694,
      -138.35769699196982
    ],
    [
      -2.9477166208788117,
      0.5633073941217099,
      8.24266277975745
    ],
    [
      -4.152086613675154,
      1.791168297633646,
      -100.73510466415766
    ],
    [
      -56.340731471414564,
      -8.251831199487306,
      70.6942295978078
    ],
    [
      -50.097879082321384,
      -8.090115852820706,
      -140.37324523293358
    ],
    [
      -104.87522763253537,
      -14.344698053862498,
      68.8014338390883
    ]
  ],
  "mocap_bottom": [
    [
      -48.68091119695084,
      -17.688478865382866,
      67.49402984602371
    ],
    [
      -141.3001938187703,
      -37.525118469182246,
      67.28308034129519
    ],
    [
      -150.94542095892734,
      -35.45997825936261,
      10.343637299872077
    ],
    [
      -149.50340242656281,
      -37.21071160066062,
      -129.2897702553962
    ]
  ],
  "mocap_top": [
    [
      -148.17779884109308,
      -20.013418277751445,
      47.98769700600247
    ],
    [
      -131.34287169027846,
      -17.325452550293583,
      -152.1097584193305
    ],
    [
      -31.783070613204533,
      -2.6336241433884564,
      61.998234155136835
    ],
    [
      -25.655559727178453,
      -1.4688659441102332,
      -152.50917543040802
    ]
  ]
}
