{
  "fx": 844.67822265625,
  "fy": 844.67822265625,
  "cx": 927.3002319335938,
  "cy": 566.7403564453125,
  "baseline": 0.14999972966613306
}
