iteration,time_out,hand_wrist_away,object_away,ep_len,mean_reward,voc,obj_pos_err,obj_rot_err,rw_err,lw_err,rf_err,lf_err,R_force_closure,R_object_kp,R_hand_kp,R_hand_joint,R_termination
0,0.0009,0.0,0.0,22.21,0.53,1.0,0.0004,0.0001,0.0006,0.0006,0.0242,0.015,0.0,0.0,0.0018,0.0017,0.0
1,0.0329,0.0,0.0,41.62,1.0,1.0,0.0029,0.0004,0.0126,0.0291,0.1933,0.1419,0.0,0.0,0.0175,0.0169,0.0
2,0.0776,0.0,0.0,65.22,3.26,1.0,0.0041,0.0012,0.0154,0.0348,0.2106,0.1464,0.0354,0.0,0.0285,0.0276,-0.001
3,0.1254,0.0,0.0005,84.8,6.65,1.0,0.0131,0.0339,0.0153,0.0388,0.2186,0.2777,0.1509,0.0,0.0382,0.0363,0.0
4,0.1729,0.0,0.0007,109.79,11.72,1.0,0.0046,0.004,0.0154,0.0351,0.2164,0.1563,0.3067,0.0,0.0491,0.0478,-0.0007
5,0.2212,0.0,0.0008,127.06,15.66,1.0,0.0059,0.0047,0.0158,0.0355,0.2172,0.1521,0.4564,0.0,0.0589,0.0574,-0.002
6,0.2672,0.0,0.0014,137.51,18.5,1.0,0.0065,0.0055,0.0157,0.0351,0.2148,0.1633,0.5718,0.0,0.0657,0.064,-0.002
7,0.317,0.0,0.0014,161.58,21.79,1.0,0.0037,0.0006,0.0156,0.0347,0.2172,0.1453,0.7073,0.0,0.0766,0.0748,-0.0006
8,0.3678,0.0,0.0015,178.49,23.89,1.0,0.0064,0.0094,0.0155,0.0365,0.2167,0.1796,0.7781,0.0,0.0845,0.0824,0.0
9,0.4147,0.0,0.0016,201.57,27.28,1.0,0.0099,0.02,0.0156,0.0376,0.2157,0.2186,0.7936,0.0,0.0884,0.0859,-0.0006
10,0.4599,0.0,0.0021,206.69,28.32,1.0,0.0116,0.0208,0.0162,0.0379,0.2141,0.2321,0.9082,0.0,0.0981,0.0955,-0.0019
11,0.4939,0.0,0.0024,229.83,33.15,1.0,0.0093,0.0145,0.0168,0.0378,0.2182,0.2096,0.98,0.0,0.1025,0.0998,0.0
12,0.5402,0.0,0.0021,248.06,35.68,1.0,0.0071,0.0107,0.0157,0.036,0.2158,0.19,1.1267,0.0,0.1145,0.1119,0.0
13,0.5927,0.0,0.0018,262.76,39.54,1.0,0.0085,0.0153,0.0159,0.037,0.2184,0.2002,1.2684,0.0,0.123,0.1201,-0.0007
14,0.6446,0.0,0.0017,250.77,39.18,1.0,0.0092,0.0158,0.0153,0.0377,0.2164,0.2129,1.326,0.0,0.1239,0.121,0.0
15,0.687,0.0,0.0016,266.59,44.44,1.0,0.0066,0.0094,0.0157,0.0362,0.2159,0.1789,1.4729,0.0,0.1283,0.1251,-0.0008
16,0.7298,0.0,0.0018,306.69,53.82,1.0,0.0068,0.0106,0.016,0.0367,0.2167,0.1856,1.662,0.0,0.1399,0.1362,-0.0004
17,0.7756,0.0,0.002,303.43,51.33,1.0,0.0095,0.018,0.016,0.0374,0.2176,0.2048,1.7108,0.0,0.1423,0.1383,-0.0014
18,0.8238,0.0,0.0025,328.66,49.63,1.0,0.0067,0.0099,0.0156,0.0362,0.217,0.1822,1.6755,0.0,0.1524,0.1488,-0.0006
19,0.8701,0.0,0.0024,329.23,46.72,1.0,0.0065,0.0098,0.0154,0.0363,0.2172,0.1841,1.4673,0.0,0.1501,0.1468,-0.0004
20,0.9147,0.0,0.0024,327.54,44.4,1.0,0.005,0.0058,0.0155,0.0356,0.2165,0.1694,1.4518,0.0,0.1539,0.1507,0.0
21,0.961,0.0,0.0019,319.23,42.62,1.0,0.005,0.0056,0.0154,0.0357,0.2164,0.1643,1.4184,0.0,0.1583,0.155,-0.0003
22,0.9957,0.0,0.0017,233.0,31.83,1.0,0.006,0.009,0.0155,0.0362,0.2162,0.1816,1.2539,0.0,0.1347,0.1315,0.0
23,0.998,0.0,0.002,226.25,31.16,1.0,0.0078,0.0111,0.0156,0.0363,0.2152,0.1851,1.0234,0.0,0.1078,0.105,-0.0014
24,0.9976,0.0,0.0024,258.08,36.99,1.0,0.0053,0.0051,0.0154,0.0354,0.2158,0.1589,1.1024,0.0,0.1153,0.1127,-0.0009
25,0.9971,0.0,0.0029,273.64,37.88,1.0,0.0063,0.0094,0.0156,0.0362,0.2164,0.1772,1.1142,0.0,0.1189,0.1161,-0.0006
26,0.9971,0.0,0.0029,262.74,36.5,1.0,0.0071,0.0102,0.0155,0.0364,0.2175,0.1865,1.1856,0.0,0.1251,0.122,0.0
27,0.9971,0.0,0.0029,240.51,32.8,1.0,0.0071,0.0105,0.0155,0.0361,0.2166,0.1874,1.1058,0.0,0.1169,0.1141,0.0
28,0.9972,0.0,0.0028,257.8,35.82,1.0,0.006,0.0078,0.0153,0.0357,0.2158,0.1738,1.2144,0.0,0.1268,0.124,-0.0006
29,0.997,0.0,0.003,267.55,36.84,1.0,0.0073,0.0099,0.0157,0.0363,0.2164,0.182,1.2048,0.0,0.1262,0.1232,-0.0008
30,0.9966,0.0,0.0034,283.44,40.54,1.0,0.0081,0.0121,0.0157,0.0368,0.2165,0.189,1.2663,0.0,0.1303,0.1272,-0.001
31,0.9962,0.0,0.0038,246.7,33.85,1.0,0.0061,0.0068,0.016,0.0357,0.2157,0.1682,1.186,0.0,0.1248,0.122,-0.001
32,0.9963,0.0,0.0037,253.07,36.87,1.0,0.0101,0.014,0.0159,0.0371,0.2164,0.2005,1.2231,0.0,0.1244,0.1213,-0.0009
33,0.9963,0.0,0.0037,273.44,38.66,1.0,0.0061,0.0094,0.0152,0.0361,0.216,0.1817,1.2931,0.0,0.1316,0.1287,0.0
34,0.996,0.0,0.004,307.59,43.72,1.0,0.0076,0.0092,0.0157,0.0362,0.217,0.18,1.3724,0.0,0.1404,0.1372,-0.0013
35,0.9961,0.0,0.0039,289.14,41.72,1.0,0.0078,0.0106,0.0155,0.0364,0.2176,0.1883,1.3481,0.0,0.1355,0.1323,-0.0011
36,0.9958,0.0,0.0042,262.12,36.67,1.0,0.007,0.0092,0.0162,0.0362,0.2158,0.1767,1.2429,0.0,0.1276,0.1246,-0.0013
37,0.9953,0.0,0.0047,312.97,45.3,1.0,0.0075,0.0103,0.0154,0.0358,0.2166,0.1819,1.265,0.0,0.1314,0.1284,-0.0017
38,0.9951,0.0,0.0049,273.46,38.75,1.0,0.0074,0.0135,0.0155,0.0369,0.217,0.1951,1.2995,0.0,0.1319,0.1287,0.0
39,0.9957,0.0,0.0043,294.22,42.24,1.0,0.008,0.0119,0.0157,0.0368,0.218,0.1935,1.372,0.0,0.1403,0.1371,-0.0004
40,0.9965,0.0,0.0035,261.46,36.69,1.0,0.0062,0.0087,0.0156,0.0359,0.2168,0.1767,1.2296,0.0,0.13,0.127,-0.0005
41,0.9968,0.0,0.0032,289.76,41.93,1.0,0.0063,0.0098,0.0155,0.0362,0.2155,0.1818,1.3301,0.0,0.1387,0.1355,-0.0005
42,0.9962,0.0,0.0038,270.32,39.15,1.0,0.0067,0.0085,0.0157,0.0362,0.2171,0.1757,1.3023,0.0,0.134,0.131,-0.001
43,0.9963,0.0,0.0037,293.55,41.95,1.0,0.0079,0.012,0.0154,0.037,0.2174,0.1931,1.2663,0.0,0.1303,0.1271,-0.0006
44,0.9962,0.0,0.0038,258.64,37.14,1.0,0.0062,0.0067,0.0157,0.0362,0.217,0.1731,1.2194,0.0,0.1265,0.1236,0.0
45,0.9962,0.0,0.0038,268.44,38.62,1.0,0.0069,0.0109,0.0157,0.0367,0.217,0.1888,1.258,0.0,0.1296,0.1265,-0.0004
46,0.9962,0.0,0.0038,265.55,37.02,1.0,0.0057,0.0084,0.0155,0.0364,0.2171,0.1805,1.2878,0.0,0.134,0.131,0.0
47,0.9966,0.0,0.0034,260.8,37.01,1.0,0.0067,0.0091,0.0154,0.0364,0.2181,0.1816,1.2088,0.0,0.1244,0.1215,0.0
48,0.997,0.0,0.003,278.69,39.58,1.0,0.005,0.006,0.0155,0.0359,0.2164,0.1686,1.2198,0.0,0.1265,0.1236,0.0
49,0.9975,0.0,0.0025,283.42,39.84,1.0,0.0059,0.006,0.0156,0.0358,0.2189,0.166,1.2486,0.0,0.128,0.125,-0.0011
50,0.9976,0.0,0.0024,300.72,43.27,1.0,0.0071,0.011,0.0156,0.0366,0.218,0.1855,1.3002,0.0,0.1324,0.1294,-0.0005
51,0.9975,0.0,0.0025,247.17,34.24,1.0,0.0079,0.0092,0.0159,0.0368,0.2174,0.1824,1.203,0.0,0.1255,0.1225,-0.0005
52,0.9975,0.0,0.0025,247.9,35.17,1.0,0.0061,0.0089,0.0157,0.0371,0.2194,0.1793,1.2817,0.0,0.1317,0.1287,0.0
53,0.9979,0.0,0.0021,275.47,38.24,1.0,0.0073,0.0099,0.016,0.0373,0.2192,0.1901,1.2961,0.0,0.133,0.1299,0.0
54,0.9985,0.0,0.0015,255.62,37.0,1.0,0.007,0.0113,0.0158,0.0375,0.219,0.1911,1.2341,0.0,0.1263,0.1233,-0.0003
55,0.9983,0.0,0.0017,251.84,34.92,1.0,0.0062,0.0056,0.0158,0.0368,0.219,0.1698,1.2297,0.0,0.1276,0.1247,-0.0007
56,0.9981,0.0,0.0019,279.08,40.24,1.0,0.0065,0.0086,0.0158,0.0369,0.2196,0.183,1.3163,0.0,0.134,0.1309,-0.0006
57,0.9979,0.0,0.0021,293.44,41.83,1.0,0.0063,0.0085,0.0158,0.0371,0.2191,0.1791,1.3407,0.0,0.1372,0.1341,-0.0004
58,0.9978,0.0,0.0022,273.7,39.7,1.0,0.0067,0.0079,0.0163,0.0375,0.2192,0.1763,1.233,0.0,0.1259,0.1229,-0.0006
59,0.9981,0.0,0.0019,281.03,39.33,1.0,0.0056,0.0066,0.0157,0.037,0.2192,0.1751,1.2579,0.0,0.1307,0.1276,0.0
60,0.9979,0.0,0.0021,305.94,43.39,1.0,0.0066,0.0063,0.0161,0.0368,0.2192,0.1673,1.3202,0.0,0.1341,0.131,-0.0017
61,0.9976,0.0,0.0024,248.55,35.37,1.0,0.0062,0.0098,0.0157,0.0371,0.2175,0.1858,1.2616,0.0,0.1302,0.1271,0.0
62,0.9971,0.0,0.0029,279.16,38.49,1.0,0.0064,0.0065,0.0157,0.0365,0.2203,0.1671,1.2685,0.0,0.1318,0.1288,-0.0013
63,0.9973,0.0,0.0027,263.46,37.72,1.0,0.0071,0.0107,0.016,0.0377,0.2202,0.1877,1.3098,0.0,0.1327,0.1294,0.0
64,0.9973,0.0,0.0027,276.71,40.21,1.0,0.0081,0.0123,0.0157,0.0376,0.2204,0.1922,1.292,0.0,0.1322,0.1289,-0.0011
65,0.9972,0.0,0.0028,284.56,40.96,1.0,0.005,0.0065,0.0156,0.0368,0.2208,0.1707,1.2974,0.0,0.1334,0.1303,0.0
66,0.9974,0.0,0.0026,266.84,37.91,1.0,0.0061,0.009,0.0157,0.0372,0.2214,0.182,1.3603,0.0,0.1375,0.1344,0.0
67,0.9974,0.0,0.0026,267.93,37.82,1.0,0.0052,0.0056,0.0156,0.0367,0.2191,0.1651,1.308,0.0,0.1366,0.1336,-0.0006
68,0.9979,0.0,0.0021,261.38,36.33,1.0,0.0053,0.005,0.0159,0.0366,0.2211,0.1678,1.3053,0.0,0.1356,0.1325,-0.0004
69,0.9976,0.0,0.0024,267.98,37.92,1.0,0.0077,0.0099,0.016,0.0371,0.2202,0.1847,1.2813,0.0,0.1316,0.1285,-0.0015
70,0.9969,0.0,0.0031,264.66,37.09,1.0,0.0071,0.0115,0.0159,0.0373,0.2208,0.1884,1.3013,0.0,0.1331,0.1299,-0.0005
71,0.9975,0.0,0.0025,280.8,41.08,1.0,0.006,0.0083,0.0158,0.0371,0.2192,0.1821,1.2807,0.0,0.1298,0.1268,0.0
72,0.9979,0.0,0.0021,268.19,37.74,1.0,0.0081,0.0117,0.016,0.0376,0.2206,0.1896,1.2327,0.0,0.1265,0.1234,-0.0009
73,0.9982,0.0,0.0018,274.29,39.02,1.0,0.0067,0.0097,0.0158,0.0373,0.2212,0.1856,1.2755,0.0,0.1315,0.1284,0.0
74,0.9983,0.0,0.0017,281.97,40.69,1.0,0.0075,0.0096,0.0164,0.0375,0.221,0.1883,1.2645,0.0,0.1301,0.1269,-0.0007
75,0.9982,0.0,0.0018,285.29,41.0,1.0,0.0069,0.0089,0.0157,0.0374,0.2209,0.1841,1.3382,0.0,0.136,0.1329,0.0
76,0.9983,0.0,0.0017,304.7,43.81,1.0,0.0058,0.0072,0.0159,0.0369,0.2212,0.1782,1.323,0.0,0.1348,0.1316,0.0
77,0.9983,0.0,0.0017,269.42,38.86,1.0,0.0072,0.0123,0.0157,0.0376,0.2204,0.1988,1.3229,0.0,0.1325,0.1292,0.0
78,0.9985,0.0,0.0015,290.25,42.11,1.0,0.0062,0.0094,0.0158,0.0369,0.2203,0.1851,1.364,0.0,0.1372,0.1339,0.0
79,0.9983,0.0,0.0017,288.16,42.47,1.0,0.0068,0.009,0.0156,0.0368,0.2206,0.1839,1.2793,0.0,0.1292,0.1261,-0.0004
80,0.9982,0.0,0.0018,268.86,38.03,1.0,0.0092,0.0152,0.0161,0.0383,0.2204,0.2066,1.3054,0.0,0.1325,0.1292,-0.0007
81,0.9981,0.0,0.0019,307.62,45.22,1.0,0.0092,0.0142,0.0155,0.0378,0.2226,0.2043,1.3408,0.0,0.1351,0.1317,-0.0007
82,0.9979,0.0,0.0021,282.9,40.56,1.0,0.0067,0.0074,0.0156,0.0367,0.2214,0.1741,1.2964,0.0,0.1317,0.1285,-0.0013
83,0.9974,0.0,0.0026,252.78,36.75,1.0,0.0083,0.0119,0.0163,0.0377,0.2212,0.1913,1.277,0.0,0.128,0.1248,-0.0015
84,0.9967,0.0,0.0033,304.9,43.95,1.0,0.0065,0.0099,0.0157,0.0369,0.2224,0.1837,1.2739,0.0,0.1295,0.1263,-0.0007
85,0.9965,0.0,0.0035,266.89,37.53,1.0,0.0071,0.0078,0.0157,0.0367,0.2205,0.1788,1.2955,0.0,0.1309,0.1277,-0.0008
86,0.9964,0.0,0.0036,260.53,37.56,1.0,0.0076,0.0124,0.016,0.0372,0.2232,0.1938,1.3337,0.0,0.1318,0.1284,-0.0007
87,0.9968,0.0,0.0032,311.41,45.31,1.0,0.0068,0.0118,0.0155,0.0371,0.2207,0.196,1.3375,0.0,0.1328,0.1295,0.0
88,0.997,0.0,0.003,288.82,42.13,1.0,0.006,0.0084,0.0153,0.037,0.2217,0.1784,1.2618,0.0,0.1286,0.1254,0.0
89,0.9974,0.0,0.0026,286.1,41.83,1.0,0.0066,0.0109,0.0159,0.0369,0.2228,0.1949,1.2695,0.0,0.1285,0.1253,0.0
90,0.9977,0.0,0.0023,308.01,45.02,1.0,0.009,0.0129,0.016,0.0375,0.2233,0.1961,1.3288,0.0,0.1328,0.1294,-0.002
91,0.9976,0.0,0.0024,291.36,42.7,1.0,0.0052,0.0054,0.0157,0.0364,0.2221,0.1691,1.3183,0.0,0.1329,0.1298,-0.0004
92,0.9976,0.0,0.0024,278.95,40.15,1.0,0.0074,0.0123,0.0163,0.0379,0.2224,0.1958,1.2953,0.0,0.1307,0.1274,0.0
93,0.9978,0.0,0.0022,283.53,41.17,1.0,0.0079,0.011,0.0161,0.0377,0.2224,0.1876,1.2918,0.0,0.131,0.1277,-0.0011
94,0.9975,0.0,0.0025,298.83,43.48,1.0,0.0059,0.0073,0.0158,0.0367,0.2232,0.1741,1.3602,0.0,0.1374,0.1342,-0.0006
95,0.9976,0.0,0.0024,301.8,44.67,1.0,0.008,0.0132,0.0158,0.0376,0.2206,0.1956,1.3704,0.0,0.1375,0.1341,-0.0005
96,0.9974,0.0,0.0026,278.83,41.15,1.0,0.0072,0.0082,0.0157,0.0364,0.2204,0.1789,1.2469,0.0,0.1255,0.1225,-0.0015
97,0.9968,0.0,0.0032,291.42,41.91,1.0,0.0055,0.0058,0.0157,0.0362,0.2221,0.1665,1.3188,0.0,0.1344,0.1314,-0.0007
98,0.9964,0.0,0.0036,298.58,43.33,1.0,0.0065,0.0097,0.0155,0.0367,0.2224,0.1832,1.3277,0.0,0.1331,0.13,-0.0007
99,0.9967,0.0,0.0033,292.74,42.95,1.0,0.008,0.0107,0.0158,0.037,0.2206,0.187,1.2966,0.0,0.1294,0.1262,-0.001
100,0.9967,0.0,0.0033,264.35,38.75,1.0,0.0073,0.0092,0.0158,0.0367,0.2223,0.1796,1.2537,0.0,0.1261,0.123,-0.0011
101,0.9963,0.0,0.0037,288.57,42.4,1.0,0.0063,0.0097,0.0157,0.0371,0.2239,0.1848,1.3056,0.0,0.1301,0.127,0.0
102,0.9964,0.0,0.0036,277.24,39.41,1.0,0.0071,0.0116,0.0157,0.0371,0.223,0.1871,1.3372,0.0,0.1341,0.1309,-0.0007
103,0.9963,0.0,0.0037,238.41,33.88,1.0,0.0055,0.0082,0.0156,0.0367,0.2209,0.177,1.2846,0.0,0.1309,0.1279,0.0
104,0.9964,0.0,0.0036,256.23,36.57,1.0,0.0071,0.0104,0.0157,0.0371,0.2208,0.1893,1.2629,0.0,0.128,0.1248,-0.0006
105,0.9963,0.0,0.0037,266.8,38.17,1.0,0.0067,0.0112,0.0158,0.037,0.2218,0.1892,1.2926,0.0,0.1303,0.1271,0.0
106,0.9963,0.0,0.0037,266.7,38.29,1.0,0.0069,0.0098,0.016,0.0368,0.223,0.1824,1.3184,0.0,0.1325,0.1294,-0.0009
107,0.9959,0.0,0.0041,260.53,38.16,1.0,0.0054,0.0049,0.016,0.0361,0.2215,0.161,1.3305,0.0,0.1313,0.1283,-0.0013
108,0.9959,0.0,0.0041,286.56,41.59,1.0,0.0076,0.0109,0.0161,0.0372,0.2229,0.1899,1.3187,0.0,0.1315,0.1283,-0.0004
109,0.9961,0.0,0.0039,288.59,43.08,1.0,0.0053,0.007,0.0158,0.0366,0.2211,0.1721,1.3472,0.0,0.1349,0.1318,0.0
110,0.9964,0.0,0.0036,267.14,39.2,1.0,0.0083,0.0133,0.016,0.0373,0.2216,0.1977,1.3769,0.0,0.1358,0.1325,-0.0007
111,0.9964,0.0,0.0036,282.04,41.96,1.0,0.0091,0.015,0.0164,0.0375,0.2211,0.1994,1.3011,0.0,0.1306,0.1273,-0.001
112,0.9964,0.0,0.0036,266.24,38.44,1.0,0.0067,0.0098,0.016,0.037,0.2208,0.1824,1.3204,0.0,0.1335,0.1303,-0.0005
113,0.9963,0.0,0.0037,281.25,40.59,1.0,0.0087,0.0146,0.0162,0.0376,0.2208,0.1998,1.3254,0.0,0.1333,0.13,-0.001
114,0.9963,0.0,0.0037,270.09,38.3,1.0,0.0054,0.0076,0.016,0.0366,0.2221,0.177,1.2613,0.0,0.129,0.1259,0.0
115,0.9961,0.0,0.0039,272.7,39.39,1.0,0.005,0.0046,0.0159,0.0361,0.2212,0.1619,1.3216,0.0,0.1319,0.129,-0.0006
116,0.9962,0.0,0.0038,312.74,45.76,1.0,0.0071,0.0097,0.0159,0.0371,0.2217,0.1906,1.314,0.0,0.1319,0.1288,-0.0008
117,0.9962,0.0,0.0038,258.96,38.34,1.0,0.0065,0.009,0.0159,0.0365,0.2211,0.1733,1.2802,0.0,0.1277,0.1247,-0.0013
118,0.9963,0.0,0.0037,289.7,43.06,1.0,0.0074,0.0103,0.0162,0.0369,0.2218,0.1869,1.3019,0.0,0.1314,0.1283,-0.0013
119,0.9962,0.0,0.0038,270.71,38.51,1.0,0.0083,0.0107,0.0166,0.0374,0.2205,0.1874,1.2752,0.0,0.1274,0.1243,-0.0013
120,0.9961,0.0,0.0039,263.35,38.16,1.0,0.0078,0.0113,0.0161,0.0373,0.22,0.1868,1.2719,0.0,0.1285,0.1254,-0.0012
121,0.9958,0.0,0.0042,286.44,43.04,1.0,0.0071,0.0114,0.0157,0.0375,0.2208,0.1927,1.3373,0.0,0.1328,0.1295,0.0
122,0.9957,0.0,0.0043,271.28,40.09,1.0,0.0092,0.0141,0.0162,0.0374,0.2207,0.196,1.319,0.0,0.1294,0.1262,-0.0011
123,0.996,0.0,0.004,262.51,38.66,1.0,0.0059,0.0074,0.016,0.0369,0.2206,0.1736,1.2371,0.0,0.1239,0.1209,0.0
124,0.9961,0.0,0.0039,298.8,43.74,1.0,0.0097,0.0149,0.0166,0.038,0.2219,0.1979,1.3634,0.0,0.1348,0.1314,-0.0021
125,0.9964,0.0,0.0036,270.21,39.1,1.0,0.0068,0.009,0.016,0.0369,0.2209,0.1804,1.2955,0.0,0.1292,0.1261,-0.001
126,0.9961,0.0,0.0039,299.07,43.12,1.0,0.0057,0.0065,0.0163,0.0367,0.2202,0.1756,1.3842,0.0,0.1385,0.1353,0.0
127,0.9963,0.0,0.0037,297.95,43.95,1.0,0.0059,0.0085,0.0159,0.0368,0.221,0.1817,1.3733,0.0,0.1364,0.1332,0.0
128,0.9964,0.0,0.0036,299.58,44.09,1.0,0.0074,0.0104,0.0159,0.0373,0.2217,0.1891,1.3414,0.0,0.1312,0.128,-0.0006
129,0.9968,0.0,0.0032,262.81,38.8,1.0,0.008,0.0142,0.0161,0.0377,0.2206,0.2003,1.3318,0.0,0.1309,0.1276,-0.0005
130,0.9968,0.0,0.0032,276.01,40.23,1.0,0.0057,0.0073,0.0161,0.0368,0.222,0.1807,1.3463,0.0,0.1347,0.1316,0.0
131,0.9968,0.0,0.0032,274.62,40.16,1.0,0.0066,0.0098,0.0162,0.037,0.2215,0.1838,1.2603,0.0,0.1255,0.1224,-0.0007
132,0.9968,0.0,0.0032,273.87,40.54,1.0,0.0054,0.0079,0.0162,0.0366,0.2215,0.1787,1.3078,0.0,0.1293,0.1263,0.0
133,0.997,0.0,0.003,298.49,44.54,1.0,0.0067,0.0113,0.0157,0.0369,0.2218,0.1911,1.314,0.0,0.1316,0.1285,0.0
134,0.9971,0.0,0.0029,259.92,37.32,1.0,0.0055,0.0075,0.0161,0.0364,0.2224,0.173,1.3128,0.0,0.1306,0.1275,-0.0003
135,0.9971,0.0,0.0029,275.97,40.39,1.0,0.008,0.0108,0.0164,0.0371,0.2202,0.182,1.287,0.0,0.1269,0.1238,-0.0019
136,0.997,0.0,0.003,268.17,39.34,1.0,0.007,0.01,0.0163,0.0367,0.2213,0.1815,1.3868,0.0,0.1353,0.132,-0.0011
137,0.9964,0.0,0.0036,266.08,38.58,1.0,0.0064,0.0087,0.0166,0.0363,0.2207,0.1823,1.2855,0.0,0.1278,0.1248,-0.0008
138,0.9963,0.0,0.0037,245.31,35.11,1.0,0.0086,0.016,0.0165,0.0374,0.2208,0.2062,1.2982,0.0,0.1296,0.1264,-0.0004
139,0.9964,0.0,0.0036,285.81,42.0,1.0,0.0071,0.0096,0.0165,0.0363,0.2212,0.1859,1.3911,0.0,0.1381,0.1349,-0.0006
140,0.996,0.0,0.004,290.7,43.21,1.0,0.008,0.0099,0.0165,0.0366,0.2195,0.1837,1.3171,0.0,0.1296,0.1265,-0.0019
141,0.9956,0.0,0.0044,275.48,41.14,1.0,0.0086,0.016,0.0162,0.0377,0.22,0.2118,1.3347,0.0,0.1309,0.1276,0.0
142,0.9962,0.0,0.0038,272.89,40.33,1.0,0.006,0.0092,0.0163,0.0364,0.2209,0.1829,1.3415,0.0,0.1324,0.1293,0.0
143,0.9969,0.0,0.0031,269.97,39.63,1.0,0.0083,0.0142,0.0161,0.0373,0.2202,0.2043,1.3787,0.0,0.1344,0.131,0.0
144,0.9973,0.0,0.0027,287.11,41.7,1.0,0.0067,0.0103,0.0162,0.0363,0.2211,0.1872,1.2952,0.0,0.1296,0.1266,-0.0005
145,0.9967,0.0,0.0033,278.85,41.27,1.0,0.0083,0.0119,0.0168,0.0366,0.2203,0.1877,1.3794,0.0,0.1343,0.131,-0.002
146,0.9968,0.0,0.0032,286.71,41.85,1.0,0.0059,0.0081,0.0167,0.0363,0.222,0.1803,1.3778,0.0,0.1364,0.1332,0.0
147,0.9978,0.0,0.0022,274.18,40.64,1.0,0.0078,0.0137,0.0166,0.0374,0.2206,0.2046,1.248,0.0,0.1237,0.1205,0.0
148,0.9979,0.0,0.0021,275.02,40.82,1.0,0.0055,0.0071,0.0165,0.0362,0.2209,0.1728,1.3764,0.0,0.1353,0.132,-0.0005
149,0.9976,0.0,0.0024,262.4,38.73,1.0,0.007,0.011,0.0165,0.0367,0.2206,0.1906,1.2909,0.0,0.1286,0.1255,-0.0005
150,0.9978,0.0,0.0022,271.16,40.06,1.0,0.0059,0.008,0.0166,0.0363,0.2206,0.1832,1.2967,0.0,0.1264,0.1233,0.0
151,0.9977,0.0,0.0023,272.6,40.22,1.0,0.0058,0.0068,0.0166,0.0359,0.2223,0.1687,1.3202,0.0,0.1298,0.1267,-0.001
152,0.9976,0.0,0.0024,240.91,33.99,1.0,0.0073,0.0117,0.0166,0.0369,0.2212,0.1947,1.2552,0.0,0.1275,0.1244,0.0
153,0.9973,0.0,0.0027,266.27,39.94,1.0,0.0061,0.0067,0.0166,0.0357,0.2195,0.1689,1.3323,0.0,0.1313,0.1283,-0.0014
154,0.9974,0.0,0.0026,293.77,43.59,1.0,0.0069,0.0101,0.0166,0.0364,0.2213,0.1885,1.419,0.0,0.1385,0.1352,-0.0004
155,0.9975,0.0,0.0025,265.62,39.04,1.0,0.0072,0.0124,0.0166,0.0366,0.2217,0.1961,1.3789,0.0,0.1338,0.1305,-0.0004
156,0.9973,0.0,0.0027,286.7,42.51,1.0,0.0064,0.007,0.0172,0.0357,0.2218,0.1741,1.3148,0.0,0.1295,0.1265,-0.001
157,0.9973,0.0,0.0027,281.19,42.15,1.0,0.0071,0.0144,0.0164,0.0366,0.2217,0.2005,1.3077,0.0,0.127,0.1238,0.0
158,0.9973,0.0,0.0027,268.98,39.78,1.0,0.0061,0.0098,0.0165,0.0363,0.2203,0.1865,1.3071,0.0,0.1316,0.1284,0.0
159,0.9972,0.0,0.0028,300.64,44.72,1.0,0.0067,0.0083,0.0167,0.0359,0.2213,0.1786,1.304,0.0,0.129,0.126,-0.0012
160,0.9968,0.0,0.0032,291.85,43.27,1.0,0.0088,0.0143,0.017,0.0369,0.22,0.1987,1.3209,0.0,0.13,0.1268,-0.0019
161,0.9967,0.0,0.0033,270.29,39.63,1.0,0.0074,0.0122,0.0169,0.0368,0.2206,0.1977,1.2717,0.0,0.1266,0.1234,0.0
162,0.997,0.0,0.003,257.8,38.1,1.0,0.0061,0.0097,0.0165,0.0365,0.2219,0.185,1.3141,0.0,0.1282,0.125,0.0
163,0.9969,0.0,0.0031,288.96,42.66,1.0,0.0052,0.004,0.0166,0.0355,0.2218,0.1621,1.3308,0.0,0.1323,0.1293,-0.0008
164,0.9967,0.0,0.0033,258.86,38.17,1.0,0.0054,0.0055,0.0165,0.0355,0.2201,0.168,1.3525,0.0,0.1315,0.1285,-0.0006
165,0.9966,0.0,0.0034,271.23,39.92,1.0,0.0078,0.0112,0.0166,0.0365,0.2204,0.1905,1.2739,0.0,0.1264,0.1233,0.0
166,0.9968,0.0,0.0032,287.57,42.93,1.0,0.0064,0.0084,0.0167,0.0361,0.2198,0.1833,1.311,0.0,0.1308,0.1276,-0.0004
167,0.9966,0.0,0.0034,257.72,38.27,1.0,0.0064,0.0086,0.0165,0.0358,0.2195,0.1845,1.2849,0.0,0.127,0.1238,-0.0003
168,0.9968,0.0,0.0032,255.45,38.89,1.0,0.0075,0.0145,0.0165,0.0361,0.2189,0.203,1.238,0.0,0.1206,0.1174,-0.0004
169,0.9975,0.0,0.0025,276.91,41.67,1.0,0.0054,0.0065,0.0166,0.0355,0.2196,0.1753,1.3204,0.0,0.1296,0.1265,0.0
170,0.9985,0.0,0.0015,284.9,42.85,1.0,0.0071,0.0122,0.0167,0.0362,0.2195,0.1975,1.3731,0.0,0.132,0.1287,0.0
171,0.9987,0.0,0.0013,288.0,43.46,1.0,0.0064,0.0113,0.0165,0.036,0.22,0.1922,1.3745,0.0,0.1335,0.1303,0.0
172,0.9987,0.0,0.0013,273.56,40.4,1.0,0.006,0.0091,0.0168,0.0356,0.2193,0.1821,1.3482,0.0,0.1306,0.1275,-0.0004
173,0.9988,0.0,0.0012,250.25,37.95,1.0,0.0064,0.0103,0.0166,0.0361,0.2211,0.1892,1.3567,0.0,0.1313,0.1281,0.0
174,0.9986,0.0,0.0014,269.8,41.05,1.0,0.0074,0.0104,0.0166,0.0362,0.2204,0.1931,1.3436,0.0,0.1298,0.1266,-0.0005
175,0.9987,0.0,0.0013,252.3,38.05,1.0,0.007,0.011,0.0165,0.0356,0.2194,0.1927,1.3419,0.0,0.1283,0.1251,-0.0005
176,0.9985,0.0,0.0015,283.57,42.56,1.0,0.0074,0.0127,0.0165,0.0363,0.2202,0.2017,1.4482,0.0,0.1388,0.1353,0.0
177,0.9984,0.0,0.0016,261.0,39.36,1.0,0.008,0.0116,0.0167,0.0362,0.2196,0.1933,1.3196,0.0,0.1283,0.1249,-0.0012
178,0.9979,0.0,0.0021,279.66,41.69,1.0,0.0093,0.0161,0.0168,0.0363,0.2208,0.2083,1.3286,0.0,0.1291,0.1258,-0.0015
179,0.9976,0.0,0.0024,290.28,44.12,1.0,0.0092,0.0153,0.017,0.0369,0.2191,0.2095,1.313,0.0,0.1273,0.124,0.0
180,0.9978,0.0,0.0022,266.5,39.89,1.0,0.0095,0.0186,0.0163,0.0371,0.2215,0.2219,1.2837,0.0,0.1247,0.1213,0.0
181,0.9976,0.0,0.0024,292.8,45.83,1.0,0.0112,0.0182,0.017,0.0366,0.2198,0.2114,1.3504,0.0,0.1284,0.1249,-0.0031
182,0.9973,0.0,0.0027,284.15,43.38,1.0,0.0057,0.0081,0.0166,0.0353,0.2192,0.1785,1.3592,0.0,0.1324,0.1293,-0.0004
183,0.9973,0.0,0.0027,261.04,38.49,1.0,0.0066,0.0082,0.0167,0.0351,0.2196,0.179,1.3371,0.0,0.1315,0.1284,-0.001
184,0.9971,0.0,0.0029,256.57,38.11,1.0,0.0069,0.0109,0.0171,0.0357,0.2194,0.1907,1.3102,0.0,0.1271,0.1239,-0.0005
185,0.9977,0.0,0.0023,269.22,40.16,1.0,0.0059,0.0091,0.0165,0.0353,0.2183,0.1855,1.3703,0.0,0.132,0.1287,0.0
186,0.9977,0.0,0.0023,279.23,42.85,1.0,0.0083,0.0143,0.0166,0.0357,0.2186,0.2054,1.3791,0.0,0.1316,0.1283,-0.001
187,0.9974,0.0,0.0026,283.25,42.21,1.0,0.0062,0.0084,0.0164,0.0351,0.2192,0.1861,1.3982,0.0,0.1326,0.1292,-0.0005
188,0.9973,0.0,0.0027,259.86,38.18,1.0,0.0054,0.0077,0.0166,0.0349,0.2204,0.1827,1.3666,0.0,0.1321,0.1289,0.0
189,0.9973,0.0,0.0027,263.38,38.9,1.0,0.0071,0.0125,0.0167,0.0354,0.2184,0.1962,1.2985,0.0,0.1249,0.1217,-0.0006
190,0.9968,0.0,0.0032,282.84,43.18,1.0,0.0068,0.0087,0.0168,0.0354,0.2188,0.1858,1.3905,0.0,0.1339,0.1306,-0.0006
191,0.9969,0.0,0.0031,293.36,43.84,1.0,0.0075,0.0106,0.0167,0.0353,0.2192,0.1913,1.3813,0.0,0.1325,0.1292,-0.0007
192,0.9967,0.0,0.0033,261.93,40.14,1.0,0.0102,0.0149,0.0172,0.0363,0.2196,0.208,1.3056,0.0,0.1254,0.1221,-0.0021
193,0.9967,0.0,0.0033,281.75,42.75,1.0,0.0079,0.0164,0.0168,0.0361,0.2194,0.2137,1.3513,0.0,0.1299,0.1264,0.0
194,0.9968,0.0,0.0032,288.56,42.92,1.0,0.009,0.0141,0.0167,0.0357,0.218,0.2051,1.405,0.0,0.1344,0.131,-0.0014
195,0.9963,0.0,0.0037,282.72,43.06,1.0,0.0077,0.0107,0.0165,0.0352,0.2199,0.1925,1.3343,0.0,0.1285,0.1252,-0.0011
196,0.9961,0.0,0.0039,280.71,43.19,1.0,0.0071,0.013,0.0165,0.0354,0.219,0.1989,1.3388,0.0,0.1289,0.1256,0.0
197,0.9959,0.0,0.0041,305.6,47.51,1.0,0.007,0.012,0.0168,0.035,0.2178,0.1984,1.4225,0.0,0.1349,0.1314,-0.0004
198,0.9957,0.0,0.0043,291.52,44.59,1.0,0.0085,0.014,0.0168,0.0354,0.2189,0.2018,1.3492,0.0,0.1293,0.126,-0.0013
199,0.9956,0.0,0.0044,270.11,40.81,1.0,0.0063,0.0088,0.0166,0.0348,0.2166,0.1832,1.3329,0.0,0.1284,0.1252,-0.0006
200,0.996,0.0,0.004,264.36,40.0,1.0,0.0077,0.0109,0.0173,0.0352,0.2184,0.1931,1.3614,0.0,0.1303,0.1269,-0.0011
201,0.9952,0.0,0.0048,299.16,45.31,1.0,0.0078,0.0115,0.017,0.0355,0.2179,0.1911,1.415,0.0,0.1347,0.1314,-0.0011
202,0.9955,0.0,0.0045,281.27,42.46,1.0,0.0065,0.0111,0.0165,0.0351,0.2179,0.1933,1.4031,0.0,0.1344,0.1311,0.0
203,0.9953,0.0,0.0047,294.49,44.71,1.0,0.009,0.0156,0.0169,0.0355,0.2176,0.2041,1.3278,0.0,0.1277,0.1244,-0.0013
204,0.9955,0.0,0.0045,269.09,40.07,1.0,0.0079,0.0117,0.0171,0.0352,0.2179,0.1921,1.3777,0.0,0.1323,0.129,-0.0012
205,0.9955,0.0,0.0045,274.35,41.44,1.0,0.0071,0.0101,0.0169,0.0351,0.2179,0.1923,1.3891,0.0,0.1323,0.1291,0.0
206,0.995,0.0,0.005,275.13,41.88,1.0,0.0073,0.0085,0.0171,0.0342,0.2172,0.1803,1.3209,0.0,0.1276,0.1245,-0.0021
207,0.995,0.0,0.005,271.9,41.71,1.0,0.0056,0.0073,0.0167,0.0342,0.2175,0.174,1.3389,0.0,0.1299,0.1268,-0.0006
208,0.9947,0.0,0.0053,259.34,39.4,1.0,0.0057,0.0073,0.0171,0.0342,0.218,0.1789,1.3985,0.0,0.1331,0.1299,-0.0008
209,0.9949,0.0,0.0051,289.9,44.58,1.0,0.0056,0.0087,0.0167,0.0343,0.2172,0.1832,1.4112,0.0,0.134,0.1307,0.0
210,0.995,0.0,0.005,291.05,44.31,1.0,0.0069,0.0092,0.0168,0.0349,0.2164,0.1877,1.4024,0.0,0.1345,0.1311,-0.0005
211,0.9948,0.0,0.0052,273.67,41.66,1.0,0.0086,0.0142,0.0169,0.0354,0.217,0.2025,1.3502,0.0,0.1281,0.1247,-0.0014
212,0.9945,0.0,0.0055,264.77,40.35,1.0,0.0084,0.0147,0.0166,0.0352,0.2175,0.2068,1.3847,0.0,0.1308,0.1274,-0.0007
213,0.9947,0.0,0.0053,292.86,45.44,1.0,0.006,0.0083,0.0169,0.0343,0.217,0.1842,1.4158,0.0,0.1331,0.1298,-0.0004
214,0.9951,0.0,0.0049,277.65,41.54,1.0,0.0079,0.0155,0.0167,0.0355,0.2173,0.21,1.4013,0.0,0.1324,0.1289,0.0
215,0.9954,0.0,0.0046,279.25,43.07,1.0,0.0059,0.0095,0.0169,0.0345,0.2159,0.1869,1.3536,0.0,0.1307,0.1275,0.0
216,0.9955,0.0,0.0045,277.11,41.48,1.0,0.0099,0.0135,0.0172,0.0349,0.2166,0.2017,1.3056,0.0,0.1247,0.1215,-0.0027
217,0.995,0.0,0.005,296.44,45.22,1.0,0.0079,0.0143,0.0168,0.0349,0.2154,0.2069,1.4149,0.0,0.133,0.1295,-0.0005
218,0.9954,0.0,0.0046,274.77,41.96,1.0,0.0063,0.0099,0.0168,0.0343,0.2178,0.1868,1.347,0.0,0.1274,0.1242,-0.0005
219,0.9954,0.0,0.0046,307.36,46.55,1.0,0.0055,0.0055,0.0168,0.0336,0.2168,0.1723,1.4997,0.0,0.1425,0.1391,-0.0007
220,0.9952,0.0,0.0048,294.28,45.42,1.0,0.0072,0.0104,0.0168,0.0343,0.2166,0.1909,1.4172,0.0,0.1334,0.13,-0.0009
221,0.9955,0.0,0.0045,301.83,46.15,1.0,0.0076,0.0136,0.0171,0.0345,0.2168,0.2038,1.3375,0.0,0.128,0.1247,-0.0006
222,0.9956,0.0,0.0044,273.39,41.38,1.0,0.0073,0.0107,0.017,0.0344,0.2166,0.1875,1.4104,0.0,0.1336,0.1303,-0.0011
223,0.996,0.0,0.004,263.19,41.55,1.0,0.0064,0.0084,0.0171,0.0341,0.2152,0.1843,1.3419,0.0,0.126,0.1227,-0.0005
224,0.9958,0.0,0.0042,301.09,46.77,1.0,0.0062,0.0047,0.0171,0.0333,0.2168,0.1678,1.5017,0.0,0.1404,0.1371,-0.002
225,0.9956,0.0,0.0044,260.05,40.45,1.0,0.0072,0.0127,0.0169,0.0345,0.2157,0.204,1.3038,0.0,0.1229,0.1196,0.0
226,0.9954,0.0,0.0046,280.49,43.0,1.0,0.0074,0.0105,0.0169,0.0339,0.2152,0.1932,1.3158,0.0,0.1255,0.1223,-0.0011
227,0.9957,0.0,0.0043,280.54,43.63,1.0,0.0064,0.009,0.0169,0.0338,0.2159,0.1901,1.3864,0.0,0.1306,0.1273,0.0
228,0.996,0.0,0.004,275.24,41.93,1.0,0.0059,0.0093,0.0166,0.0336,0.2132,0.1869,1.3511,0.0,0.1286,0.1254,0.0
229,0.9962,0.0,0.0038,276.14,42.42,1.0,0.0086,0.0147,0.0167,0.0345,0.2132,0.2062,1.408,0.0,0.1324,0.1288,-0.0009
230,0.9961,0.0,0.0039,285.03,44.5,1.0,0.0077,0.0105,0.0171,0.0344,0.2143,0.191,1.469,0.0,0.1372,0.1337,-0.001
231,0.9961,0.0,0.0039,272.71,43.03,1.0,0.0081,0.0117,0.0169,0.0339,0.2131,0.1941,1.3199,0.0,0.1222,0.1188,-0.0015
232,0.9961,0.0,0.0039,310.54,48.43,1.0,0.0102,0.0197,0.0169,0.0352,0.212,0.2296,1.4698,0.0,0.1363,0.1325,-0.0008
233,0.9961,0.0,0.0039,281.34,43.77,1.0,0.0091,0.0152,0.0171,0.0342,0.2139,0.2067,1.4327,0.0,0.1337,0.1302,-0.0009
234,0.996,0.0,0.004,276.45,43.54,1.0,0.01,0.0187,0.0175,0.0349,0.2112,0.2198,1.4303,0.0,0.1317,0.128,-0.0012
235,0.9959,0.0,0.0041,271.71,42.29,1.0,0.0091,0.0164,0.0172,0.0343,0.2138,0.2085,1.3385,0.0,0.1259,0.1225,-0.0016
236,0.9964,0.0,0.0036,291.83,46.91,1.0,0.0056,0.0088,0.0167,0.0332,0.2128,0.181,1.4737,0.0,0.1354,0.132,0.0
237,0.996,0.0,0.004,286.95,43.48,1.0,0.0064,0.0067,0.017,0.033,0.213,0.1691,1.4436,0.0,0.1347,0.1315,-0.0019
238,0.996,0.0,0.004,290.37,45.37,1.0,0.0088,0.0128,0.017,0.0336,0.2129,0.1973,1.451,0.0,0.1335,0.13,-0.0019
239,0.9957,0.0,0.0043,269.61,42.17,1.0,0.0066,0.0082,0.017,0.033,0.2133,0.1783,1.405,0.0,0.1319,0.1286,-0.0011
240,0.9959,0.0,0.0041,271.1,41.76,1.0,0.0062,0.009,0.0172,0.0329,0.2124,0.1807,1.378,0.0,0.1279,0.1247,-0.0009
241,0.996,0.0,0.004,286.13,44.48,1.0,0.0074,0.0134,0.0171,0.0337,0.2119,0.2006,1.3637,0.0,0.1276,0.1242,-0.0004
242,0.9961,0.0,0.0039,282.39,42.97,1.0,0.007,0.0092,0.0173,0.0333,0.2116,0.1851,1.4767,0.0,0.1384,0.1349,-0.0009
243,0.9962,0.0,0.0038,257.73,40.26,1.0,0.0081,0.0128,0.0173,0.0331,0.2121,0.1945,1.4273,0.0,0.1318,0.1284,-0.0016
244,0.9956,0.0,0.0044,269.07,41.88,1.0,0.0107,0.0205,0.0168,0.0343,0.2104,0.2286,1.3841,0.0,0.1288,0.1252,-0.0014
245,0.9951,0.0,0.0049,297.6,46.88,1.0,0.0073,0.0118,0.0174,0.0334,0.2109,0.1929,1.4917,0.0,0.137,0.1336,-0.0011
246,0.9952,0.0,0.0048,278.42,43.48,1.0,0.0063,0.0103,0.0173,0.0333,0.2101,0.1927,1.3789,0.0,0.1264,0.123,0.0
247,0.9957,0.0,0.0043,264.33,40.98,1.0,0.0071,0.0102,0.0172,0.0332,0.2104,0.1914,1.4393,0.0,0.1329,0.1295,-0.0006
248,0.9962,0.0,0.0038,291.59,44.97,1.0,0.0095,0.0184,0.0172,0.0344,0.2121,0.219,1.4228,0.0,0.1318,0.1282,-0.0006
249,0.996,0.0,0.004,263.64,41.51,1.0,0.0069,0.0099,0.0172,0.0334,0.2117,0.1869,1.4235,0.0,0.1308,0.1275,-0.0008
250,0.9958,0.0,0.0042,309.25,49.18,1.0,0.0061,0.0104,0.0172,0.0328,0.2119,0.1887,1.5167,0.0,0.1381,0.1346,0.0
251,0.9959,0.0,0.0041,254.59,39.25,1.0,0.0071,0.0108,0.0173,0.0331,0.2118,0.1934,1.3469,0.0,0.1251,0.1218,-0.0005
252,0.9953,0.0,0.0047,297.93,47.43,1.0,0.01,0.0176,0.0175,0.0344,0.2122,0.2095,1.3634,0.0,0.1264,0.1229,-0.0017
253,0.995,0.0,0.005,269.38,42.65,1.0,0.008,0.0129,0.0174,0.0331,0.2111,0.1968,1.4634,0.0,0.1336,0.1301,-0.0011
254,0.9951,0.0,0.0049,275.53,42.65,1.0,0.0108,0.0167,0.0174,0.0335,0.2108,0.2016,1.3682,0.0,0.1267,0.1234,-0.0035
255,0.9944,0.0,0.0056,295.63,46.08,1.0,0.0111,0.0166,0.0182,0.0341,0.2123,0.2059,1.5279,0.0,0.1383,0.1346,-0.0027
256,0.9937,0.0,0.0063,288.3,44.92,1.0,0.0096,0.0155,0.0179,0.0336,0.2108,0.2092,1.3709,0.0,0.1273,0.124,-0.0019
257,0.9938,0.0,0.0062,267.15,42.14,1.0,0.0065,0.0101,0.0178,0.0328,0.2112,0.1896,1.4321,0.0,0.1312,0.1277,-0.0004
258,0.9941,0.0,0.0059,304.21,47.08,1.0,0.007,0.0107,0.0177,0.0331,0.212,0.1906,1.4512,0.0,0.1342,0.1307,-0.0003
259,0.9942,0.0,0.0058,285.96,45.0,1.0,0.0078,0.0121,0.0179,0.0326,0.2102,0.1875,1.4108,0.0,0.1302,0.1268,-0.0017
260,0.9942,0.0,0.0058,283.99,45.24,1.0,0.0085,0.0145,0.0178,0.0336,0.2098,0.204,1.4054,0.0,0.1283,0.1249,-0.0005
261,0.9939,0.0,0.0061,232.51,34.99,1.0,0.0087,0.0135,0.0179,0.0333,0.2097,0.2021,1.3629,0.0,0.125,0.1215,-0.0008
262,0.9936,0.0,0.0064,264.12,40.91,1.0,0.0064,0.0102,0.0178,0.0325,0.2103,0.1881,1.4622,0.0,0.1341,0.1306,-0.0004
263,0.9943,0.0,0.0057,268.25,40.84,1.0,0.0069,0.0104,0.0176,0.0326,0.2106,0.1891,1.3961,0.0,0.1296,0.1264,-0.0005
264,0.9944,0.0,0.0056,266.17,41.58,1.0,0.0086,0.0127,0.0182,0.0326,0.21,0.1943,1.2881,0.0,0.1206,0.1173,-0.0021
265,0.9938,0.0,0.0062,295.15,46.31,1.0,0.0097,0.0163,0.0176,0.0336,0.2111,0.2157,1.4649,0.0,0.1347,0.1309,-0.0009
266,0.9939,0.0,0.0061,301.0,48.2,1.0,0.0098,0.0184,0.0176,0.0336,0.209,0.2158,1.4507,0.0,0.1308,0.1272,-0.001
267,0.9938,0.0,0.0062,250.59,39.45,1.0,0.0097,0.0167,0.0178,0.0333,0.2095,0.2127,1.3646,0.0,0.1252,0.1217,-0.0015
268,0.9939,0.0,0.0061,285.07,46.15,1.0,0.0067,0.0117,0.0178,0.0326,0.2091,0.1912,1.4449,0.0,0.1302,0.1268,-0.0004
269,0.9946,0.0,0.0054,273.85,44.15,1.0,0.0076,0.015,0.0178,0.0332,0.21,0.2028,1.452,0.0,0.1308,0.1274,0.0
270,0.995,0.0,0.005,254.53,39.63,1.0,0.0081,0.0144,0.0179,0.0328,0.2086,0.203,1.3379,0.0,0.1241,0.1208,-0.0006
271,0.9948,0.0,0.0052,276.1,44.18,1.0,0.01,0.0209,0.0182,0.0338,0.2092,0.2247,1.4147,0.0,0.1292,0.1256,-0.001
272,0.995,0.0,0.005,272.94,42.45,1.0,0.0081,0.0152,0.0183,0.0331,0.2098,0.2055,1.3662,0.0,0.1261,0.1228,-0.0006
273,0.9954,0.0,0.0046,281.0,43.95,1.0,0.0134,0.028,0.0181,0.0345,0.2099,0.2572,1.4573,0.0,0.1325,0.1286,-0.0021
274,0.995,0.0,0.005,277.77,45.12,1.0,0.0083,0.0161,0.0181,0.033,0.2101,0.2095,1.4478,0.0,0.13,0.1263,-0.0004
275,0.9946,0.0,0.0054,290.87,46.21,1.0,0.011,0.0182,0.0181,0.0331,0.2092,0.2157,1.3961,0.0,0.1274,0.1238,-0.002
276,0.9944,0.0,0.0056,287.29,45.35,1.0,0.0073,0.0147,0.0179,0.0326,0.208,0.2045,1.4081,0.0,0.1283,0.1249,0.0
277,0.9957,0.0,0.0043,278.69,44.33,1.0,0.0086,0.0166,0.0179,0.0331,0.2091,0.2097,1.5543,0.0,0.1371,0.1333,-0.0006
278,0.9963,0.0,0.0037,271.64,43.27,1.0,0.0067,0.0124,0.0178,0.0322,0.2101,0.195,1.524,0.0,0.1368,0.1332,0.0
279,0.9962,0.0,0.0038,275.75,43.73,1.0,0.0096,0.0179,0.0179,0.0328,0.2105,0.2135,1.4415,0.0,0.1308,0.1273,-0.0013
280,0.9962,0.0,0.0038,263.52,41.61,1.0,0.0074,0.013,0.0179,0.0321,0.2093,0.1955,1.3847,0.0,0.1263,0.123,-0.0006
281,0.9959,0.0,0.0041,278.93,44.41,1.0,0.0063,0.0047,0.0184,0.0308,0.2083,0.1622,1.4384,0.0,0.1291,0.1259,-0.002
282,0.9958,0.0,0.0042,267.84,43.94,1.0,0.0061,0.0097,0.018,0.0317,0.2078,0.1876,1.4347,0.0,0.128,0.1246,0.0
283,0.9955,0.0,0.0045,252.45,39.92,1.0,0.0077,0.0116,0.0182,0.0318,0.2082,0.191,1.4311,0.0,0.1298,0.1265,-0.0013
284,0.9951,0.0,0.0049,273.51,43.42,1.0,0.0105,0.0157,0.0184,0.0325,0.2082,0.2071,1.4501,0.0,0.1314,0.1279,-0.002
285,0.9947,0.0,0.0053,251.6,40.33,1.0,0.0096,0.015,0.0183,0.0323,0.2078,0.2043,1.4398,0.0,0.1307,0.1271,-0.002
286,0.9945,0.0,0.0055,260.48,40.92,1.0,0.0073,0.0102,0.0182,0.0315,0.2092,0.1826,1.462,0.0,0.1319,0.1285,-0.0017
287,0.994,0.0,0.006,287.19,46.33,1.0,0.0079,0.0138,0.0183,0.0321,0.2071,0.204,1.5059,0.0,0.1348,0.1312,-0.0004
288,0.9939,0.0,0.0061,287.15,45.33,1.0,0.0078,0.0135,0.018,0.0318,0.2074,0.1952,1.4525,0.0,0.13,0.1266,-0.001
289,0.9935,0.0,0.0065,280.07,45.26,1.0,0.0089,0.0135,0.0186,0.032,0.2075,0.1964,1.4949,0.0,0.1327,0.1292,-0.0023
290,0.9932,0.0,0.0068,301.56,48.64,1.0,0.0102,0.0179,0.0189,0.0328,0.2053,0.2213,1.3946,0.0,0.1253,0.1218,-0.0013
291,0.9933,0.0,0.0067,257.58,40.72,1.0,0.0095,0.0176,0.0181,0.0322,0.2077,0.2128,1.4098,0.0,0.1274,0.1239,-0.0017
292,0.9925,0.0,0.0075,269.61,43.23,1.0,0.0093,0.013,0.0186,0.0321,0.2065,0.1937,1.3978,0.0,0.1263,0.1229,-0.0026
293,0.9931,0.0,0.0069,252.59,40.34,1.0,0.0081,0.0133,0.0186,0.0321,0.2064,0.2014,1.3884,0.0,0.125,0.1216,-0.0006
294,0.9927,0.0,0.0073,255.07,40.11,1.0,0.0125,0.0222,0.0183,0.0329,0.2078,0.2282,1.3946,0.0,0.1251,0.1216,-0.0029
295,0.9927,0.0,0.0073,276.63,43.88,1.0,0.0075,0.0126,0.0182,0.0315,0.2069,0.197,1.4421,0.0,0.1312,0.1279,-0.0008
296,0.9927,0.0,0.0073,255.23,41.39,1.0,0.0089,0.0165,0.0187,0.0319,0.2064,0.207,1.4395,0.0,0.1286,0.1252,-0.0015
297,0.9926,0.0,0.0074,252.61,40.98,1.0,0.0086,0.014,0.0185,0.0317,0.2067,0.2027,1.4645,0.0,0.1303,0.1269,-0.0013
298,0.993,0.0,0.007,264.83,42.48,1.0,0.0105,0.0188,0.0193,0.0322,0.2074,0.2154,1.4373,0.0,0.1293,0.1258,-0.0024
299,0.9934,0.0,0.0066,276.37,43.58,1.0,0.0104,0.0231,0.0183,0.0327,0.2051,0.2398,1.4194,0.0,0.1288,0.1251,-0.0005
300,0.9938,0.0,0.0062,290.93,47.35,1.0,0.0064,0.0111,0.0185,0.031,0.2064,0.1913,1.4562,0.0,0.1308,0.1274,0.0
301,0.9937,0.0,0.0063,266.44,43.73,1.0,0.0092,0.0167,0.0188,0.0316,0.2058,0.2084,1.4784,0.0,0.1316,0.128,-0.0016
302,0.9943,0.0,0.0057,270.21,43.71,1.0,0.008,0.0159,0.0186,0.0313,0.2069,0.2091,1.4913,0.0,0.1308,0.1272,-0.0004
303,0.9945,0.0,0.0055,305.33,50.6,1.0,0.0073,0.0138,0.0187,0.0312,0.2046,0.2054,1.5531,0.0,0.1353,0.1316,0.0
304,0.995,0.0,0.005,302.82,49.97,1.0,0.0089,0.0164,0.0185,0.0316,0.2051,0.2093,1.5333,0.0,0.1342,0.1305,-0.0011
305,0.9943,0.0,0.0057,276.19,45.03,1.0,0.0065,0.0065,0.019,0.0301,0.2045,0.1715,1.5237,0.0,0.1336,0.1302,-0.0015
306,0.9939,0.0,0.0061,280.68,45.25,1.0,0.0109,0.0198,0.019,0.0318,0.2048,0.217,1.4892,0.0,0.1316,0.128,-0.0024
307,0.9939,0.0,0.0061,293.51,47.07,1.0,0.0084,0.0175,0.0188,0.031,0.2055,0.2129,1.5217,0.0,0.135,0.1313,-0.0006
308,0.994,0.0,0.006,261.1,42.12,1.0,0.01,0.0229,0.0187,0.0322,0.2054,0.2304,1.4313,0.0,0.128,0.1244,-0.0005
309,0.9936,0.0,0.0064,282.43,46.11,1.0,0.0098,0.019,0.0188,0.0315,0.2059,0.2194,1.4673,0.0,0.1298,0.1261,-0.0012
310,0.9932,0.0,0.0068,267.89,44.51,1.0,0.0085,0.0144,0.0189,0.0306,0.2055,0.2007,1.553,0.0,0.1362,0.1325,-0.0014
311,0.9933,0.0,0.0067,282.31,46.61,1.0,0.0088,0.0164,0.0191,0.031,0.2051,0.2053,1.5989,0.0,0.1386,0.1347,-0.0015
312,0.9931,0.0,0.0069,254.95,41.18,1.0,0.0074,0.0125,0.0187,0.0306,0.2059,0.1961,1.4553,0.0,0.1286,0.125,-0.0007
313,0.9938,0.0,0.0062,267.25,42.94,1.0,0.0082,0.0128,0.0187,0.0301,0.2064,0.1915,1.4416,0.0,0.1294,0.126,-0.002
314,0.9938,0.0,0.0062,276.54,45.87,1.0,0.0089,0.0161,0.0189,0.0306,0.2046,0.2073,1.4226,0.0,0.1264,0.1229,-0.0016
315,0.994,0.0,0.006,285.37,47.17,1.0,0.0092,0.0197,0.0187,0.0314,0.2054,0.2273,1.4672,0.0,0.1291,0.1254,0.0
316,0.9942,0.0,0.0058,237.38,38.05,1.0,0.0098,0.0191,0.0188,0.031,0.2044,0.2202,1.4097,0.0,0.1235,0.1199,-0.0016
317,0.9935,0.0,0.0065,251.16,40.05,1.0,0.0101,0.0192,0.0192,0.0307,0.204,0.2098,1.4517,0.0,0.1278,0.1242,-0.0025
318,0.993,0.0,0.007,263.55,42.15,1.0,0.0105,0.0161,0.0198,0.0306,0.2055,0.2092,1.4467,0.0,0.1271,0.1236,-0.0032
319,0.9929,0.0,0.0071,274.95,44.39,1.0,0.0112,0.0245,0.0188,0.0318,0.2055,0.2482,1.4838,0.0,0.1299,0.1259,-0.0004
320,0.9929,0.0,0.0071,267.86,43.43,1.0,0.0094,0.02,0.0192,0.0311,0.2051,0.2259,1.4607,0.0,0.1278,0.1241,-0.0004
321,0.9927,0.0,0.0073,295.71,48.2,1.0,0.0088,0.0149,0.0191,0.0299,0.2052,0.199,1.5482,0.0,0.1351,0.1315,-0.0016
322,0.9925,0.0,0.0075,268.07,43.51,1.0,0.011,0.0209,0.0196,0.0304,0.2057,0.2218,1.4322,0.0,0.1268,0.1232,-0.0027
323,0.9923,0.0,0.0077,259.99,43.02,1.0,0.0072,0.0094,0.0192,0.0292,0.2059,0.1821,1.4479,0.0,0.1273,0.124,-0.0019
324,0.9922,0.0,0.0078,248.46,39.75,1.0,0.0108,0.0218,0.0191,0.031,0.2038,0.2305,1.3686,0.0,0.122,0.1184,-0.0014
325,0.9924,0.0,0.0076,276.3,45.17,1.0,0.009,0.0165,0.0193,0.0299,0.2038,0.2087,1.4785,0.0,0.1299,0.1263,-0.0015
326,0.9928,0.0,0.0072,263.44,42.69,1.0,0.0073,0.0133,0.0189,0.0296,0.2052,0.2007,1.4853,0.0,0.1312,0.1277,-0.0003
327,0.9928,0.0,0.0072,276.1,46.18,1.0,0.0072,0.0131,0.0188,0.029,0.2053,0.2024,1.4445,0.0,0.1259,0.1224,-0.0003
328,0.9933,0.0,0.0067,278.55,45.89,1.0,0.0072,0.0123,0.0188,0.0289,0.2046,0.197,1.4699,0.0,0.1291,0.1255,-0.0005
329,0.9936,0.0,0.0064,257.89,41.37,1.0,0.0099,0.0207,0.019,0.0301,0.2062,0.2257,1.4258,0.0,0.1244,0.1207,-0.001
330,0.9937,0.0,0.0063,266.21,44.62,1.0,0.01,0.0241,0.0187,0.0305,0.2045,0.2403,1.6314,0.0,0.1409,0.1367,0.0
331,0.9943,0.0,0.0057,273.02,44.78,1.0,0.0088,0.0177,0.0188,0.0297,0.2033,0.2153,1.5108,0.0,0.1322,0.1285,-0.0006
332,0.9941,0.0,0.0059,256.93,42.9,1.0,0.0092,0.0181,0.019,0.0293,0.204,0.2143,1.4165,0.0,0.1229,0.1193,-0.0012
333,0.9948,0.0,0.0052,276.11,45.13,1.0,0.0071,0.0135,0.0187,0.0289,0.2058,0.2027,1.4758,0.0,0.1276,0.1239,0.0
334,0.9954,0.0,0.0046,307.85,52.11,1.0,0.0105,0.0224,0.0189,0.0299,0.2034,0.2367,1.5412,0.0,0.1322,0.1284,-0.001
335,0.995,0.0,0.005,257.35,42.41,1.0,0.0086,0.0163,0.019,0.029,0.2047,0.2116,1.433,0.0,0.1254,0.1218,-0.001
336,0.9944,0.0,0.0056,256.48,41.81,1.0,0.0088,0.0162,0.0191,0.0287,0.2051,0.2095,1.4627,0.0,0.1279,0.1244,-0.0015
337,0.9947,0.0,0.0053,289.72,48.99,1.0,0.0103,0.02,0.0194,0.03,0.2036,0.2264,1.6514,0.0,0.1395,0.1353,-0.0012
338,0.9949,0.0,0.0051,274.48,46.26,1.0,0.0078,0.0118,0.0194,0.0281,0.2032,0.1908,1.6134,0.0,0.1367,0.133,-0.0016
339,0.9948,0.0,0.0052,287.23,48.12,1.0,0.0102,0.0217,0.0192,0.03,0.2046,0.2347,1.4805,0.0,0.1278,0.124,-0.0004
340,0.9944,0.0,0.0056,275.98,46.25,1.0,0.0114,0.0229,0.0195,0.0302,0.2045,0.2302,1.5275,0.0,0.1321,0.1282,-0.0017
341,0.9942,0.0,0.0058,258.74,41.64,1.0,0.0077,0.0136,0.0194,0.0285,0.2032,0.2017,1.5574,0.0,0.1338,0.1302,-0.0006
342,0.9943,0.0,0.0057,284.64,48.13,1.0,0.0087,0.0171,0.0192,0.0289,0.2043,0.2107,1.5955,0.0,0.136,0.132,-0.0009
343,0.9943,0.0,0.0057,275.51,44.87,1.0,0.0086,0.0159,0.02,0.0285,0.2043,0.206,1.4609,0.0,0.127,0.1234,-0.0013
344,0.9948,0.0,0.0052,284.67,47.67,1.0,0.0086,0.0162,0.0192,0.0285,0.2032,0.2131,1.5543,0.0,0.1319,0.128,-0.001
345,0.9946,0.0,0.0054,271.6,45.23,1.0,0.0112,0.0192,0.0205,0.0288,0.2028,0.2187,1.5055,0.0,0.1277,0.124,-0.0033
346,0.9942,0.0,0.0058,290.51,48.94,1.0,0.0088,0.0177,0.0195,0.0286,0.2023,0.2139,1.516,0.0,0.13,0.1263,-0.0006
347,0.9944,0.0,0.0056,275.73,47.03,1.0,0.0099,0.0211,0.0193,0.029,0.2031,0.2315,1.5104,0.0,0.1291,0.1253,-0.0005
348,0.9946,0.0,0.0054,280.65,46.83,1.0,0.0098,0.0232,0.0195,0.0296,0.2027,0.2368,1.5779,0.0,0.1345,0.1305,0.0
349,0.9947,0.0,0.0053,281.57,46.76,1.0,0.0076,0.015,0.0198,0.0284,0.2008,0.2079,1.5226,0.0,0.1308,0.1272,0.0
350,0.9945,0.0002,0.0055,285.81,47.53,1.0,0.0103,0.022,0.0205,0.029,0.2047,0.2221,1.5175,0.0,0.1297,0.126,-0.0021
351,0.9947,0.0002,0.0053,277.1,47.12,1.0,0.0099,0.0202,0.0202,0.0293,0.2021,0.2251,1.5016,0.0,0.1284,0.1246,-0.0011
352,0.9955,0.0002,0.0045,298.47,51.46,1.0,0.0109,0.0207,0.0205,0.0294,0.2035,0.2247,1.5107,0.0,0.1283,0.1245,-0.0017
353,0.9952,0.0002,0.0048,314.23,52.7,1.0,0.0093,0.0203,0.0203,0.0294,0.2043,0.2238,1.6314,0.0,0.1385,0.1345,-0.0004
354,0.9949,0.0002,0.0051,283.81,47.13,1.0,0.011,0.0226,0.0205,0.0294,0.2044,0.2295,1.5448,0.0,0.1335,0.1296,-0.0018
355,0.9944,0.0002,0.0056,271.73,45.26,1.0,0.0128,0.0296,0.0199,0.0306,0.2049,0.2625,1.4988,0.0,0.1276,0.1235,-0.001
356,0.9942,0.0002,0.0058,259.48,42.92,1.0,0.0124,0.0245,0.0201,0.0293,0.2025,0.2387,1.502,0.0,0.128,0.1242,-0.0028
357,0.9941,0.0002,0.0059,304.18,51.81,1.0,0.0069,0.0132,0.0198,0.0279,0.2036,0.2011,1.6511,0.0,0.1385,0.1347,0.0
358,0.9949,0.0002,0.0051,282.23,48.44,1.0,0.0099,0.0215,0.0202,0.0291,0.2036,0.2315,1.5462,0.0,0.1303,0.1264,-0.0005
359,0.9947,0.0002,0.0053,274.78,45.72,1.0,0.0101,0.019,0.0199,0.0285,0.2005,0.2176,1.499,0.0,0.1285,0.1249,-0.0017
360,0.9946,0.0002,0.0054,292.85,49.6,1.0,0.0116,0.0232,0.0202,0.029,0.2009,0.2375,1.5406,0.0,0.1312,0.1273,-0.0021
361,0.994,0.0002,0.006,283.48,47.97,1.0,0.0108,0.0227,0.0196,0.0287,0.2014,0.2323,1.5334,0.0,0.1299,0.126,-0.0016
362,0.9932,0.0002,0.0068,265.67,44.49,1.0,0.0138,0.0332,0.0199,0.0303,0.2001,0.2748,1.5685,0.0,0.1328,0.1286,-0.0016
363,0.9931,0.0002,0.0069,263.66,44.48,1.0,0.0111,0.025,0.0197,0.0292,0.2018,0.2453,1.5049,0.0,0.1281,0.1243,-0.0006
364,0.9932,0.0002,0.0068,264.48,44.76,1.0,0.0116,0.0231,0.0197,0.0292,0.2012,0.2354,1.4747,0.0,0.126,0.1223,-0.0016
365,0.9926,0.0002,0.0074,266.66,44.73,1.0,0.0106,0.0202,0.0205,0.0289,0.2016,0.2229,1.5001,0.0,0.1266,0.1227,-0.0015
366,0.9928,0.0002,0.0072,278.83,47.48,1.0,0.0089,0.0189,0.02,0.0284,0.2009,0.2169,1.5687,0.0,0.1324,0.1287,-0.0006
367,0.9928,0.0002,0.0072,297.73,51.36,1.0,0.0095,0.0229,0.0198,0.0288,0.1996,0.2345,1.6365,0.0,0.1379,0.1338,0.0
368,0.9927,0.0002,0.0073,266.04,43.72,1.0,0.0104,0.02,0.0207,0.0286,0.1997,0.2161,1.5205,0.0,0.1303,0.1267,-0.0021
369,0.9931,0.0002,0.0069,281.67,47.48,1.0,0.0108,0.0235,0.02,0.0287,0.2012,0.2409,1.5096,0.0,0.1279,0.124,-0.0005
370,0.9934,0.0002,0.0066,276.8,46.75,1.0,0.0107,0.0253,0.0202,0.0292,0.1997,0.2467,1.4525,0.0,0.1244,0.1207,0.0
371,0.9937,0.0002,0.0063,275.58,46.65,1.0,0.0139,0.0313,0.0199,0.0302,0.2005,0.2684,1.527,0.0,0.1287,0.1246,-0.0015
372,0.9939,0.0,0.0061,270.04,45.56,1.0,0.0103,0.0215,0.0204,0.0283,0.1996,0.2264,1.5687,0.0,0.1308,0.1269,-0.0009
373,0.994,0.0,0.006,268.19,45.78,1.0,0.0105,0.0238,0.0203,0.0283,0.2003,0.2401,1.5929,0.0,0.1343,0.1304,-0.0006
374,0.9938,0.0,0.0062,277.17,47.0,1.0,0.0114,0.0242,0.0201,0.0283,0.2002,0.2388,1.4804,0.0,0.1257,0.1218,-0.0013
375,0.9936,0.0,0.0064,251.75,41.92,1.0,0.0135,0.027,0.0204,0.0284,0.2004,0.24,1.4653,0.0,0.1248,0.121,-0.0033
376,0.9939,0.0,0.0061,253.06,42.13,1.0,0.0132,0.0336,0.02,0.0294,0.1998,0.2715,1.5416,0.0,0.1292,0.1251,-0.0006
377,0.9943,0.0,0.0057,289.35,50.13,1.0,0.01,0.0212,0.0201,0.028,0.2013,0.2273,1.612,0.0,0.1333,0.1294,-0.0005
378,0.9951,0.0,0.0049,272.78,46.39,1.0,0.0115,0.0215,0.0206,0.028,0.2017,0.2265,1.5598,0.0,0.1305,0.1267,-0.0022
379,0.9949,0.0,0.0051,283.45,47.49,1.0,0.0127,0.0336,0.02,0.0297,0.2017,0.2743,1.4951,0.0,0.127,0.1231,0.0
380,0.9948,0.0,0.0052,281.88,48.41,1.0,0.0134,0.0356,0.0199,0.03,0.2019,0.2821,1.6801,0.0,0.1388,0.1344,-0.0003
381,0.9952,0.0,0.0048,267.43,45.39,1.0,0.0116,0.0279,0.02,0.0284,0.2019,0.2506,1.5851,0.0,0.1332,0.1292,-0.001
382,0.9955,0.0,0.0045,289.3,48.94,1.0,0.0115,0.0255,0.0206,0.0286,0.2026,0.2438,1.6349,0.0,0.1365,0.1323,-0.0013
383,0.9954,0.0,0.0046,261.26,43.61,1.0,0.0097,0.0211,0.0202,0.0284,0.2039,0.2223,1.5261,0.0,0.1281,0.1243,-0.0004
384,0.9954,0.0,0.0046,276.81,47.71,1.0,0.0131,0.0289,0.021,0.029,0.2025,0.262,1.5765,0.0,0.1316,0.1273,-0.0014
385,0.9953,0.0,0.0047,273.15,45.94,1.0,0.0087,0.0183,0.0202,0.0273,0.2015,0.2196,1.6355,0.0,0.1357,0.1319,-0.0005
386,0.9951,0.0,0.0049,281.51,47.87,1.0,0.0124,0.0266,0.0206,0.0286,0.2022,0.2484,1.6484,0.0,0.1366,0.1325,-0.0015
387,0.9951,0.0,0.0049,275.58,47.14,1.0,0.0108,0.026,0.0207,0.028,0.201,0.2416,1.6185,0.0,0.1342,0.13,-0.0004
388,0.9946,0.0,0.0054,271.04,45.28,1.0,0.0115,0.0276,0.0207,0.0281,0.1999,0.2474,1.5178,0.0,0.1288,0.125,-0.001
389,0.994,0.0,0.006,279.51,48.24,1.0,0.0142,0.0318,0.0203,0.0283,0.2003,0.2717,1.6288,0.0,0.1334,0.1291,-0.002
390,0.9942,0.0,0.0058,272.45,45.52,1.0,0.0133,0.034,0.0204,0.029,0.2005,0.2785,1.5415,0.0,0.1299,0.1257,-0.0004
391,0.9949,0.0,0.0051,292.92,51.13,1.0,0.0128,0.0281,0.0216,0.0283,0.2007,0.2563,1.7397,0.0,0.1422,0.1379,-0.0016
392,0.9954,0.0,0.0046,255.21,43.84,1.0,0.0118,0.0291,0.0204,0.0282,0.2008,0.2544,1.4354,0.0,0.1213,0.1175,-0.0007
393,0.995,0.0,0.005,259.66,44.21,1.0,0.0166,0.0402,0.0212,0.0296,0.202,0.2966,1.58,0.0,0.1312,0.1268,-0.0024
394,0.995,0.0,0.005,271.64,46.78,1.0,0.0167,0.0427,0.0205,0.0301,0.1997,0.3059,1.6371,0.0,0.133,0.1286,-0.0012
395,0.9947,0.0,0.0053,300.07,51.89,1.0,0.0131,0.0303,0.0204,0.0284,0.1996,0.2629,1.4764,0.0,0.1247,0.1208,-0.0012
396,0.9943,0.0,0.0057,278.22,47.76,1.0,0.0133,0.0337,0.0208,0.0285,0.2005,0.2693,1.6114,0.0,0.1325,0.1283,-0.001
397,0.9945,0.0,0.0055,270.55,46.58,1.0,0.0115,0.0289,0.021,0.0275,0.1998,0.2541,1.5342,0.0,0.1268,0.1229,-0.001
398,0.9944,0.0,0.0056,298.0,51.23,1.0,0.0095,0.0204,0.021,0.0264,0.2008,0.2285,1.6657,0.0,0.1375,0.1335,-0.0004
399,0.9941,0.0,0.0059,259.54,44.03,1.0,0.0136,0.0347,0.0208,0.0281,0.2002,0.2787,1.5219,0.0,0.1278,0.1238,-0.001
400,0.994,0.0,0.006,281.23,49.75,1.0,0.0133,0.0284,0.0217,0.0275,0.2006,0.2481,1.5699,0.0,0.1285,0.1245,-0.0027
401,0.9941,0.0,0.0059,284.53,48.9,1.0,0.0144,0.0338,0.0211,0.0282,0.2,0.2716,1.6882,0.0,0.1383,0.1341,-0.0021
402,0.9933,0.0,0.0067,264.61,45.62,1.0,0.0146,0.0365,0.0214,0.0284,0.2003,0.2851,1.6107,0.0,0.1316,0.1273,-0.0013
403,0.9934,0.0,0.0066,280.73,48.51,1.0,0.014,0.0323,0.0212,0.0285,0.2004,0.2716,1.5886,0.0,0.1311,0.1269,-0.0016
404,0.9933,0.0,0.0067,300.49,51.63,1.0,0.0098,0.0222,0.021,0.0261,0.1991,0.2335,1.6104,0.0,0.1351,0.1311,-0.0004
405,0.9936,0.0,0.0064,276.05,47.41,1.0,0.0115,0.0276,0.0216,0.0273,0.2001,0.2512,1.5764,0.0,0.1312,0.1272,-0.0006
406,0.9942,0.0,0.0058,267.51,45.5,1.0,0.0149,0.0385,0.0214,0.0291,0.1997,0.2932,1.615,0.0,0.1325,0.1281,-0.0007
407,0.9938,0.0,0.0062,285.64,50.49,1.0,0.0178,0.0451,0.022,0.0298,0.2006,0.318,1.5404,0.0,0.1267,0.1223,-0.0021
408,0.9932,0.0,0.0068,273.56,47.57,1.0,0.0121,0.0276,0.0219,0.0272,0.2007,0.2491,1.5868,0.0,0.13,0.126,-0.0015
409,0.9928,0.0,0.0072,258.92,43.77,1.0,0.0144,0.0342,0.0218,0.0281,0.2014,0.2759,1.4643,0.0,0.1211,0.1171,-0.0017
410,0.9929,0.0,0.0071,290.01,50.59,1.0,0.0123,0.0293,0.0215,0.027,0.2004,0.2623,1.5113,0.0,0.1257,0.1217,-0.0009
411,0.9925,0.0,0.0075,281.01,48.82,1.0,0.0152,0.0373,0.0221,0.0287,0.2012,0.2909,1.6147,0.0,0.1315,0.1271,-0.0016
412,0.9918,0.0,0.0082,283.14,48.07,1.0,0.0099,0.0176,0.0221,0.0253,0.202,0.2184,1.5181,0.0,0.1261,0.1224,-0.002
413,0.9919,0.0,0.0081,241.13,40.49,1.0,0.0141,0.032,0.0219,0.0276,0.1998,0.2688,1.4821,0.0,0.1232,0.1193,-0.0021
414,0.9919,0.0,0.0081,258.0,44.39,1.0,0.0162,0.0359,0.0225,0.0282,0.2001,0.2847,1.5075,0.0,0.1242,0.1201,-0.0033
415,0.9924,0.0,0.0076,257.32,43.77,1.0,0.0154,0.0361,0.0219,0.0284,0.2017,0.2782,1.6157,0.0,0.131,0.1267,-0.0024
416,0.9925,0.0,0.0075,258.23,44.28,1.0,0.0124,0.0321,0.0212,0.0268,0.2005,0.2718,1.5767,0.0,0.129,0.1249,-0.0005
417,0.993,0.0,0.007,251.92,43.51,1.0,0.0115,0.0292,0.0214,0.0266,0.1999,0.257,1.6209,0.0,0.1327,0.1285,-0.0003
418,0.9932,0.0,0.0068,273.91,48.04,1.0,0.0122,0.0299,0.0218,0.0268,0.2014,0.2617,1.5923,0.0,0.131,0.1269,-0.0007
419,0.9931,0.0,0.0069,279.66,49.57,1.0,0.0151,0.0334,0.0222,0.0279,0.1993,0.279,1.6535,0.0,0.1328,0.1284,-0.0019
420,0.9933,0.0,0.0067,275.46,49.09,1.0,0.0146,0.0379,0.022,0.0279,0.2006,0.2914,1.6459,0.0,0.1328,0.1283,-0.0007
421,0.9946,0.0,0.0054,258.87,44.62,1.0,0.0141,0.0347,0.0219,0.0274,0.2022,0.2786,1.5886,0.0,0.1301,0.1259,-0.0013
422,0.9948,0.0,0.0052,273.29,48.66,1.0,0.017,0.0457,0.0222,0.0293,0.2012,0.3229,1.6051,0.0,0.1295,0.1249,-0.0006
423,0.9946,0.0,0.0054,257.57,44.61,1.0,0.0155,0.038,0.0222,0.0277,0.2015,0.29,1.6081,0.0,0.1303,0.1259,-0.0024
424,0.9941,0.0,0.0059,270.85,47.85,1.0,0.0155,0.0413,0.0216,0.0281,0.2029,0.2999,1.6585,0.0,0.1338,0.1293,-0.0008
425,0.9947,0.0,0.0053,286.0,50.52,1.0,0.0126,0.0341,0.0213,0.0267,0.2001,0.2745,1.5718,0.0,0.1286,0.1244,0.0
426,0.9953,0.0,0.0047,269.88,47.15,1.0,0.0153,0.042,0.0215,0.0285,0.2015,0.3049,1.6308,0.0,0.1319,0.1273,0.0
427,0.9948,0.0,0.0052,236.09,39.67,1.0,0.0145,0.0344,0.0218,0.0268,0.2026,0.2697,1.4984,0.0,0.1236,0.1195,-0.0023
428,0.9947,0.0,0.0053,256.54,44.12,1.0,0.0125,0.0291,0.0224,0.0262,0.2003,0.2622,1.544,0.0,0.1274,0.1233,-0.0011
429,0.9945,0.0,0.0055,275.44,49.21,1.0,0.0145,0.0382,0.0218,0.0271,0.2003,0.2915,1.6185,0.0,0.1304,0.1259,-0.0004
430,0.9948,0.0,0.0052,275.11,47.73,1.0,0.0114,0.0285,0.0215,0.026,0.1987,0.2602,1.6411,0.0,0.1335,0.1292,0.0
431,0.9947,0.0,0.0053,273.4,46.54,1.0,0.0147,0.0332,0.0221,0.0272,0.2009,0.2768,1.5878,0.0,0.1302,0.126,-0.0018
432,0.9949,0.0,0.0051,258.36,44.91,1.0,0.0119,0.026,0.0219,0.0252,0.1992,0.247,1.5291,0.0,0.1248,0.121,-0.0016
433,0.9945,0.0,0.0055,266.05,46.53,1.0,0.0146,0.039,0.0215,0.0276,0.2021,0.296,1.5666,0.0,0.1275,0.1232,-0.0005
434,0.995,0.0,0.005,281.91,49.2,1.0,0.0141,0.0384,0.0214,0.0279,0.2028,0.2939,1.6393,0.0,0.1326,0.1282,0.0
435,0.9956,0.0,0.0044,265.83,46.69,1.0,0.0163,0.0432,0.022,0.0284,0.2026,0.3166,1.5776,0.0,0.1272,0.1227,-0.0006
436,0.9967,0.0,0.0033,276.25,48.66,1.0,0.0127,0.0341,0.0216,0.0268,0.2029,0.2764,1.6403,0.0,0.1318,0.1275,0.0
437,0.9966,0.0,0.0034,267.32,47.1,1.0,0.0192,0.0508,0.0221,0.0299,0.2018,0.3464,1.552,0.0,0.1262,0.1215,-0.0014
438,0.9963,0.0,0.0037,287.88,50.91,1.0,0.0168,0.0447,0.0219,0.0283,0.2024,0.3178,1.5931,0.0,0.129,0.1244,-0.001
439,0.9964,0.0,0.0036,295.94,52.67,1.0,0.0153,0.0414,0.0219,0.0277,0.2024,0.2995,1.696,0.0,0.1347,0.13,-0.0008
440,0.9965,0.0,0.0035,282.92,50.44,1.0,0.0184,0.0501,0.0219,0.0289,0.2017,0.3342,1.7006,0.0,0.1352,0.1302,-0.0014
441,0.9963,0.0,0.0037,257.28,44.12,1.0,0.0171,0.0478,0.0212,0.0286,0.2029,0.3321,1.5642,0.0,0.128,0.1233,-0.0007
442,0.996,0.0,0.004,287.86,51.84,1.0,0.0152,0.0395,0.0217,0.0273,0.2007,0.2991,1.6978,0.0,0.1364,0.1318,-0.0011
443,0.9954,0.0,0.0046,261.9,45.91,1.0,0.018,0.0472,0.0213,0.0285,0.2006,0.3387,1.6126,0.0,0.1295,0.1247,-0.001
444,0.9956,0.0,0.0044,277.42,48.4,1.0,0.0179,0.0474,0.0217,0.0282,0.2004,0.328,1.717,0.0,0.1367,0.1317,-0.0018
445,0.9958,0.0,0.0042,258.63,45.4,1.0,0.0173,0.0501,0.0211,0.0286,0.2008,0.3351,1.5831,0.0,0.1279,0.1232,0.0
446,0.9955,0.0,0.0045,267.74,47.01,1.0,0.0188,0.0508,0.0209,0.0286,0.1993,0.3364,1.6263,0.0,0.131,0.1263,-0.0016
447,0.9957,0.0,0.0043,275.38,48.08,1.0,0.0174,0.0515,0.0212,0.0281,0.2004,0.3362,1.6442,0.0,0.1324,0.1276,-0.0006
448,0.9955,0.0,0.0045,276.42,48.13,1.0,0.016,0.0427,0.0209,0.0272,0.2018,0.3069,1.6174,0.0,0.1319,0.1273,-0.001
449,0.9955,0.0,0.0045,261.38,45.49,1.0,0.0194,0.0499,0.0211,0.0285,0.2012,0.3392,1.6114,0.0,0.129,0.1243,-0.0021
450,0.9949,0.0,0.0051,274.9,48.41,1.0,0.0186,0.0493,0.0214,0.0286,0.1992,0.3389,1.6815,0.0,0.1341,0.1292,-0.0012
451,0.9953,0.0,0.0047,281.63,49.58,1.0,0.0161,0.0464,0.0211,0.0275,0.1993,0.3183,1.7002,0.0,0.1354,0.1305,0.0
452,0.9954,0.0,0.0046,287.34,51.03,1.0,0.0202,0.0587,0.021,0.0295,0.2017,0.3696,1.6718,0.0,0.1341,0.129,-0.0006
453,0.9949,0.0,0.0051,301.67,53.67,1.0,0.0162,0.0421,0.0212,0.0264,0.2005,0.3045,1.6867,0.0,0.1347,0.13,-0.002
454,0.9946,0.0,0.0054,293.52,52.72,1.0,0.019,0.0536,0.021,0.0286,0.2012,0.3604,1.7125,0.0,0.1364,0.1314,-0.0003
455,0.995,0.0,0.005,290.37,51.25,1.0,0.0154,0.0412,0.0211,0.0266,0.2007,0.3073,1.7459,0.0,0.1392,0.1344,-0.0006
456,0.9951,0.0,0.0049,270.57,47.99,1.0,0.0168,0.0461,0.0214,0.0275,0.2006,0.3235,1.5668,0.0,0.126,0.1214,-0.0006
457,0.9953,0.0,0.0047,284.71,50.42,1.0,0.0162,0.0451,0.0212,0.0269,0.2014,0.3164,1.6757,0.0,0.1345,0.1297,-0.0005
458,0.9952,0.0,0.0048,287.99,50.53,1.0,0.0196,0.0555,0.0213,0.0286,0.2005,0.3557,1.6377,0.0,0.1313,0.1264,-0.0011
459,0.9953,0.0,0.0047,282.55,50.28,1.0,0.0176,0.0495,0.0215,0.0276,0.2011,0.3383,1.6051,0.0,0.1288,0.1239,-0.0006
460,0.996,0.0,0.004,266.52,47.01,1.0,0.017,0.048,0.0216,0.0273,0.2011,0.3399,1.5429,0.0,0.1245,0.1198,0.0
461,0.9968,0.0,0.0032,272.32,49.47,1.0,0.0159,0.0455,0.0213,0.0271,0.2012,0.3168,1.6073,0.0,0.1276,0.1229,0.0
462,0.9966,0.0,0.0034,262.37,46.0,1.0,0.0171,0.0479,0.0221,0.0271,0.1999,0.3287,1.652,0.0,0.1327,0.1279,-0.0009
463,0.996,0.0,0.004,263.82,46.16,1.0,0.0212,0.0594,0.0219,0.0297,0.2031,0.3732,1.5883,0.0,0.127,0.1221,-0.0014
464,0.9953,0.0,0.0047,304.9,54.52,1.0,0.0205,0.0567,0.0217,0.0287,0.2027,0.3593,1.7261,0.0,0.137,0.132,-0.0019
465,0.9955,0.0,0.0045,303.49,53.93,1.0,0.0176,0.0522,0.0213,0.0282,0.2009,0.3422,1.8158,0.0,0.1435,0.1382,0.0
466,0.9955,0.0,0.0045,255.1,44.28,1.0,0.0205,0.059,0.0216,0.0289,0.2022,0.3742,1.615,0.0,0.1297,0.1246,-0.0009
467,0.9957,0.0,0.0043,256.33,45.15,1.0,0.0186,0.0541,0.0218,0.0282,0.2021,0.3602,1.6145,0.0,0.1289,0.1239,0.0
468,0.9956,0.0,0.0044,253.71,44.38,1.0,0.0172,0.0449,0.0217,0.0268,0.2019,0.3222,1.6297,0.0,0.1301,0.1253,-0.0011
469,0.996,0.0,0.004,262.53,46.13,1.0,0.0198,0.0582,0.0217,0.0284,0.2017,0.3652,1.6455,0.0,0.1318,0.1268,-0.0009
470,0.9961,0.0,0.0039,247.62,43.05,1.0,0.0183,0.0508,0.0219,0.0281,0.2029,0.3437,1.6734,0.0,0.1326,0.1277,-0.0007
471,0.9958,0.0,0.0042,282.06,50.59,1.0,0.0226,0.0651,0.0216,0.0298,0.202,0.3861,1.624,0.0,0.1295,0.1243,-0.0019
472,0.9955,0.0,0.0045,285.76,50.65,1.0,0.0182,0.0522,0.0215,0.0278,0.2029,0.343,1.6618,0.0,0.1331,0.1282,-0.0005
473,0.9954,0.0,0.0046,281.68,50.67,1.0,0.0213,0.0626,0.0215,0.0292,0.2009,0.3912,1.6898,0.0,0.1325,0.1272,-0.0005
474,0.9953,0.0,0.0047,276.49,49.31,1.0,0.0222,0.0614,0.0218,0.0291,0.203,0.3764,1.6132,0.0,0.1274,0.1224,-0.0027
475,0.995,0.0,0.005,282.14,50.66,1.0,0.0184,0.0521,0.0218,0.028,0.2026,0.3485,1.6531,0.0,0.1314,0.1264,-0.0005
476,0.995,0.0,0.005,263.13,46.59,1.0,0.0155,0.0432,0.0218,0.0257,0.2006,0.3091,1.5015,0.0,0.122,0.1174,-0.0008
477,0.9954,0.0,0.0046,273.1,48.49,1.0,0.0204,0.0611,0.0211,0.0288,0.2012,0.3815,1.6314,0.0,0.1301,0.1249,0.0
478,0.9956,0.0,0.0044,277.03,48.86,1.0,0.0167,0.0458,0.0218,0.0267,0.2022,0.3245,1.6774,0.0,0.1334,0.1285,-0.0006
479,0.9959,0.0,0.0041,276.51,49.28,1.0,0.0221,0.0662,0.0216,0.0296,0.2032,0.3972,1.735,0.0,0.1367,0.1312,-0.0007
480,0.9958,0.0,0.0042,254.81,44.9,1.0,0.019,0.0549,0.0214,0.0277,0.2027,0.3548,1.5291,0.0,0.1234,0.1186,-0.0011
481,0.9951,0.0,0.0049,267.79,47.42,1.0,0.024,0.0674,0.0226,0.0303,0.2031,0.397,1.6493,0.0,0.1309,0.1255,-0.0023
482,0.9947,0.0,0.0053,266.81,46.77,1.0,0.0252,0.0751,0.022,0.0315,0.2033,0.43,1.743,0.0,0.136,0.1302,-0.0014
483,0.9948,0.0,0.0052,277.98,49.55,1.0,0.0217,0.064,0.0217,0.029,0.2022,0.3904,1.7065,0.0,0.1351,0.1298,-0.0011
484,0.9949,0.0,0.0051,282.82,50.35,1.0,0.021,0.0611,0.0211,0.0284,0.2028,0.3776,1.6091,0.0,0.1273,0.1222,-0.0011
485,0.9956,0.0,0.0044,288.93,51.8,1.0,0.0209,0.0618,0.0222,0.0286,0.2031,0.3881,1.5465,0.0,0.1256,0.1205,-0.0005
486,0.9954,0.0,0.0046,261.5,47.1,1.0,0.0203,0.0583,0.0218,0.0283,0.2014,0.368,1.5914,0.0,0.1265,0.1216,-0.001
487,0.9953,0.0,0.0047,282.74,50.53,1.0,0.0209,0.0603,0.0222,0.0279,0.2027,0.3726,1.6733,0.0,0.1321,0.1268,-0.0013
488,0.9949,0.0002,0.0051,268.15,47.85,1.0,0.0197,0.0568,0.0218,0.0275,0.2034,0.3617,1.6773,0.0,0.1326,0.1274,-0.0012
489,0.9955,0.0002,0.0045,241.88,41.58,1.0,0.0193,0.0564,0.0219,0.027,0.2024,0.3679,1.63,0.0,0.1301,0.1252,-0.0005
490,0.996,0.0002,0.004,289.33,52.33,1.0,0.024,0.0743,0.0217,0.0303,0.2027,0.4216,1.7065,0.0,0.1341,0.1284,0.0
491,0.9957,0.0002,0.0043,301.87,55.13,1.0,0.0217,0.0629,0.0224,0.028,0.202,0.3863,1.7248,0.0,0.1348,0.1295,-0.0018
492,0.9952,0.0002,0.0048,277.64,49.22,1.0,0.0237,0.068,0.0218,0.0294,0.2045,0.4071,1.7127,0.0,0.1347,0.1292,-0.0014
493,0.9951,0.0002,0.0049,248.62,43.58,1.0,0.0262,0.0805,0.0214,0.0312,0.2027,0.4492,1.6483,0.0,0.1306,0.125,-0.0007
494,0.9954,0.0002,0.0046,260.75,45.94,1.0,0.0184,0.0535,0.0221,0.0268,0.2026,0.3548,1.6846,0.0,0.1331,0.1279,-0.0005
495,0.9951,0.0002,0.0049,293.15,53.15,1.0,0.0235,0.0675,0.0221,0.0289,0.203,0.406,1.7072,0.0,0.1334,0.1279,-0.0019
496,0.995,0.0002,0.005,266.65,47.42,1.0,0.0211,0.0599,0.0224,0.0278,0.2009,0.3708,1.5871,0.0,0.1271,0.1222,-0.0014
497,0.995,0.0002,0.005,301.35,54.2,1.0,0.0228,0.0691,0.0221,0.0293,0.2033,0.4184,1.7162,0.0,0.1357,0.1302,-0.0004
498,0.9946,0.0002,0.0054,269.4,47.49,1.0,0.0236,0.0659,0.0224,0.0284,0.2035,0.3969,1.6321,0.0,0.1295,0.1242,-0.0021
499,0.9946,0.0002,0.0054,285.9,52.94,1.0,0.0306,0.0931,0.0222,0.0334,0.2034,0.5025,1.6522,0.0,0.1292,0.1231,-0.0011
500,0.9946,0.0002,0.0054,260.25,45.94,1.0,0.0243,0.0702,0.022,0.0294,0.202,0.4163,1.6917,0.0,0.1338,0.1282,-0.0011
501,0.9946,0.0002,0.0054,273.2,49.37,1.0,0.0258,0.0768,0.0222,0.0305,0.2023,0.4523,1.6592,0.0,0.13,0.1243,-0.0006
502,0.9949,0.0002,0.0051,264.08,47.44,1.0,0.0233,0.068,0.0222,0.0288,0.202,0.4055,1.7116,0.0,0.1343,0.1288,-0.001
503,0.9952,0.0002,0.0048,281.41,50.54,1.0,0.0262,0.0809,0.0218,0.0308,0.2037,0.463,1.7799,0.0,0.1381,0.1321,0.0
504,0.9961,0.0002,0.0039,277.89,49.74,1.0,0.0264,0.0779,0.0219,0.0309,0.2029,0.4446,1.7111,0.0,0.1334,0.1278,-0.0012
505,0.996,0.0002,0.004,292.66,53.45,1.0,0.0247,0.0732,0.0231,0.0299,0.2028,0.4281,1.7673,0.0,0.1365,0.1307,-0.0009
506,0.9961,0.0002,0.0039,309.75,56.96,1.0,0.0224,0.0672,0.022,0.0284,0.2032,0.4058,1.822,0.0,0.1406,0.1348,0.0
507,0.9962,0.0002,0.0038,295.95,54.34,1.0,0.0238,0.0733,0.0224,0.0297,0.2025,0.419,1.7585,0.0,0.1363,0.1307,-0.0005
508,0.9964,0.0001,0.0036,261.14,46.25,1.0,0.0262,0.0795,0.022,0.0301,0.2032,0.447,1.6439,0.0,0.1295,0.1238,-0.0012
509,0.9966,0.0,0.0034,289.26,52.5,1.0,0.0269,0.0855,0.0214,0.0313,0.2022,0.4747,1.6108,0.0,0.128,0.1223,0.0
510,0.997,0.0,0.003,271.42,49.33,1.0,0.0295,0.0898,0.0222,0.0324,0.2033,0.4902,1.7382,0.0,0.1341,0.1279,-0.0014
511,0.9967,0.0,0.0033,243.59,42.7,1.0,0.0253,0.0751,0.0218,0.0292,0.2052,0.4288,1.5553,0.0,0.1233,0.118,-0.002
512,0.9962,0.0,0.0038,246.79,43.73,1.0,0.0252,0.0745,0.0226,0.0298,0.2039,0.4349,1.6722,0.0,0.1304,0.1246,-0.0007
513,0.9962,0.0,0.0038,289.79,53.12,1.0,0.024,0.0731,0.0221,0.029,0.203,0.427,1.6913,0.0,0.1322,0.1267,-0.0005
514,0.9961,0.0,0.0039,282.39,51.01,1.0,0.0277,0.0868,0.0219,0.0311,0.2031,0.4694,1.6699,0.0,0.1292,0.1234,-0.0012
515,0.9957,0.0,0.0043,286.72,52.3,1.0,0.0291,0.0905,0.022,0.0314,0.2033,0.4933,1.6169,0.0,0.1271,0.1211,-0.0011
516,0.996,0.0,0.004,274.68,49.18,1.0,0.0228,0.066,0.0222,0.0279,0.2033,0.406,1.6027,0.0,0.1269,0.1215,-0.0004
517,0.996,0.0,0.004,267.61,48.17,1.0,0.0267,0.0766,0.022,0.0292,0.2035,0.4366,1.6851,0.0,0.1309,0.1253,-0.0028
518,0.9951,0.0,0.0049,286.59,52.56,1.0,0.0238,0.0751,0.0217,0.0286,0.2032,0.43,1.6367,0.0,0.1283,0.1228,0.0
519,0.9952,0.0,0.0048,282.18,51.2,1.0,0.0244,0.0727,0.0212,0.0283,0.2026,0.4302,1.6293,0.0,0.1273,0.1218,-0.0005
520,0.995,0.0,0.005,261.91,47.09,1.0,0.0254,0.0742,0.0222,0.0286,0.204,0.4437,1.7303,0.0,0.1347,0.129,-0.0016
521,0.9946,0.0,0.0054,265.72,47.15,1.0,0.0236,0.0706,0.0219,0.0279,0.2038,0.4127,1.6283,0.0,0.1275,0.122,-0.0012
522,0.9945,0.0,0.0055,265.92,47.8,1.0,0.0285,0.0859,0.0219,0.0307,0.2052,0.4862,1.7179,0.0,0.1332,0.1272,-0.0013
523,0.9945,0.0,0.0055,280.97,50.75,1.0,0.0248,0.0768,0.0217,0.029,0.2024,0.442,1.6704,0.0,0.1313,0.1256,-0.0005
524,0.9947,0.0,0.0053,277.63,50.49,1.0,0.0247,0.074,0.0215,0.0285,0.2011,0.4343,1.5658,0.0,0.1242,0.1188,-0.0005
525,0.995,0.0,0.005,262.86,48.42,1.0,0.0239,0.0699,0.0223,0.0281,0.2027,0.4221,1.6194,0.0,0.1258,0.1204,-0.0009
526,0.9951,0.0,0.0049,270.45,49.02,0.75,0.0259,0.0875,0.0221,0.0274,0.2027,0.3948,1.6192,0.0021,0.1278,0.1225,-0.0006
527,0.995,0.0,0.005,285.18,51.91,0.75,0.0365,0.1126,0.0233,0.0303,0.2029,0.4595,1.7363,0.006,0.1339,0.1279,-0.0004
528,0.9947,0.0,0.0053,269.42,49.32,0.75,0.0337,0.0968,0.022,0.0275,0.201,0.4181,1.68,0.0104,0.1308,0.1252,-0.0011
529,0.9948,0.0,0.0052,266.95,47.61,0.75,0.0286,0.0819,0.0221,0.0254,0.2017,0.3727,1.4864,0.0144,0.1198,0.1148,0.0
530,0.9946,0.0,0.0054,301.48,55.38,0.75,0.0311,0.0869,0.0221,0.0257,0.2021,0.384,1.7564,0.0185,0.1367,0.1311,-0.0019
531,0.9939,0.0,0.0061,278.99,50.95,0.75,0.0359,0.1015,0.0224,0.0283,0.2041,0.4273,1.6611,0.0217,0.1301,0.1245,-0.0015
532,0.9939,0.0,0.0061,241.78,42.42,0.75,0.0364,0.109,0.0218,0.0287,0.202,0.4423,1.5823,0.0245,0.1247,0.1193,-0.0014
533,0.9939,0.0,0.0061,283.74,52.26,0.75,0.0352,0.1044,0.0219,0.0278,0.202,0.4371,1.6485,0.0277,0.129,0.1235,-0.0006
534,0.9944,0.0,0.0056,286.05,52.74,0.75,0.0341,0.0972,0.0229,0.0274,0.2016,0.4185,1.7088,0.0309,0.1323,0.1268,-0.0012
535,0.9942,0.0,0.0058,281.72,52.96,0.75,0.032,0.0949,0.0224,0.0261,0.2014,0.4104,1.628,0.0328,0.1266,0.1212,-0.0012
536,0.9938,0.0,0.0062,259.2,47.25,0.75,0.0316,0.0883,0.0219,0.0257,0.2032,0.3863,1.7168,0.0359,0.133,0.1277,-0.0018
537,0.9937,0.0,0.0063,277.39,51.92,0.75,0.0329,0.0955,0.022,0.027,0.2025,0.4137,1.6894,0.037,0.1308,0.1253,-0.0004
538,0.9937,0.0,0.0063,244.82,44.42,0.75,0.0303,0.0881,0.0224,0.0261,0.2035,0.3799,1.5676,0.0373,0.1238,0.1187,-0.0006
539,0.9937,0.0,0.0063,251.71,45.26,0.75,0.0312,0.0896,0.0223,0.0257,0.203,0.3938,1.6266,0.0397,0.1286,0.1233,-0.0005
540,0.994,0.0,0.006,254.98,46.25,0.75,0.0333,0.1029,0.022,0.0275,0.2023,0.4259,1.6931,0.0425,0.132,0.1264,0.0
541,0.9946,0.0,0.0054,262.4,48.81,0.75,0.0368,0.1127,0.0219,0.0289,0.205,0.4594,1.6942,0.0433,0.1315,0.1256,-0.0011
542,0.9949,0.0,0.0051,270.18,50.2,0.75,0.0321,0.0935,0.0225,0.0269,0.2024,0.4043,1.6719,0.0442,0.1298,0.1242,-0.0005
543,0.9949,0.0,0.0051,277.15,51.64,0.75,0.0376,0.1121,0.0224,0.0286,0.2047,0.4627,1.7064,0.0464,0.1327,0.127,-0.0017
544,0.9947,0.0,0.0053,275.78,51.37,0.75,0.0314,0.0893,0.0219,0.0259,0.2021,0.396,1.6174,0.046,0.127,0.1218,-0.0004
545,0.9949,0.0,0.0051,290.25,53.76,0.75,0.0345,0.1042,0.022,0.0273,0.2029,0.4378,1.7426,0.0488,0.1346,0.1289,-0.0015
546,0.9953,0.0,0.0047,286.36,53.63,0.75,0.0336,0.1034,0.0218,0.027,0.2039,0.4257,1.7165,0.0495,0.1339,0.1283,0.0
547,0.9955,0.0,0.0045,263.49,48.53,0.75,0.0348,0.1039,0.0222,0.0277,0.2029,0.4312,1.7003,0.049,0.1323,0.1268,-0.0006
548,0.9955,0.0,0.0045,277.87,51.68,0.75,0.0317,0.0909,0.0219,0.026,0.2026,0.3912,1.6314,0.0476,0.1277,0.1226,-0.0015
549,0.9951,0.0,0.0049,267.2,49.21,0.75,0.0336,0.0919,0.0234,0.0263,0.2022,0.4002,1.7252,0.0496,0.1333,0.1279,-0.0027
550,0.9955,0.0,0.0045,288.18,53.33,0.75,0.0325,0.0974,0.0219,0.0261,0.2025,0.4097,1.6765,0.0489,0.1313,0.126,0.0
551,0.9954,0.0,0.0046,277.35,50.99,0.75,0.0384,0.1177,0.0225,0.0288,0.2023,0.4663,1.6603,0.048,0.1298,0.1241,-0.0025
552,0.9956,0.0,0.0044,310.25,58.67,0.75,0.0317,0.0876,0.0224,0.0256,0.2025,0.388,1.7027,0.0497,0.1334,0.1281,-0.0005
553,0.9954,0.0,0.0046,275.16,50.55,0.75,0.0376,0.1144,0.023,0.0288,0.203,0.4606,1.6665,0.0484,0.1308,0.125,-0.0017
554,0.9949,0.0,0.0051,273.05,50.28,0.75,0.0338,0.1004,0.0224,0.0266,0.2025,0.4253,1.6906,0.0488,0.1311,0.1256,-0.0005
555,0.995,0.0,0.005,283.97,53.08,0.75,0.0347,0.1021,0.0227,0.0267,0.2026,0.4221,1.772,0.0506,0.1362,0.1307,-0.0018
556,0.9947,0.0,0.0053,263.74,48.97,0.75,0.0391,0.1234,0.0221,0.0297,0.203,0.4879,1.6735,0.0481,0.1299,0.1241,-0.0009
557,0.9947,0.0,0.0053,256.21,47.5,0.75,0.0333,0.0936,0.0232,0.0267,0.2038,0.4116,1.5806,0.0463,0.1244,0.1192,-0.0012
558,0.9948,0.0,0.0052,264.98,49.24,0.75,0.0348,0.1075,0.0222,0.028,0.2026,0.4479,1.6429,0.0472,0.1274,0.1218,0.0
559,0.9947,0.0,0.0053,268.1,48.99,0.75,0.0374,0.1144,0.0225,0.0287,0.2033,0.4646,1.7415,0.0499,0.135,0.1293,-0.001
560,0.9942,0.0,0.0058,263.43,48.38,0.75,0.0357,0.1075,0.0228,0.0276,0.2045,0.4324,1.7264,0.0501,0.1345,0.129,-0.001
561,0.9943,0.0,0.0057,268.65,49.22,0.75,0.0374,0.117,0.022,0.0287,0.2018,0.4752,1.6587,0.0481,0.1294,0.1238,0.0
562,0.9948,0.0,0.0052,283.88,53.06,0.75,0.0378,0.1129,0.0232,0.0285,0.2036,0.4613,1.7069,0.0491,0.1324,0.1267,-0.0012
563,0.9948,0.0,0.0052,281.53,52.91,0.75,0.0372,0.1118,0.0226,0.0277,0.2031,0.4635,1.6881,0.0485,0.1309,0.1252,-0.0022
564,0.9944,0.0,0.0056,281.39,52.32,0.75,0.0382,0.1189,0.0222,0.0288,0.2035,0.4762,1.7062,0.0494,0.1333,0.1275,-0.0005
565,0.9946,0.0,0.0054,330.31,63.23,0.75,0.0386,0.1194,0.0226,0.0295,0.2023,0.4861,1.7501,0.0497,0.1346,0.1285,0.0
566,0.9944,0.0,0.0056,248.93,44.76,0.75,0.0351,0.1025,0.0231,0.0265,0.2023,0.4256,1.6301,0.0475,0.1276,0.1222,-0.0024
567,0.9948,0.0,0.0052,291.71,55.1,0.75,0.0348,0.105,0.0225,0.0269,0.2024,0.4348,1.799,0.0512,0.138,0.1323,-0.0011
568,0.9946,0.0,0.0054,267.09,49.21,0.7505,0.0427,0.1311,0.0236,0.0305,0.2028,0.5035,1.6771,0.0484,0.131,0.1252,-0.0031
569,0.9939,0.0,0.0061,299.15,56.17,0.75,0.0387,0.1178,0.0229,0.0288,0.2024,0.4713,1.7028,0.049,0.1321,0.1263,-0.0027
570,0.995,0.0,0.005,290.83,54.7,0.75,0.0396,0.1256,0.0224,0.0294,0.2034,0.4976,1.7336,0.0494,0.134,0.128,0.0
571,0.9951,0.0,0.0049,272.16,50.67,0.75,0.0401,0.1206,0.0229,0.029,0.2031,0.4838,1.6773,0.0482,0.13,0.1242,-0.0016
572,0.9943,0.0,0.0057,265.65,49.01,0.75,0.0407,0.1267,0.0234,0.0294,0.2021,0.4991,1.7052,0.049,0.1326,0.1267,-0.0019
573,0.994,0.0,0.006,282.18,52.06,0.75,0.0373,0.1177,0.0229,0.0285,0.203,0.472,1.7716,0.0508,0.1374,0.1314,0.0
574,0.994,0.0,0.006,287.08,52.67,0.75,0.0337,0.0967,0.0228,0.0253,0.2029,0.4199,1.6344,0.0476,0.1279,0.1226,-0.0015
575,0.9935,0.0,0.0065,292.68,55.6,0.75,0.0384,0.1189,0.0224,0.0279,0.2033,0.4645,1.7904,0.0509,0.1374,0.1316,-0.0017
576,0.9933,0.0,0.0067,281.55,52.28,0.75,0.0427,0.1375,0.0229,0.0311,0.2029,0.5225,1.6171,0.0464,0.1258,0.1198,-0.0008
577,0.9936,0.0,0.0064,274.56,51.23,0.75,0.0385,0.1198,0.0228,0.028,0.2037,0.4751,1.5944,0.0461,0.1247,0.119,-0.0018
578,0.9937,0.0,0.0063,249.3,45.51,0.75,0.0434,0.1427,0.0228,0.0319,0.2027,0.549,1.7207,0.0486,0.1323,0.1259,0.0
579,0.9943,0.0,0.0057,278.59,52.05,0.75,0.0464,0.1578,0.0223,0.0335,0.2024,0.5785,1.7592,0.0495,0.1351,0.1285,0.0
580,0.9944,0.0,0.0056,292.37,55.85,0.75,0.043,0.1408,0.0227,0.0307,0.2038,0.5335,1.7453,0.0494,0.1341,0.1279,-0.0013
581,0.9933,0.0,0.0067,274.65,51.25,0.7505,0.0436,0.1374,0.0233,0.0305,0.2032,0.5216,1.5681,0.0453,0.123,0.1172,-0.0031
582,0.9928,0.0,0.0072,253.96,46.73,0.75,0.0405,0.1265,0.0234,0.0292,0.2046,0.5037,1.6771,0.0479,0.1298,0.1238,-0.0009
583,0.9926,0.0,0.0074,261.03,48.01,0.75,0.0412,0.1304,0.0227,0.0301,0.204,0.5172,1.6743,0.048,0.1302,0.1243,-0.0004
584,0.9926,0.0,0.0074,272.46,50.89,0.75,0.0469,0.1549,0.0232,0.0332,0.2045,0.58,1.7217,0.0491,0.1334,0.1269,-0.0016
585,0.9926,0.0,0.0074,273.4,51.35,0.75,0.0403,0.1281,0.0229,0.0294,0.2039,0.5052,1.6647,0.0476,0.1289,0.123,-0.0009
586,0.9929,0.0,0.0071,288.03,54.47,0.75,0.0437,0.1428,0.0225,0.0317,0.2048,0.5555,1.8013,0.0503,0.1367,0.1301,0.0
587,0.9931,0.0,0.0069,274.97,51.1,0.75,0.041,0.1271,0.0231,0.029,0.2044,0.5001,1.6648,0.0477,0.1291,0.1233,-0.0017
588,0.9929,0.0,0.0071,261.99,47.82,0.75,0.0441,0.1507,0.0224,0.0317,0.205,0.5622,1.6518,0.0474,0.1286,0.1224,-0.0005
589,0.9926,0.0,0.0074,281.9,53.38,0.75,0.0525,0.1676,0.0231,0.0351,0.2051,0.6142,1.6986,0.0475,0.1298,0.1232,-0.0034
590,0.9929,0.0,0.0071,266.8,49.79,0.75,0.0421,0.1365,0.0231,0.0305,0.2049,0.5275,1.599,0.0459,0.1246,0.1186,-0.0009
591,0.993,0.0,0.007,294.53,56.06,0.75,0.0425,0.1356,0.0232,0.0304,0.2049,0.5196,1.7614,0.0497,0.1349,0.1287,-0.0022
592,0.994,0.0,0.006,293.66,55.61,0.75,0.0472,0.1606,0.0223,0.0338,0.2053,0.5885,1.7746,0.0494,0.1347,0.128,0.0
593,0.9939,0.0,0.0061,296.67,56.88,0.75,0.0495,0.1638,0.0227,0.0339,0.2057,0.5989,1.7608,0.0491,0.1341,0.1275,-0.0017
594,0.9939,0.0,0.0061,263.98,47.97,0.75,0.0416,0.1328,0.0225,0.0299,0.2055,0.5116,1.668,0.0478,0.1297,0.1237,-0.0009
595,0.9946,0.0,0.0054,284.69,53.46,0.75,0.0454,0.151,0.0223,0.0325,0.2054,0.5675,1.6682,0.0477,0.1295,0.1232,0.0
596,0.9946,0.0,0.0054,285.04,53.76,0.75,0.0481,0.1585,0.0223,0.0333,0.2059,0.5854,1.7346,0.0488,0.1333,0.1267,-0.0004
597,0.9949,0.0,0.0051,277.06,52.25,0.75,0.0503,0.1794,0.0227,0.0353,0.2061,0.6438,1.6724,0.0471,0.1291,0.1223,0.0
598,0.9952,0.0,0.0048,266.06,49.67,0.75,0.0521,0.1732,0.0227,0.0355,0.2054,0.6391,1.6215,0.0462,0.126,0.1195,-0.0015
599,0.995,0.0,0.005,266.68,50.03,0.75,0.046,0.153,0.023,0.0324,0.2065,0.5765,1.6559,0.047,0.1286,0.1221,0.0
600,0.9951,0.0,0.0049,294.39,56.73,0.75,0.0518,0.1756,0.0225,0.0352,0.2058,0.6387,1.788,0.0492,0.1351,0.1282,-0.0016
601,0.9951,0.0,0.0049,299.76,56.57,0.75,0.0502,0.1641,0.0231,0.0339,0.2052,0.6057,1.7557,0.0497,0.1355,0.1288,-0.002
602,0.9946,0.0,0.0054,288.58,53.96,0.75,0.054,0.1885,0.0224,0.0366,0.2069,0.6646,1.7591,0.0494,0.1355,0.1284,-0.0011
603,0.9949,0.0,0.0051,306.59,58.33,0.75,0.0488,0.1689,0.0221,0.0339,0.2063,0.6081,1.8093,0.0506,0.138,0.1311,0.0
604,0.9958,0.0,0.0042,266.68,49.7,0.75,0.0513,0.1814,0.0232,0.0358,0.206,0.6435,1.7405,0.0491,0.1341,0.1272,0.0
605,0.9959,0.0,0.0041,267.31,49.51,0.75,0.0454,0.1528,0.0226,0.0319,0.2053,0.5673,1.7468,0.0488,0.1333,0.1268,-0.0003
606,0.996,0.0,0.004,289.53,54.97,0.75,0.0454,0.157,0.0224,0.0318,0.2062,0.5723,1.7055,0.0478,0.1303,0.1239,-0.0005
607,0.9963,0.0,0.0037,296.76,56.75,0.75,0.0512,0.1745,0.0225,0.0347,0.2072,0.6264,1.7827,0.0494,0.1356,0.1287,-0.0012
608,0.9959,0.0,0.0041,277.44,51.31,0.75,0.0547,0.1807,0.0236,0.0358,0.2068,0.6559,1.8318,0.0512,0.14,0.1328,-0.0017
609,0.9955,0.0,0.0045,283.01,53.53,0.75,0.0548,0.1855,0.0229,0.0367,0.2071,0.6638,1.7186,0.048,0.1318,0.1248,-0.0018
610,0.9955,0.0,0.0045,259.65,47.91,0.75,0.0429,0.1367,0.023,0.0305,0.2073,0.5269,1.7016,0.0482,0.1314,0.1251,-0.001
611,0.996,0.0,0.004,296.0,56.65,0.75,0.0467,0.1572,0.0225,0.0321,0.2067,0.5745,1.7468,0.0488,0.1331,0.1266,-0.0011
612,0.9962,0.0,0.0038,270.33,51.3,0.75,0.0494,0.1722,0.0224,0.034,0.2068,0.618,1.6583,0.0468,0.1278,0.1212,0.0
613,0.9962,0.0,0.0038,259.21,47.69,0.75,0.0486,0.1633,0.0235,0.0334,0.2068,0.6044,1.6456,0.047,0.1284,0.1218,-0.0004
614,0.996,0.0,0.004,265.6,48.7,0.75,0.0494,0.1705,0.0229,0.0334,0.2063,0.6257,1.6458,0.0467,0.1277,0.1211,-0.0013
615,0.9959,0.0,0.0041,261.14,49.09,0.75,0.0493,0.1702,0.0228,0.0342,0.2078,0.6192,1.7254,0.0481,0.1315,0.1248,0.0
616,0.9965,0.0,0.0035,269.05,50.87,0.75,0.0461,0.1543,0.0232,0.0319,0.2072,0.5758,1.6639,0.0472,0.1287,0.1223,-0.0004
617,0.9961,0.0,0.0039,248.8,45.77,0.75,0.0494,0.1698,0.0238,0.034,0.2071,0.6064,1.7245,0.0485,0.1328,0.1261,-0.0011
618,0.9956,0.0,0.0044,272.04,50.17,0.75,0.0493,0.1713,0.024,0.0333,0.206,0.6165,1.6661,0.047,0.1287,0.122,-0.0011
619,0.9956,0.0,0.0044,285.04,54.1,0.75,0.0442,0.1466,0.0244,0.0309,0.2068,0.5554,1.7405,0.0492,0.134,0.1276,-0.0004
620,0.9948,0.0,0.0052,280.47,52.34,0.7509,0.0582,0.1992,0.024,0.0378,0.2067,0.687,1.7779,0.049,0.1348,0.1276,-0.0029
621,0.9946,0.0,0.0054,282.46,53.28,0.75,0.0482,0.167,0.0237,0.0332,0.2075,0.6114,1.7149,0.0482,0.1316,0.125,0.0
622,0.9945,0.0,0.0055,280.74,52.73,0.75,0.0568,0.1983,0.0239,0.0384,0.208,0.7065,1.7318,0.048,0.1324,0.1249,-0.0005
623,0.9947,0.0,0.0053,300.01,57.57,0.75,0.0523,0.1797,0.0236,0.0355,0.2073,0.6364,1.7706,0.0491,0.1347,0.1277,-0.0006
624,0.9949,0.0,0.0051,284.42,53.29,0.75,0.0545,0.1929,0.0238,0.0365,0.2081,0.6893,1.7428,0.0485,0.1336,0.1264,-0.0003
625,0.9952,0.0,0.0048,276.09,51.69,0.75,0.0574,0.209,0.024,0.0385,0.2074,0.7183,1.5968,0.0454,0.1247,0.1176,0.0
626,0.9951,0.0,0.0049,279.14,51.85,0.75,0.0516,0.1737,0.0243,0.0342,0.2094,0.623,1.7517,0.049,0.1339,0.1272,-0.0027
627,0.9951,0.0,0.0049,255.95,47.56,0.75,0.0623,0.2129,0.0243,0.0404,0.2081,0.7536,1.6553,0.0463,0.1276,0.1201,-0.0014
628,0.9951,0.0,0.0049,303.82,57.56,0.75,0.0572,0.1986,0.0245,0.038,0.2079,0.6969,1.8387,0.0507,0.1393,0.1319,-0.0011
629,0.9946,0.0,0.0054,280.36,53.19,0.75,0.0576,0.1974,0.0253,0.0385,0.2078,0.6954,1.7967,0.05,0.1372,0.1298,-0.0004
630,0.9953,0.0,0.0047,281.35,53.78,0.75,0.0615,0.2206,0.0244,0.0405,0.208,0.7555,1.7361,0.0477,0.1319,0.1242,-0.0012
631,0.995,0.0,0.005,247.15,45.92,0.75,0.0601,0.2106,0.0255,0.0388,0.2083,0.7323,1.6713,0.0465,0.1282,0.1209,-0.0023
632,0.9952,0.0,0.0048,266.04,50.08,0.75,0.0536,0.1906,0.0238,0.0359,0.2065,0.6794,1.6379,0.0461,0.1261,0.1192,-0.0008
633,0.9952,0.0002,0.0048,252.83,46.75,0.75,0.0584,0.2085,0.0236,0.0383,0.2075,0.7284,1.6748,0.047,0.1291,0.1219,-0.0005
634,0.9956,0.0002,0.0044,280.52,53.11,0.75,0.0602,0.2154,0.024,0.0403,0.2065,0.7426,1.6983,0.0466,0.1288,0.1214,-0.0004
635,0.9954,0.0002,0.0046,299.95,57.48,0.75,0.053,0.1879,0.0246,0.0358,0.206,0.6727,1.7199,0.0478,0.131,0.1238,0.0
636,0.9958,0.0002,0.0042,282.21,53.46,0.75,0.056,0.2054,0.0241,0.0371,0.2072,0.7,1.7602,0.0486,0.1338,0.1265,-0.0008
637,0.995,0.0002,0.005,268.8,49.91,0.75,0.0603,0.2196,0.0246,0.0398,0.2087,0.742,1.7215,0.0476,0.1311,0.1237,-0.0019
638,0.9954,0.0002,0.0046,272.42,51.7,0.75,0.0596,0.2071,0.0252,0.0392,0.2074,0.7243,1.7127,0.0472,0.1301,0.1227,-0.0008
639,0.995,0.0002,0.005,291.86,54.89,0.75,0.0551,0.1879,0.025,0.0359,0.2072,0.6697,1.7384,0.0484,0.1326,0.1256,-0.0026
640,0.9948,0.0002,0.0052,273.41,51.2,0.75,0.0577,0.2028,0.0245,0.0383,0.2063,0.7245,1.6157,0.0452,0.1246,0.1173,0.0
641,0.9954,0.0002,0.0046,265.66,50.52,0.75,0.0529,0.1863,0.0242,0.0355,0.205,0.6702,1.6472,0.0461,0.1264,0.1194,0.0
642,0.9958,0.0002,0.0042,285.46,53.74,0.75,0.0605,0.2168,0.0235,0.04,0.2069,0.7417,1.6956,0.0471,0.1299,0.1225,0.0
643,0.9959,0.0002,0.0041,267.0,50.48,0.75,0.0557,0.197,0.0251,0.0375,0.2064,0.6899,1.6946,0.0471,0.1298,0.1226,-0.0011
644,0.9955,0.0002,0.0045,278.74,53.27,0.75,0.0586,0.209,0.0243,0.0385,0.2057,0.7314,1.7871,0.0488,0.1348,0.1272,-0.0007
645,0.9951,0.0002,0.0049,284.5,54.04,0.75,0.0572,0.2002,0.0253,0.0383,0.2064,0.6987,1.705,0.0473,0.1305,0.1232,-0.001
646,0.9948,0.0002,0.0052,291.41,55.86,0.75,0.0572,0.205,0.0245,0.038,0.2073,0.7119,1.7539,0.0479,0.1325,0.125,-0.001
647,0.9946,0.0002,0.0054,291.21,55.17,0.75,0.0574,0.2046,0.0251,0.0381,0.2079,0.7229,1.7112,0.0477,0.1312,0.1238,-0.0006
648,0.9949,0.0002,0.0051,263.1,49.51,0.75,0.056,0.2028,0.0237,0.0373,0.2071,0.7004,1.6852,0.0467,0.1285,0.1215,-0.0006
649,0.995,0.0002,0.005,278.7,52.82,0.75,0.0569,0.2039,0.0243,0.0377,0.2087,0.7127,1.7801,0.0488,0.1345,0.1271,0.0
650,0.995,0.0002,0.005,299.99,58.09,0.75,0.0582,0.2065,0.0238,0.0382,0.2084,0.7221,1.8161,0.0492,0.1356,0.1281,-0.001
651,0.9948,0.0002,0.0053,291.4,56.13,0.75,0.0586,0.2055,0.0251,0.0389,0.2074,0.7024,1.8256,0.0495,0.1368,0.1293,-0.0026
652,0.9951,0.0001,0.0051,280.58,53.5,0.75,0.0569,0.1976,0.0257,0.0381,0.2084,0.694,1.7491,0.0481,0.1325,0.1251,-0.0017
653,0.9953,0.0,0.005,279.95,52.67,0.75,0.062,0.2238,0.0241,0.0406,0.208,0.7624,1.7236,0.0474,0.1314,0.1236,-0.0007
654,0.9953,0.0,0.0049,263.06,49.19,0.75,0.0578,0.2076,0.0244,0.0385,0.2081,0.7131,1.7083,0.047,0.1297,0.1223,0.0
655,0.9954,0.0,0.0048,291.5,55.18,0.75,0.0654,0.2352,0.0257,0.0427,0.2094,0.7947,1.8597,0.0504,0.1399,0.1317,-0.0012
656,0.9957,0.0,0.0045,299.08,56.92,0.75,0.0603,0.2174,0.0246,0.0401,0.2071,0.7547,1.6735,0.0468,0.1288,0.1213,0.0
657,0.9962,0.0,0.0038,279.16,53.02,0.75,0.0566,0.2053,0.025,0.0384,0.2086,0.7155,1.7323,0.0475,0.1312,0.1237,0.0
658,0.9967,0.0,0.0033,277.48,52.16,0.75,0.057,0.2016,0.0243,0.0376,0.2088,0.7082,1.6474,0.0459,0.1265,0.1193,-0.0006
659,0.9968,0.0,0.0032,278.37,53.02,0.75,0.0593,0.2101,0.025,0.0392,0.2085,0.7259,1.7343,0.0476,0.1312,0.1238,-0.0015
660,0.9971,0.0,0.0029,250.82,46.24,0.75,0.0607,0.2233,0.024,0.0404,0.2089,0.7752,1.6888,0.0467,0.1291,0.1215,0.0
661,0.9972,0.0,0.0028,271.58,50.77,0.75,0.0575,0.2076,0.024,0.0378,0.2089,0.7218,1.6131,0.0453,0.1244,0.1173,-0.0008
662,0.9971,0.0,0.0029,299.95,57.31,0.75,0.0651,0.2391,0.0254,0.0428,0.2095,0.8141,1.8063,0.0492,0.1366,0.1284,0.0
663,0.9966,0.0,0.0034,273.87,51.96,0.75,0.0655,0.2441,0.0243,0.0434,0.2085,0.8002,1.6902,0.0462,0.1283,0.1204,-0.0017
664,0.9961,0.0,0.0039,273.63,52.4,0.75,0.063,0.2267,0.0249,0.0416,0.21,0.7871,1.754,0.0477,0.1321,0.1241,-0.001
665,0.9959,0.0,0.0041,283.05,53.67,0.75,0.0601,0.211,0.0253,0.0397,0.2086,0.7413,1.761,0.0485,0.1335,0.1259,-0.002
666,0.9953,0.0,0.0047,270.91,51.28,0.75,0.0633,0.2293,0.0245,0.0414,0.208,0.7874,1.7466,0.0477,0.1321,0.1241,-0.0014
667,0.9947,0.0,0.0053,275.06,52.23,0.75,0.0641,0.2296,0.0255,0.0423,0.2087,0.7886,1.8153,0.0496,0.1369,0.1289,-0.001
668,0.9947,0.0,0.0053,281.61,53.49,0.75,0.0565,0.204,0.0243,0.0382,0.2087,0.7106,1.6939,0.0465,0.1283,0.1209,-0.0003
669,0.9951,0.0,0.0049,292.96,56.16,0.75,0.0671,0.2472,0.0244,0.0433,0.2083,0.8266,1.7164,0.0469,0.1299,0.1219,-0.0012
670,0.9949,0.0,0.0051,273.81,51.6,0.75,0.0678,0.2514,0.0245,0.0444,0.21,0.8416,1.7036,0.0465,0.1293,0.1212,-0.0005
671,0.9949,0.0,0.0051,263.17,48.97,0.75,0.0589,0.2194,0.0246,0.0394,0.2095,0.737,1.652,0.0464,0.1277,0.1204,-0.0012
672,0.9954,0.0,0.0046,281.19,53.59,0.75,0.0597,0.2125,0.0256,0.0399,0.2095,0.7376,1.7846,0.0487,0.1343,0.1266,-0.0005
673,0.9956,0.0,0.0044,285.43,53.87,0.75,0.0622,0.2243,0.0244,0.0412,0.2085,0.7747,1.6219,0.045,0.1244,0.1168,-0.0004
674,0.9954,0.0,0.0046,301.75,58.35,0.75,0.0682,0.2511,0.025,0.044,0.2099,0.8293,1.7939,0.0485,0.1349,0.1266,-0.0022
675,0.9952,0.0,0.0048,250.6,46.5,0.75,0.0643,0.2297,0.0245,0.0417,0.2101,0.7814,1.691,0.0468,0.1293,0.1215,-0.001
676,0.9948,0.0,0.0052,288.68,55.07,0.75,0.0645,0.2358,0.0259,0.0422,0.2105,0.8011,1.8501,0.0501,0.1388,0.1306,-0.0011
677,0.995,0.0,0.005,273.96,51.89,0.75,0.0678,0.251,0.0246,0.0445,0.2084,0.8527,1.8188,0.0488,0.136,0.1276,0.0
678,0.9952,0.0,0.0048,277.4,52.85,0.75,0.0645,0.2359,0.0246,0.0421,0.2087,0.8021,1.667,0.0457,0.1269,0.1191,-0.0009
679,0.9953,0.0,0.0047,256.2,47.89,0.75,0.0629,0.2305,0.0252,0.0419,0.2096,0.7885,1.6756,0.0462,0.1281,0.1203,-0.0006
680,0.995,0.0,0.005,281.42,53.23,0.75,0.0633,0.2285,0.0249,0.0413,0.2091,0.7819,1.6727,0.0461,0.1272,0.1196,-0.002
681,0.9957,0.0,0.0043,283.05,53.96,0.75,0.0639,0.2339,0.0259,0.0424,0.2083,0.7974,1.7002,0.0468,0.1293,0.1214,-0.0005
682,0.9956,0.0,0.0044,283.71,54.29,0.75,0.0628,0.2288,0.0248,0.0412,0.2083,0.7746,1.6844,0.0463,0.1282,0.1205,-0.0015
683,0.9948,0.0,0.0052,287.84,54.95,0.75,0.0646,0.2303,0.0261,0.0427,0.2088,0.7888,1.7575,0.0482,0.1333,0.1254,-0.0013
684,0.9946,0.0001,0.0054,283.08,53.84,0.75,0.0654,0.2419,0.0251,0.0425,0.2098,0.8173,1.7593,0.0477,0.1322,0.1242,-0.0012
685,0.9946,0.0002,0.0054,263.0,48.89,0.75,0.0635,0.233,0.025,0.0415,0.2087,0.787,1.5848,0.0445,0.123,0.1154,-0.0009
686,0.9951,0.0002,0.0049,276.12,52.86,0.75,0.0653,0.2401,0.0256,0.0432,0.2094,0.8111,1.7876,0.0484,0.1344,0.1264,-0.0005
687,0.9954,0.0002,0.0046,267.56,51.09,0.75,0.0649,0.2414,0.0251,0.043,0.2108,0.8078,1.7669,0.0478,0.1327,0.1246,-0.0005
688,0.9953,0.0001,0.0047,302.92,58.15,0.75,0.0621,0.228,0.0251,0.0408,0.2091,0.786,1.7377,0.0473,0.1314,0.1235,-0.001
689,0.9954,0.0,0.0046,296.7,57.3,0.75,0.0579,0.211,0.0258,0.0391,0.2098,0.7388,1.7941,0.0487,0.1342,0.1266,0.0
690,0.9953,0.0002,0.0047,250.51,46.1,0.75,0.0633,0.2296,0.0261,0.0419,0.2109,0.7849,1.68,0.046,0.1273,0.1196,-0.0016
691,0.9949,0.0002,0.0051,282.73,54.06,0.75,0.0645,0.2356,0.0255,0.0423,0.2108,0.8014,1.8688,0.0506,0.1398,0.1316,-0.0006
692,0.9948,0.0002,0.0052,270.4,50.85,0.75,0.0658,0.2461,0.0257,0.0432,0.2099,0.8114,1.6922,0.0464,0.1287,0.1208,-0.001
693,0.9948,0.0002,0.0052,283.72,54.58,0.75,0.069,0.2536,0.0271,0.0461,0.2102,0.8483,1.7728,0.0477,0.133,0.1247,-0.0011
694,0.9949,0.0002,0.0051,257.79,47.98,0.75,0.0632,0.2291,0.0261,0.0421,0.2109,0.7942,1.6454,0.0453,0.1254,0.1176,-0.0011
695,0.9947,0.0002,0.0053,294.17,55.97,0.75,0.0689,0.2577,0.0256,0.0458,0.2087,0.8734,1.7349,0.047,0.1309,0.1226,0.0
696,0.9946,0.0002,0.0055,261.0,49.06,0.75,0.0638,0.2317,0.0258,0.0422,0.2103,0.7883,1.622,0.0446,0.1237,0.1161,-0.002
697,0.995,0.0002,0.0053,302.7,58.02,0.75,0.0728,0.2715,0.0258,0.0477,0.2094,0.8887,1.7919,0.0483,0.1346,0.126,-0.0012
698,0.9948,0.0002,0.0055,267.17,50.53,0.75,0.0665,0.244,0.0249,0.0433,0.2101,0.8182,1.5382,0.0426,0.1184,0.1108,-0.0016
699,0.995,0.0002,0.0052,291.37,55.73,0.75,0.069,0.2594,0.025,0.0461,0.2098,0.8602,1.7669,0.0478,0.1329,0.1244,-0.0004
700,0.9954,0.0002,0.0049,292.28,55.94,0.75,0.0697,0.2661,0.0249,0.0456,0.2093,0.8831,1.7838,0.0479,0.1337,0.1251,-0.0007
701,0.9961,0.0002,0.0041,282.06,54.02,0.75,0.0654,0.2471,0.0251,0.0435,0.209,0.8276,1.6975,0.0459,0.1274,0.1194,-0.0004
702,0.9963,0.0002,0.0037,257.44,48.47,0.75,0.0679,0.2518,0.0248,0.045,0.2094,0.8356,1.6915,0.0462,0.1283,0.1202,-0.0013
703,0.9958,0.0002,0.0042,287.73,55.06,0.75,0.0689,0.2665,0.0252,0.0459,0.2096,0.88,1.8079,0.0489,0.1361,0.1275,-0.001
704,0.9953,0.0002,0.0047,264.94,49.87,0.75,0.0632,0.2322,0.0245,0.0417,0.2093,0.7825,1.6397,0.0454,0.1254,0.1178,-0.0019
705,0.9948,0.0002,0.0052,281.93,53.93,0.75,0.0714,0.2698,0.0238,0.0467,0.2104,0.8959,1.6732,0.0456,0.1268,0.1185,-0.0003
706,0.9943,0.0001,0.0057,279.12,53.22,0.75,0.0711,0.2696,0.0245,0.0463,0.2105,0.8833,1.6768,0.0455,0.127,0.1187,-0.002
707,0.9945,0.0,0.0055,282.89,54.61,0.75,0.0685,0.265,0.024,0.045,0.2093,0.8721,1.7429,0.0473,0.1318,0.1234,-0.0006
708,0.9946,0.0,0.0054,293.46,56.26,0.75,0.0712,0.2776,0.0245,0.0468,0.2085,0.8985,1.7517,0.0475,0.132,0.1236,0.0
709,0.9951,0.0,0.0049,300.62,57.88,0.75,0.0711,0.2743,0.0242,0.0472,0.2086,0.8928,1.7189,0.0468,0.1303,0.1218,0.0
710,0.9961,0.0,0.0039,276.71,52.19,0.75,0.0662,0.2483,0.0257,0.0439,0.2096,0.8229,1.7266,0.0471,0.1307,0.1227,-0.0017
711,0.9964,0.0001,0.0036,257.32,49.08,0.75,0.0675,0.2523,0.0252,0.0447,0.2114,0.8459,1.674,0.0454,0.1264,0.1183,-0.0014
712,0.9965,0.0002,0.0037,309.19,59.78,0.75,0.0708,0.2732,0.0241,0.0473,0.2095,0.8907,1.8686,0.05,0.1392,0.1306,-0.0004
713,0.9966,0.0002,0.0037,266.27,49.67,0.75,0.0675,0.2528,0.0262,0.0452,0.2108,0.8382,1.7201,0.0468,0.1298,0.1216,-0.0005
714,0.9963,0.0002,0.0039,274.68,52.3,0.75,0.0629,0.23,0.0264,0.0422,0.2104,0.7801,1.6578,0.0455,0.1262,0.1184,-0.0015
715,0.9964,0.0002,0.0038,262.99,49.53,0.75,0.0666,0.2472,0.0252,0.0441,0.2118,0.8454,1.6392,0.0453,0.1257,0.1176,0.0
716,0.9968,0.0,0.0034,275.77,52.44,0.75,0.0665,0.2495,0.0255,0.0443,0.2098,0.8422,1.6982,0.0461,0.1281,0.1199,-0.0004
717,0.9966,0.0001,0.0037,292.53,55.73,0.75,0.0701,0.2589,0.0255,0.0454,0.2107,0.8525,1.6569,0.0456,0.1266,0.1186,-0.0025
718,0.996,0.0002,0.0043,260.23,49.08,0.75,0.0692,0.2645,0.0258,0.0464,0.2103,0.8695,1.7862,0.0481,0.134,0.1254,0.0
719,0.9963,0.0,0.004,287.33,54.76,0.75,0.0744,0.2883,0.0249,0.0491,0.2102,0.9278,1.7761,0.0475,0.1329,0.1241,-0.0006
720,0.9966,0.0,0.0038,301.39,58.03,0.75,0.064,0.2395,0.0252,0.0428,0.2094,0.8141,1.7912,0.0486,0.1347,0.1266,-0.0006
721,0.9966,0.0,0.0039,272.51,50.92,0.75,0.0697,0.2636,0.0257,0.0461,0.209,0.8635,1.7056,0.0467,0.1297,0.1215,-0.001
722,0.9966,0.0,0.0039,286.75,55.63,0.75,0.0694,0.2578,0.0253,0.0457,0.2108,0.8591,1.7421,0.0467,0.1302,0.122,-0.0007
723,0.9962,0.0,0.0043,269.21,50.79,0.75,0.0716,0.2753,0.0259,0.0483,0.2111,0.905,1.7922,0.0481,0.1342,0.1254,-0.0005
724,0.9957,0.0,0.0048,277.24,52.67,0.75,0.0735,0.2783,0.0266,0.0482,0.2106,0.9132,1.7874,0.0479,0.1336,0.1249,-0.0023
725,0.9952,0.0,0.0053,265.17,49.87,0.75,0.0684,0.2566,0.0254,0.0449,0.2106,0.859,1.6566,0.0453,0.1259,0.1179,-0.0016
726,0.9955,0.0,0.0049,255.8,48.69,0.75,0.0682,0.2565,0.0257,0.0452,0.2115,0.8559,1.6614,0.045,0.1255,0.1173,-0.0017
727,0.9956,0.0,0.0046,279.62,53.83,0.75,0.0681,0.2626,0.0256,0.0464,0.2102,0.8704,1.7958,0.0483,0.1342,0.1257,0.0
728,0.9955,0.0,0.0046,258.63,48.47,0.75,0.0654,0.2384,0.0269,0.0435,0.2125,0.8009,1.7332,0.047,0.1304,0.1224,-0.002
729,0.9954,0.0,0.0046,290.8,55.9,0.75,0.0744,0.2823,0.0255,0.0492,0.2118,0.928,1.7761,0.048,0.1337,0.125,0.0
730,0.9957,0.0,0.0043,265.37,50.39,0.75,0.0689,0.2574,0.0275,0.0467,0.2103,0.8576,1.6924,0.046,0.1279,0.1195,-0.001
731,0.9957,0.0,0.0043,257.03,49.19,0.75,0.0671,0.255,0.0253,0.0451,0.2103,0.8506,1.6662,0.0452,0.1256,0.1175,-0.0006
732,0.9955,0.0,0.0045,295.4,57.38,0.7504,0.0746,0.2839,0.0263,0.0495,0.2104,0.9335,1.8299,0.0486,0.1357,0.1268,-0.0007
733,0.9958,0.0,0.0042,280.52,54.63,0.75,0.07,0.2668,0.0257,0.0472,0.21,0.8856,1.705,0.046,0.128,0.1196,0.0
734,0.9962,0.0,0.0038,251.96,47.35,0.75,0.0733,0.28,0.0254,0.0483,0.2091,0.9089,1.7156,0.046,0.1287,0.1202,-0.001
735,0.9963,0.0,0.0039,262.39,48.87,0.75,0.0654,0.2478,0.0255,0.0441,0.2106,0.8257,1.6918,0.0461,0.128,0.1201,-0.0003
736,0.9971,0.0,0.0031,268.56,51.11,0.75,0.0735,0.2769,0.0266,0.0491,0.2103,0.9034,1.8786,0.0498,0.1391,0.1302,-0.0007
737,0.997,0.0,0.0033,296.49,57.35,0.75,0.0727,0.2841,0.0253,0.0481,0.2109,0.9342,1.7266,0.0465,0.1299,0.1213,-0.0006
738,0.9968,0.0,0.0037,274.27,52.09,0.75,0.0725,0.2736,0.0266,0.0488,0.2111,0.8813,1.8021,0.0483,0.1345,0.126,-0.0023
739,0.9959,0.0,0.0046,236.72,43.68,0.75,0.0715,0.2659,0.0269,0.0468,0.2111,0.8711,1.6697,0.0453,0.1261,0.1179,-0.0021
740,0.9953,0.0,0.0052,266.44,50.44,0.75,0.0658,0.254,0.0258,0.0438,0.2099,0.8347,1.6721,0.0456,0.1264,0.1184,-0.001
741,0.9955,0.0,0.005,270.04,51.36,0.75,0.0685,0.256,0.0262,0.046,0.2114,0.8478,1.6535,0.0449,0.1252,0.117,-0.0005
742,0.9958,0.0,0.0047,282.31,54.51,0.75,0.0694,0.2708,0.0264,0.0472,0.2094,0.8864,1.783,0.0479,0.1334,0.1249,-0.0011
743,0.9957,0.0,0.0048,259.23,48.74,0.75,0.0726,0.2742,0.0266,0.0489,0.2096,0.8936,1.7557,0.0472,0.1317,0.1231,-0.0006
744,0.9958,0.0,0.0047,275.32,51.8,0.75,0.0675,0.257,0.0268,0.0455,0.2103,0.8367,1.7357,0.047,0.1306,0.1224,-0.0005
745,0.9962,0.0,0.0043,290.62,56.33,0.75,0.0687,0.2637,0.0263,0.0458,0.2102,0.8594,1.7696,0.0472,0.1313,0.1231,-0.0007
746,0.9962,0.0,0.0043,268.68,51.23,0.75,0.0748,0.2958,0.0251,0.049,0.2099,0.954,1.7407,0.0469,0.1313,0.1225,0.0
747,0.9961,0.0,0.0044,291.43,56.48,0.75,0.0688,0.2589,0.0274,0.0466,0.2101,0.8579,1.7242,0.0463,0.1291,0.1208,-0.0009
748,0.9959,0.0,0.0048,283.38,54.01,0.75,0.0711,0.2745,0.0258,0.0473,0.2089,0.8948,1.7639,0.0474,0.1325,0.1239,-0.0018
749,0.9956,0.0,0.0052,269.82,51.45,0.75,0.0722,0.2706,0.0258,0.0479,0.2096,0.8813,1.786,0.0477,0.133,0.1245,-0.0009
750,0.9948,0.0,0.006,295.67,56.66,0.75,0.0782,0.2984,0.0265,0.0514,0.2102,0.9534,1.8306,0.0487,0.1364,0.1274,-0.0015
751,0.9941,0.0,0.0066,265.17,50.97,0.75,0.0687,0.2585,0.0259,0.0455,0.2095,0.8471,1.7238,0.0464,0.1292,0.121,-0.0028
752,0.9939,0.0,0.0068,280.57,53.61,0.75,0.0726,0.2753,0.027,0.0486,0.21,0.9033,1.7329,0.0463,0.1294,0.1209,-0.0005
753,0.9939,0.0,0.0067,292.44,56.66,0.75,0.0687,0.2607,0.0269,0.0465,0.2104,0.8645,1.7152,0.046,0.1282,0.1199,-0.0005
754,0.9938,0.0,0.0067,266.08,50.52,0.75,0.0714,0.2655,0.0275,0.0475,0.2116,0.8732,1.6585,0.0448,0.1252,0.117,-0.0028
755,0.9931,0.0,0.0075,287.1,54.91,0.75,0.0733,0.288,0.0268,0.049,0.2115,0.9208,1.8373,0.0492,0.1371,0.1283,-0.0011
756,0.9933,0.0,0.0074,301.04,58.68,0.75,0.0765,0.2994,0.0266,0.0517,0.2098,0.9568,1.9259,0.0505,0.1414,0.1322,-0.0004
757,0.9934,0.0,0.0073,257.98,49.04,0.75,0.075,0.2892,0.0269,0.0503,0.2085,0.9303,1.795,0.0476,0.1331,0.1243,-0.0015
758,0.9937,0.0,0.007,276.86,52.31,0.75,0.0697,0.2671,0.0265,0.047,0.2092,0.8901,1.725,0.0464,0.1295,0.1212,-0.0005
759,0.9937,0.0,0.007,283.18,54.32,0.75,0.0744,0.2863,0.0265,0.0496,0.2106,0.925,1.7832,0.0478,0.1334,0.1247,-0.0004
760,0.9939,0.0,0.0068,273.99,52.09,0.75,0.0712,0.2734,0.0265,0.0477,0.2092,0.8962,1.7935,0.0483,0.1343,0.1258,-0.0011
761,0.9937,0.0,0.007,276.77,53.37,0.75,0.0755,0.2992,0.0264,0.0509,0.2084,0.9568,1.8013,0.048,0.134,0.1251,-0.0005
762,0.9938,0.0,0.0067,281.95,54.13,0.75,0.0725,0.2841,0.0267,0.0493,0.2095,0.9184,1.7761,0.0474,0.1327,0.1239,0.0
763,0.9943,0.0,0.0062,276.49,53.02,0.75,0.0758,0.3038,0.0267,0.0514,0.2091,0.9672,1.7172,0.046,0.129,0.1201,0.0
764,0.9943,0.0,0.0062,277.8,53.05,0.75,0.0725,0.284,0.0268,0.0494,0.2108,0.9105,1.6703,0.0452,0.1262,0.1179,-0.0011
765,0.9942,0.0,0.0062,263.82,49.72,0.75,0.0766,0.2933,0.0263,0.0513,0.2112,0.942,1.7837,0.0476,0.1331,0.1243,-0.001
766,0.9937,0.0,0.0067,269.6,51.44,0.75,0.0747,0.2906,0.0263,0.0505,0.2093,0.9456,1.7597,0.0471,0.1317,0.1229,-0.0011
767,0.9934,0.0,0.0066,256.44,48.18,0.75,0.0708,0.2646,0.0281,0.0482,0.211,0.8842,1.6837,0.0456,0.127,0.1186,-0.0008
768,0.9936,0.0,0.0064,287.09,55.55,0.75,0.0756,0.2887,0.0267,0.0506,0.2094,0.9358,1.8103,0.048,0.1339,0.1252,-0.0013
769,0.9941,0.0,0.0059,259.06,48.74,0.75,0.0758,0.2941,0.0277,0.0518,0.209,0.9525,1.6927,0.0453,0.1272,0.1184,0.0
770,0.9941,0.0,0.0059,284.72,54.57,0.75,0.0768,0.2989,0.0271,0.0519,0.2096,0.9582,1.8095,0.0482,0.1347,0.1257,-0.0009
771,0.9946,0.0,0.0054,299.44,57.23,0.75,0.0768,0.3006,0.027,0.0509,0.2099,0.9523,1.7348,0.0465,0.1302,0.1214,-0.0024
772,0.9951,0.0,0.0049,271.5,51.77,0.75,0.0772,0.295,0.0265,0.0511,0.2098,0.9603,1.6999,0.0456,0.1278,0.1191,-0.0013
773,0.996,0.0,0.004,276.02,52.6,0.75,0.0799,0.3149,0.0267,0.0534,0.2091,1.0036,1.7444,0.0466,0.1307,0.1216,-0.001
774,0.9955,0.0,0.0045,282.76,54.26,0.75,0.0792,0.3101,0.0273,0.0535,0.2084,0.9879,1.7395,0.0467,0.1306,0.1216,-0.0013
775,0.9951,0.0,0.0049,292.83,56.35,0.75,0.0758,0.289,0.0267,0.0508,0.2091,0.9315,1.7719,0.0473,0.1323,0.1235,-0.0009
776,0.9951,0.0,0.0049,255.1,48.03,0.75,0.0738,0.2854,0.0271,0.0505,0.2105,0.9272,1.7074,0.0459,0.1286,0.1199,-0.0004
777,0.9954,0.0,0.0046,300.01,58.65,0.75,0.0763,0.2937,0.0277,0.0524,0.2082,0.9489,1.8166,0.0476,0.1338,0.1247,0.0
778,0.9952,0.0,0.0048,279.45,53.08,0.75,0.0758,0.2937,0.0273,0.0522,0.209,0.9406,1.7548,0.047,0.1317,0.1229,-0.0005
779,0.9957,0.0,0.0043,264.33,50.54,0.75,0.076,0.2973,0.0264,0.0513,0.2094,0.9676,1.6532,0.0443,0.1243,0.1155,-0.0004
780,0.9963,0.0,0.0037,274.58,53.1,0.75,0.0786,0.3108,0.0267,0.0531,0.2084,0.9968,1.6748,0.0448,0.1262,0.1173,-0.0004
781,0.9965,0.0,0.0035,304.4,58.82,0.75,0.0772,0.3061,0.0268,0.0531,0.2096,0.9681,1.8365,0.0485,0.136,0.1269,0.0
782,0.9964,0.0,0.0036,284.1,54.52,0.75,0.0793,0.3059,0.0269,0.0528,0.2084,0.9741,1.7471,0.0467,0.131,0.122,-0.0019
783,0.9961,0.0,0.0039,281.48,54.51,0.75,0.0837,0.3253,0.027,0.0564,0.2088,1.047,1.7699,0.0466,0.1314,0.1219,-0.0009
784,0.9959,0.0,0.0041,273.46,53.03,0.75,0.0779,0.3083,0.0266,0.0527,0.2085,0.9877,1.7823,0.0469,0.1317,0.1227,-0.001
785,0.9957,0.0,0.0043,305.53,59.37,0.75,0.0781,0.3,0.0263,0.052,0.2088,0.9531,1.7694,0.0472,0.1321,0.1233,-0.0027
786,0.995,0.0001,0.005,282.22,53.73,0.75,0.0765,0.2975,0.0266,0.0518,0.2081,0.9408,1.7282,0.0466,0.1303,0.1216,-0.0013
787,0.995,0.0002,0.005,302.75,58.48,0.75,0.0771,0.3067,0.0256,0.0522,0.2094,0.9804,1.7325,0.0463,0.1295,0.1208,-0.0004
788,0.9946,0.0002,0.0054,304.41,59.57,0.75,0.0795,0.3067,0.0278,0.0537,0.2092,0.9798,1.7541,0.0465,0.1306,0.1216,-0.0018
789,0.9942,0.0002,0.0058,284.14,55.21,0.75,0.0856,0.3353,0.026,0.0565,0.2077,1.0582,1.7721,0.0466,0.1312,0.1218,-0.0017
790,0.9944,0.0002,0.0056,285.37,54.86,0.75,0.0789,0.3178,0.0252,0.053,0.2079,1.0056,1.8164,0.048,0.1346,0.1255,0.0
791,0.9952,0.0002,0.0048,277.02,53.21,0.75,0.0755,0.3042,0.0264,0.0518,0.2082,0.9584,1.752,0.0465,0.1303,0.1215,0.0
792,0.9957,0.0002,0.0043,276.3,53.21,0.75,0.0773,0.3063,0.0261,0.0526,0.2092,0.9787,1.7743,0.047,0.1319,0.1229,0.0
793,0.9961,0.0002,0.0039,259.65,48.86,0.75,0.0789,0.31,0.0275,0.054,0.2088,0.9951,1.6491,0.0445,0.1247,0.1158,-0.0005
794,0.9959,0.0002,0.0041,246.5,45.83,0.75,0.0771,0.3082,0.0258,0.0521,0.2093,0.9821,1.7944,0.0474,0.133,0.124,-0.0018
795,0.9952,0.0002,0.0048,268.49,51.36,0.75,0.0796,0.303,0.0275,0.0531,0.2094,0.9779,1.7749,0.047,0.1317,0.1227,-0.0021
796,0.9949,0.0002,0.0051,257.63,49.14,0.75,0.0748,0.2899,0.027,0.0514,0.2094,0.9332,1.7032,0.0455,0.1272,0.1186,-0.0007
797,0.995,0.0002,0.005,271.99,51.89,0.75,0.078,0.3048,0.0258,0.0516,0.2097,0.9686,1.7792,0.0469,0.1318,0.1229,-0.0024
798,0.9951,0.0002,0.0049,270.73,51.74,0.75,0.0764,0.2974,0.0266,0.0526,0.2083,0.9597,1.7522,0.0464,0.1299,0.121,0.0
799,0.9951,0.0002,0.0049,276.26,53.36,0.75,0.0798,0.3079,0.0279,0.0546,0.2086,0.9894,1.7484,0.0463,0.13,0.121,-0.0014
800,0.9948,0.0001,0.0052,316.87,61.59,0.75,0.075,0.2946,0.0266,0.0516,0.2096,0.9483,1.7873,0.0478,0.1335,0.1246,-0.0005
801,0.9949,0.0,0.0051,295.26,57.33,0.75,0.0785,0.3164,0.0267,0.0527,0.2097,0.9935,1.8007,0.0477,0.1338,0.1248,-0.0016
802,0.9948,0.0,0.0052,267.45,52.06,0.75,0.0784,0.3029,0.0268,0.0533,0.2101,0.9793,1.7119,0.045,0.1266,0.1176,-0.0007
803,0.9953,0.0,0.0047,289.45,56.2,0.75,0.079,0.3135,0.0267,0.0542,0.2096,0.9977,1.8339,0.0482,0.1352,0.126,0.0
804,0.995,0.0,0.005,280.5,54.22,0.75,0.0801,0.3099,0.027,0.0544,0.2085,0.9826,1.7291,0.0459,0.1289,0.12,-0.0019
805,0.9954,0.0,0.0046,261.65,49.47,0.75,0.0752,0.2871,0.0274,0.0519,0.2093,0.9399,1.6065,0.0432,0.1211,0.1126,-0.0006
806,0.9951,0.0,0.0049,257.49,49.58,0.75,0.0809,0.3107,0.0266,0.0538,0.2106,0.9965,1.7418,0.046,0.1293,0.1203,-0.0013
807,0.9952,0.0,0.0048,281.35,54.65,0.75,0.0839,0.3263,0.0268,0.056,0.2095,1.0323,1.9114,0.0496,0.1394,0.1299,-0.0018
808,0.9954,0.0,0.0046,286.27,55.96,0.75,0.076,0.2881,0.027,0.0523,0.2082,0.9489,1.8068,0.0472,0.1326,0.1236,-0.001
809,0.9954,0.0,0.0046,282.95,55.04,0.75,0.0785,0.2973,0.0281,0.054,0.2094,0.9595,1.7264,0.0459,0.1287,0.1198,-0.001
810,0.9948,0.0,0.0052,261.85,49.98,0.75,0.0861,0.3296,0.0266,0.0569,0.2076,1.0462,1.8148,0.0468,0.1325,0.123,-0.0021
811,0.9944,0.0,0.0056,250.72,47.25,0.75,0.0818,0.3112,0.026,0.0549,0.2105,0.9973,1.7222,0.0457,0.1284,0.1194,-0.0018
812,0.994,0.0,0.006,291.95,57.29,0.75,0.0835,0.3254,0.0265,0.0558,0.2105,1.0359,1.7871,0.0469,0.1319,0.1225,-0.0016
813,0.9939,0.0,0.0061,288.27,55.98,0.75,0.0825,0.333,0.0264,0.0561,0.2098,1.0378,1.876,0.0491,0.1379,0.1284,-0.0004
814,0.9941,0.0,0.0059,293.95,56.63,0.75,0.084,0.3309,0.026,0.056,0.2102,1.0497,1.8133,0.0476,0.1342,0.1247,0.0
815,0.9944,0.0,0.0056,295.95,56.91,0.75,0.0802,0.3093,0.0275,0.0552,0.2108,0.9965,1.8484,0.0488,0.1367,0.1274,0.0
816,0.9948,0.0,0.0052,275.53,52.68,0.75,0.082,0.3183,0.0264,0.0555,0.2098,1.0165,1.7707,0.0466,0.1315,0.1223,-0.0004
817,0.9951,0.0,0.0049,281.04,54.44,0.75,0.0845,0.3251,0.0277,0.0573,0.2093,1.0308,1.7672,0.0466,0.1312,0.1219,-0.001
818,0.9948,0.0,0.0052,268.57,51.5,0.75,0.0781,0.2979,0.0277,0.0531,0.2095,0.9456,1.7771,0.0464,0.1308,0.1218,-0.0018
819,0.9946,0.0,0.0054,292.04,57.66,0.75,0.0796,0.312,0.0272,0.0547,0.2111,0.9907,1.8585,0.0481,0.1353,0.126,-0.0007
820,0.9946,0.0,0.0054,244.53,46.13,0.75,0.0791,0.3078,0.0279,0.0543,0.2108,0.9843,1.7836,0.047,0.1321,0.1229,-0.0005
821,0.9945,0.0,0.0055,278.01,53.64,0.75,0.0792,0.3058,0.0281,0.0549,0.2104,0.9709,1.9151,0.0498,0.1399,0.1305,-0.0014
822,0.9941,0.0,0.0059,252.86,48.33,0.75,0.0784,0.2981,0.0274,0.0529,0.2092,0.9628,1.6299,0.0432,0.1214,0.1126,-0.0005
823,0.9946,0.0,0.0054,260.52,49.75,0.75,0.081,0.3149,0.0281,0.0553,0.2099,0.9939,1.8141,0.0472,0.1332,0.1239,-0.001
824,0.9948,0.0,0.0052,273.6,52.38,0.75,0.0837,0.317,0.0277,0.0568,0.2113,1.0131,1.7745,0.0465,0.1309,0.1216,-0.0009
825,0.9949,0.0,0.0051,296.21,57.42,0.75,0.0854,0.3269,0.0281,0.0585,0.2093,1.0455,1.8933,0.0494,0.1391,0.1293,-0.0011
826,0.9949,0.0,0.0051,304.6,59.39,0.75,0.0835,0.3195,0.0271,0.0563,0.2104,1.0133,1.7751,0.0469,0.132,0.1228,-0.0006
827,0.9949,0.0,0.0051,273.52,53.05,0.75,0.0826,0.3294,0.0272,0.0564,0.2098,1.0232,1.7394,0.0455,0.1284,0.1191,-0.0004
828,0.9951,0.0,0.0049,299.07,57.93,0.75,0.0813,0.3066,0.0287,0.056,0.2103,0.9899,1.8549,0.0483,0.1363,0.1269,0.0
829,0.9957,0.0,0.0043,314.36,62.2,0.75,0.08,0.311,0.0284,0.054,0.2097,0.9953,1.7995,0.0472,0.1329,0.1237,-0.0011
830,0.9958,0.0,0.0042,246.4,47.0,0.75,0.0877,0.3287,0.0284,0.059,0.2109,1.043,1.7691,0.046,0.1302,0.1207,-0.0012
831,0.9958,0.0,0.0042,245.38,46.39,0.75,0.0826,0.3271,0.0282,0.0567,0.2099,1.0325,1.6749,0.0445,0.1257,0.1165,-0.0004
832,0.9958,0.0,0.0044,313.79,61.56,0.75,0.0825,0.3086,0.0287,0.056,0.2103,0.9944,1.7793,0.0469,0.1321,0.1228,-0.0021
833,0.9952,0.0,0.0051,248.74,46.49,0.75,0.0833,0.3225,0.0274,0.0565,0.2098,1.0116,1.792,0.0472,0.133,0.1236,-0.0027
834,0.9945,0.0,0.006,255.46,48.85,0.75,0.0788,0.3049,0.0278,0.054,0.2112,0.9731,1.7484,0.0459,0.129,0.1201,-0.0012
835,0.9942,0.0,0.0063,272.32,53.02,0.75,0.0809,0.3125,0.029,0.056,0.2122,0.9838,1.7756,0.0464,0.1309,0.1216,-0.0017
836,0.9945,0.0,0.006,286.43,55.34,0.75,0.0817,0.3226,0.0281,0.0554,0.2118,1.0108,1.8319,0.0478,0.1346,0.1251,-0.0012
837,0.995,0.0,0.0054,273.06,53.11,0.75,0.0822,0.3236,0.028,0.0566,0.2121,1.023,1.7622,0.046,0.1301,0.1208,-0.0008
838,0.9949,0.0,0.0054,275.14,53.21,0.75,0.0801,0.3021,0.0288,0.0548,0.2124,0.9579,1.8166,0.0475,0.1334,0.1243,-0.0016
839,0.9947,0.0,0.0055,286.36,54.75,0.75,0.08,0.2989,0.0289,0.055,0.2115,0.964,1.707,0.0452,0.1271,0.1182,-0.0015
840,0.9947,0.0,0.0055,305.15,59.76,0.75,0.0792,0.312,0.0283,0.0549,0.2114,0.9931,1.7185,0.0452,0.1274,0.1183,-0.0005
841,0.9946,0.0,0.0056,266.58,51.24,0.75,0.0847,0.3229,0.0285,0.0575,0.2118,1.0257,1.8287,0.0473,0.1339,0.1244,-0.0016
842,0.9948,0.0,0.0054,279.06,54.1,0.75,0.0792,0.3063,0.0275,0.0541,0.2106,0.9894,1.7786,0.0466,0.1311,0.1219,0.0
843,0.9952,0.0,0.005,298.39,58.82,0.75,0.0821,0.3113,0.0278,0.0557,0.212,1.0018,1.7999,0.0471,0.1326,0.1233,-0.001
844,0.9949,0.0,0.0053,280.37,54.68,0.75,0.0828,0.3201,0.0279,0.0564,0.2116,1.0135,1.7081,0.0448,0.1265,0.1173,-0.001
845,0.9951,0.0,0.0051,287.83,55.91,0.75,0.078,0.2954,0.0288,0.0542,0.2122,0.9546,1.6858,0.0447,0.1258,0.117,0.0
846,0.9951,0.0,0.0051,271.08,51.63,0.75,0.0835,0.3239,0.0292,0.0579,0.212,1.0195,1.832,0.0474,0.1338,0.1243,-0.0009
847,0.9945,0.0,0.0058,280.7,54.03,0.75,0.0882,0.3431,0.0287,0.0594,0.2125,1.0572,1.8337,0.0478,0.1349,0.1252,-0.0024
848,0.9944,0.0,0.0061,300.88,59.16,0.75,0.0831,0.3176,0.0278,0.0569,0.2114,1.0024,1.8407,0.0482,0.1354,0.126,-0.001
849,0.9944,0.0,0.006,264.45,50.63,0.75,0.0801,0.3053,0.0284,0.0544,0.2136,0.9746,1.782,0.0467,0.1314,0.1222,-0.0015
850,0.9942,0.0,0.0059,265.08,51.15,0.75,0.08,0.3151,0.0278,0.0552,0.212,1.0062,1.6276,0.0431,0.1219,0.1129,-0.001
851,0.9947,0.0,0.0055,297.78,59.1,0.75,0.086,0.3318,0.0286,0.0584,0.2139,1.0503,1.8756,0.0483,0.1363,0.1266,-0.001
852,0.9949,0.0,0.0053,296.08,58.1,0.75,0.0835,0.317,0.0297,0.0571,0.2133,0.9902,1.7982,0.0469,0.1324,0.123,-0.0029
853,0.9947,0.0,0.0056,266.91,50.89,0.75,0.0811,0.314,0.0291,0.0562,0.2115,0.9928,1.7042,0.045,0.1268,0.1178,-0.0007
854,0.994,0.0,0.0062,266.95,51.57,0.75,0.0824,0.3135,0.0289,0.0561,0.2133,0.9781,1.7999,0.0472,0.1329,0.1238,-0.0029
855,0.9941,0.0,0.0062,279.7,54.6,0.75,0.0822,0.3163,0.0286,0.0565,0.2123,1.0081,1.7868,0.0463,0.1308,0.1214,-0.0006
856,0.9942,0.0,0.0061,278.85,53.62,0.75,0.0827,0.3113,0.0285,0.0564,0.2124,0.9935,1.8131,0.0473,0.1336,0.1243,-0.0008
857,0.9942,0.0,0.0061,249.04,47.44,0.75,0.0785,0.3076,0.0286,0.0546,0.2135,0.9819,1.6918,0.0446,0.1256,0.1166,0.0
858,0.9948,0.0,0.0055,266.15,51.46,0.75,0.0815,0.3098,0.0279,0.0561,0.2104,0.9982,1.7559,0.046,0.1296,0.1204,-0.0003
859,0.9952,0.0,0.005,259.64,50.07,0.75,0.083,0.313,0.0283,0.0556,0.2128,1.0089,1.748,0.0454,0.1282,0.1189,-0.0017
860,0.9948,0.0,0.0055,275.09,52.61,0.75,0.0782,0.2994,0.0287,0.0536,0.213,0.9665,1.6454,0.0438,0.1233,0.1145,-0.0008
861,0.9951,0.0,0.0051,277.37,53.93,0.75,0.0786,0.3095,0.0288,0.055,0.2115,0.9815,1.7269,0.045,0.127,0.118,-0.0017
862,0.9947,0.0,0.0056,261.78,50.33,0.75,0.075,0.2847,0.0306,0.0529,0.2113,0.9358,1.7006,0.0445,0.1256,0.1168,-0.0005
863,0.9954,0.0,0.0049,266.83,51.72,0.75,0.085,0.3196,0.0302,0.0583,0.2113,1.0228,1.8879,0.0485,0.1374,0.1276,-0.0021
864,0.9949,0.0,0.0053,267.95,51.76,0.75,0.0843,0.3211,0.0289,0.0576,0.2115,1.0168,1.8382,0.0473,0.1339,0.1244,-0.0016
865,0.9946,0.0,0.0057,243.95,45.86,0.75,0.0773,0.2927,0.0294,0.0535,0.2107,0.9387,1.7295,0.0451,0.1269,0.1181,-0.001
866,0.9948,0.0,0.0055,274.45,53.04,0.75,0.0832,0.3229,0.0294,0.0567,0.214,1.0257,1.7532,0.0451,0.128,0.1185,-0.0011
867,0.9943,0.0,0.006,270.94,53.15,0.75,0.0818,0.3183,0.0295,0.0562,0.2135,1.0095,1.7884,0.0461,0.1303,0.1208,-0.0019
868,0.9942,0.0,0.0061,275.35,53.13,0.75,0.0842,0.3223,0.0285,0.0569,0.2128,1.0159,1.8494,0.0481,0.1354,0.126,-0.0012
869,0.994,0.0,0.0062,281.34,54.71,0.75,0.0843,0.3094,0.0288,0.0574,0.2136,0.9952,1.8523,0.0478,0.1347,0.1253,-0.0013
870,0.9947,0.0,0.0056,298.11,58.1,0.75,0.0837,0.3124,0.0293,0.0573,0.2129,1.0077,1.905,0.0495,0.1392,0.1296,0.0
871,0.9959,0.0,0.0043,240.61,45.47,0.75,0.0768,0.288,0.0306,0.0541,0.2127,0.9396,1.6866,0.0443,0.125,0.1161,0.0
872,0.9955,0.0,0.0045,267.55,52.03,0.75,0.0839,0.3133,0.0307,0.0584,0.2121,1.0138,1.7346,0.045,0.1273,0.1179,-0.0017
873,0.9951,0.0,0.0049,298.84,59.11,0.75,0.0807,0.3057,0.0299,0.0561,0.2111,0.9782,1.8355,0.0476,0.1343,0.1248,-0.0009
874,0.9944,0.0,0.0056,267.74,51.66,0.75,0.0813,0.3036,0.0289,0.0566,0.2116,0.9766,1.6663,0.0436,0.1232,0.1142,-0.0014
875,0.9942,0.0,0.0058,259.74,50.31,0.75,0.0768,0.2961,0.028,0.0539,0.2105,0.9484,1.811,0.0468,0.1317,0.1227,-0.0009
876,0.9944,0.0,0.0056,282.16,55.34,0.75,0.082,0.3122,0.0284,0.0576,0.2114,0.9937,1.8599,0.0475,0.1346,0.1251,0.0
877,0.9948,0.0,0.0052,248.05,47.53,0.75,0.0796,0.2995,0.0282,0.0555,0.2118,0.966,1.7586,0.0459,0.1297,0.1206,-0.0004
878,0.9943,0.0,0.0057,251.78,47.77,0.75,0.0836,0.319,0.0294,0.0581,0.212,1.0193,1.7131,0.0449,0.1268,0.1176,-0.0013
879,0.9948,0.0,0.0052,276.15,53.75,0.75,0.0871,0.3369,0.0285,0.0599,0.2119,1.056,1.8056,0.046,0.1308,0.1211,-0.0005
880,0.9953,0.0,0.0047,279.75,55.31,0.75,0.0826,0.318,0.0281,0.0573,0.2125,1.0079,1.8212,0.0465,0.132,0.1226,-0.0018
881,0.9956,0.0,0.0044,282.59,54.83,0.75,0.0861,0.334,0.0294,0.0592,0.2116,1.0513,1.857,0.0478,0.1353,0.1255,-0.0011
882,0.996,0.0,0.004,284.46,55.04,0.75,0.081,0.3123,0.0288,0.0573,0.2125,0.9996,1.7831,0.0462,0.1308,0.1214,0.0
883,0.9967,0.0,0.0033,288.68,57.18,0.75,0.0798,0.3035,0.0292,0.0571,0.2115,0.9776,1.8355,0.0471,0.1333,0.1238,0.0
884,0.9968,0.0,0.0032,275.99,53.36,0.75,0.0833,0.3288,0.0293,0.0576,0.2126,1.0207,1.7766,0.046,0.1302,0.1208,-0.0012
885,0.996,0.0,0.004,262.91,51.23,0.75,0.0873,0.3339,0.0292,0.0606,0.2126,1.058,1.7738,0.0455,0.1294,0.1198,-0.001
886,0.996,0.0,0.004,293.74,57.47,0.75,0.0827,0.3234,0.0282,0.0578,0.2122,1.0246,1.8095,0.0472,0.1332,0.1236,-0.0008
887,0.9961,0.0,0.0039,286.42,56.11,0.75,0.0796,0.3063,0.0285,0.0559,0.2119,0.977,1.7634,0.0461,0.1299,0.1208,-0.0009
888,0.9962,0.0,0.0038,269.83,52.35,0.75,0.0816,0.3077,0.0302,0.0575,0.2107,0.9841,1.7677,0.0458,0.1294,0.1201,-0.0013
889,0.9953,0.0,0.0047,286.27,55.5,0.75,0.0855,0.3266,0.0298,0.0601,0.2107,1.0395,1.8324,0.0472,0.1339,0.1241,-0.003
890,0.995,0.0,0.005,270.56,52.36,0.75,0.0803,0.3066,0.03,0.0568,0.2104,0.976,1.7589,0.0455,0.1288,0.1195,-0.0012
891,0.9949,0.0,0.0051,289.96,57.21,0.75,0.0881,0.3372,0.0285,0.0602,0.2107,1.0601,1.8395,0.0473,0.1341,0.1243,-0.0008
892,0.9952,0.0,0.0048,294.28,58.04,0.75,0.0827,0.315,0.0299,0.0582,0.2122,1.0045,1.8882,0.0483,0.1367,0.1271,-0.0009
893,0.995,0.0,0.005,262.06,50.58,0.75,0.0808,0.3155,0.03,0.0573,0.21,0.9957,1.7742,0.0455,0.1297,0.1202,-0.0013
894,0.9947,0.0,0.0053,266.49,51.77,0.75,0.0884,0.3362,0.0315,0.0619,0.2115,1.0553,1.6851,0.0435,0.1239,0.1144,-0.002
895,0.994,0.0,0.0062,284.3,55.39,0.75,0.0879,0.3347,0.0299,0.0603,0.2087,1.0498,1.8215,0.047,0.1333,0.1235,-0.0013
896,0.994,0.0,0.0063,268.01,52.06,0.75,0.0824,0.3112,0.0302,0.0587,0.2116,1.0099,1.7745,0.0461,0.1306,0.1212,0.0
897,0.994,0.0,0.0062,268.41,51.77,0.75,0.0804,0.2971,0.0297,0.0565,0.2101,0.9626,1.764,0.0459,0.1297,0.1205,-0.0018
898,0.9932,0.0,0.007,274.84,52.76,0.75,0.0847,0.3191,0.0307,0.0598,0.2124,1.0061,1.7397,0.045,0.1277,0.1183,-0.0026
899,0.9925,0.0,0.0078,282.31,54.51,0.75,0.0871,0.3343,0.0287,0.0608,0.2105,1.0587,1.8353,0.0474,0.1341,0.1244,-0.001
900,0.9924,0.0,0.0081,300.86,58.8,0.75,0.0949,0.3528,0.0294,0.0638,0.2119,1.1001,1.8394,0.0471,0.134,0.1239,-0.0022
901,0.993,0.0,0.0075,273.32,53.47,0.75,0.0811,0.3106,0.0296,0.0573,0.2134,0.9875,1.8019,0.0462,0.1311,0.1217,-0.0013
902,0.9934,0.0,0.0071,246.9,47.23,0.75,0.0851,0.3197,0.0295,0.0592,0.2126,1.0229,1.7406,0.045,0.1276,0.1182,-0.0017
903,0.9933,0.0,0.0072,268.77,52.45,0.75,0.084,0.3189,0.0301,0.059,0.2131,1.0199,1.721,0.0446,0.1265,0.117,-0.0004
904,0.993,0.0,0.0073,281.4,54.56,0.75,0.086,0.3167,0.0298,0.0597,0.2128,1.0082,1.8232,0.0469,0.1328,0.1233,-0.0029
905,0.9924,0.0,0.0079,277.13,53.98,0.75,0.0834,0.3134,0.0299,0.0585,0.2139,0.9976,1.7887,0.0465,0.1313,0.1219,-0.002
906,0.9921,0.0,0.0082,271.67,52.75,0.75,0.0876,0.3293,0.0317,0.0618,0.2126,1.0416,1.7819,0.0457,0.1297,0.12,-0.001
907,0.9921,0.0,0.0081,275.25,53.31,0.75,0.084,0.31,0.0308,0.0588,0.2138,1.006,1.8029,0.0467,0.1322,0.1225,-0.0009
908,0.9924,0.0,0.0077,271.99,52.76,0.75,0.0824,0.3025,0.0306,0.059,0.2132,0.9841,1.7695,0.0458,0.1294,0.1201,-0.0016
909,0.9928,0.0,0.0072,266.08,51.67,0.75,0.0852,0.3227,0.0304,0.0599,0.2147,1.0192,1.7505,0.0449,0.1277,0.1181,-0.0013
910,0.9932,0.0,0.0068,265.67,51.59,0.75,0.0872,0.3232,0.0297,0.0607,0.214,1.0463,1.7216,0.0446,0.1264,0.1168,-0.0008
911,0.9933,0.0,0.0067,262.45,49.94,0.75,0.0832,0.31,0.0296,0.0585,0.2132,0.9957,1.7498,0.0456,0.1289,0.1195,-0.0005
912,0.993,0.0,0.007,300.16,59.44,0.75,0.0872,0.319,0.031,0.0618,0.2146,1.0324,1.8952,0.0482,0.1369,0.1271,-0.0013
913,0.9929,0.0,0.0071,294.96,57.86,0.75,0.0842,0.319,0.0307,0.0603,0.2143,1.0086,1.8247,0.0469,0.1333,0.1237,-0.002
914,0.9929,0.0,0.0073,284.27,55.82,0.75,0.0813,0.3069,0.0289,0.0582,0.2147,0.9835,1.8119,0.0463,0.1313,0.1219,-0.0012
915,0.9935,0.0,0.0068,245.72,47.55,0.75,0.0819,0.3089,0.0292,0.0579,0.2143,0.9846,1.6339,0.0427,0.1211,0.112,-0.0014
916,0.9931,0.0,0.0072,270.16,52.82,0.75,0.0811,0.3077,0.0305,0.0578,0.2139,0.9739,1.7859,0.0461,0.1306,0.1212,-0.0016
917,0.9932,0.0,0.007,270.9,53.17,0.75,0.0865,0.3242,0.0303,0.0605,0.215,1.0339,1.7361,0.0445,0.1264,0.1168,-0.0007
918,0.9934,0.0,0.0068,272.58,53.19,0.75,0.0849,0.3142,0.0311,0.0604,0.2137,1.015,1.7403,0.0448,0.1273,0.1177,-0.0005
919,0.9939,0.0,0.0063,291.74,56.61,0.75,0.0846,0.312,0.0309,0.0604,0.2134,1.0083,1.8241,0.0472,0.1336,0.124,-0.001
920,0.9944,0.0,0.0058,278.7,54.41,0.75,0.0868,0.3235,0.0294,0.0608,0.2161,1.0211,1.7855,0.0459,0.1304,0.1208,-0.0025
921,0.9427,0.0,0.0599,284.08,54.55,0.5,0.094,0.4555,0.0442,0.0659,0.2204,0.9972,1.7788,0.047,0.1262,0.1183,-0.1149
922,0.8946,0.0,0.1082,278.39,53.67,0.5,0.1058,0.4603,0.0384,0.0649,0.2178,1.0033,1.739,0.0498,0.1234,0.1155,-0.1107
923,0.8523,0.0,0.1514,295.92,57.4,0.5,0.1087,0.4631,0.0397,0.0648,0.2177,1.0132,1.8285,0.0576,0.1287,0.1206,-0.1111
924,0.8141,0.0,0.1901,258.01,49.03,0.5,0.1113,0.4411,0.04,0.0649,0.2167,0.9817,1.7845,0.0628,0.128,0.1198,-0.0995
925,0.7741,0.0,0.2306,263.43,49.59,0.5,0.1126,0.4864,0.0402,0.0676,0.2174,1.063,1.7926,0.0676,0.1275,0.1193,-0.1171
926,0.7375,0.0,0.2689,264.78,50.3,0.5,0.1076,0.4423,0.0389,0.0639,0.2143,0.9829,1.7279,0.071,0.124,0.116,-0.1038
927,0.7064,0.0,0.3001,264.14,51.08,0.5,0.1055,0.4444,0.0393,0.0632,0.2176,0.9794,1.8241,0.0779,0.1292,0.1214,-0.1022
928,0.6752,0.0,0.3312,292.5,57.56,0.5,0.1164,0.495,0.0394,0.0679,0.2164,1.0685,1.8744,0.0826,0.1322,0.1237,-0.114
929,0.6405,0.0,0.3661,258.36,49.53,0.5,0.1077,0.469,0.0395,0.0648,0.2161,1.0246,1.764,0.0837,0.1259,0.118,-0.1098
930,0.6123,0.0,0.395,248.34,47.63,0.5,0.1117,0.4712,0.0399,0.0661,0.2169,1.0269,1.7994,0.0865,0.1274,0.1192,-0.1102
931,0.5866,0.0,0.4211,269.04,51.67,0.5,0.1156,0.4905,0.0393,0.0677,0.2171,1.067,1.7265,0.0863,0.124,0.1158,-0.1071
932,0.5651,0.0,0.4429,275.03,54.0,0.5,0.1044,0.457,0.0384,0.0623,0.2233,0.9783,1.8262,0.0925,0.1289,0.1211,-0.1092
933,0.5426,0.0,0.4653,288.68,56.89,0.5,0.1112,0.4594,0.0416,0.0668,0.2157,1.0092,1.818,0.0945,0.1285,0.1203,-0.1026
934,0.5223,0.0,0.485,280.54,55.54,0.5,0.1117,0.4633,0.0388,0.0657,0.2165,1.0246,1.7888,0.096,0.1269,0.1187,-0.108
935,0.5028,0.0,0.5045,264.18,51.79,0.5,0.1106,0.4621,0.0388,0.0647,0.2171,0.9996,1.8646,0.0999,0.1307,0.1225,-0.1075
936,0.4909,0.0,0.5164,284.64,56.7,0.5,0.1137,0.456,0.0407,0.0658,0.2164,1.0157,1.7961,0.1007,0.1272,0.1189,-0.0968
937,0.4801,0.0,0.5279,270.2,53.75,0.5,0.1154,0.468,0.039,0.0667,0.2198,1.0206,1.8577,0.1039,0.1303,0.122,-0.1073
938,0.4673,0.0,0.5405,257.19,50.0,0.5,0.1091,0.4432,0.0407,0.0636,0.2191,0.9752,1.7522,0.1005,0.125,0.1168,-0.1042
939,0.4602,0.0,0.5482,263.18,51.88,0.5,0.1098,0.4578,0.0397,0.0649,0.2178,1.0049,1.6866,0.099,0.1202,0.1124,-0.106
940,0.4546,0.0,0.5545,257.9,49.6,0.5,0.108,0.4521,0.0387,0.0634,0.2175,0.9919,1.7713,0.1058,0.1264,0.1186,-0.1073
941,0.4528,0.0,0.5569,291.04,58.78,0.5,0.1101,0.4429,0.039,0.0651,0.2163,0.9912,1.8893,0.1109,0.133,0.1247,-0.1014
942,0.4554,0.0,0.554,262.21,51.02,0.5,0.1102,0.4643,0.0387,0.0646,0.2151,1.0219,1.6842,0.1013,0.121,0.1131,-0.1005
943,0.4534,0.0,0.556,249.63,48.41,0.5,0.1071,0.4453,0.04,0.063,0.2191,0.9777,1.6838,0.1009,0.1204,0.1126,-0.1047
944,0.4529,0.0,0.5567,274.91,53.59,0.5,0.1056,0.4474,0.0384,0.0635,0.2164,0.9885,1.71,0.103,0.1223,0.1145,-0.1088
945,0.452,0.0,0.5578,239.99,46.41,0.5,0.1117,0.4648,0.0394,0.0652,0.2196,1.0075,1.7381,0.1033,0.1234,0.1154,-0.1066
946,0.4548,0.0,0.555,264.35,52.29,0.5,0.1108,0.457,0.0393,0.0637,0.2176,1.0084,1.7357,0.1035,0.1238,0.1158,-0.1011
947,0.4549,0.0,0.5543,254.6,49.83,0.5,0.1123,0.4716,0.0419,0.0661,0.2174,1.0299,1.8582,0.108,0.1293,0.1211,-0.1132
948,0.4557,0.0,0.5531,267.36,52.88,0.5,0.1116,0.4559,0.0395,0.0651,0.2165,1.01,1.9348,0.114,0.1359,0.1276,-0.1029
949,0.4598,0.0,0.5491,271.24,53.58,0.5,0.1127,0.4738,0.039,0.0658,0.2181,1.0355,1.7822,0.1057,0.1264,0.1183,-0.1043
950,0.4643,0.0,0.544,260.72,51.29,0.5,0.1061,0.4231,0.0408,0.0624,0.2185,0.948,1.7275,0.1039,0.1237,0.1159,-0.0989
951,0.4668,0.0,0.541,278.47,54.54,0.5,0.1159,0.4635,0.0402,0.0667,0.2189,1.0232,1.777,0.1053,0.1261,0.1179,-0.1054
952,0.4696,0.0,0.5389,270.02,52.41,0.5,0.11,0.4524,0.0389,0.0644,0.2157,1.0038,1.7534,0.1047,0.125,0.117,-0.0987
953,0.4692,0.0,0.5395,267.92,52.96,0.5,0.1138,0.4567,0.0394,0.0665,0.2192,1.0112,1.7276,0.1032,0.1232,0.1152,-0.1027
954,0.4692,0.0,0.5393,285.73,56.52,0.5,0.11,0.4356,0.0395,0.0642,0.2174,0.9737,1.8672,0.1102,0.132,0.1237,-0.102
955,0.4686,0.0,0.5395,252.05,48.47,0.5,0.1046,0.422,0.0401,0.062,0.219,0.9425,1.7896,0.1073,0.1274,0.1197,-0.1012
956,0.4705,0.0,0.5377,292.47,58.25,0.5,0.1121,0.4572,0.0402,0.066,0.2159,1.0053,1.7895,0.1064,0.1272,0.119,-0.1046
957,0.4684,0.0,0.5397,264.93,52.11,0.5,0.118,0.4804,0.0394,0.0684,0.2188,1.0462,1.8103,0.1066,0.1276,0.1194,-0.1141
958,0.4649,0.0,0.5426,276.36,54.83,0.5,0.1094,0.45,0.0402,0.0651,0.2174,0.9847,1.8981,0.1119,0.134,0.1257,-0.1001
959,0.4679,0.0,0.5395,268.57,52.1,0.5,0.121,0.5002,0.04,0.0691,0.2194,1.0803,1.8686,0.1099,0.1318,0.1232,-0.1103
960,0.4666,0.0,0.5413,264.86,52.34,0.5,0.1122,0.4785,0.04,0.0661,0.2179,1.0384,1.8302,0.1068,0.1281,0.1199,-0.1101
961,0.4644,0.0,0.5423,291.5,58.14,0.5,0.1147,0.4787,0.0398,0.0673,0.22,1.0364,1.7668,0.1034,0.1241,0.116,-0.1102
962,0.4607,0.0,0.5456,258.06,49.72,0.5,0.1159,0.4752,0.0393,0.0671,0.2167,1.0485,1.7038,0.1026,0.1227,0.1147,-0.1031
963,0.4584,0.0,0.5481,242.41,46.59,0.5,0.1108,0.467,0.0405,0.0653,0.222,1.0195,1.699,0.1016,0.1214,0.1136,-0.1092
964,0.4601,0.0,0.5464,258.89,50.25,0.5,0.1107,0.4561,0.0405,0.0638,0.2239,0.9965,1.6313,0.0985,0.1175,0.1097,-0.1006
965,0.4634,0.0,0.5428,263.83,51.5,0.5,0.111,0.4655,0.0394,0.0646,0.2206,1.0149,1.8237,0.1083,0.1292,0.1211,-0.1057
966,0.4613,0.0,0.5446,255.9,49.85,0.5,0.114,0.4865,0.0387,0.0665,0.2219,1.0568,1.7097,0.1021,0.1218,0.1139,-0.1098
967,0.4586,0.0,0.5469,269.81,53.24,0.5,0.1121,0.4727,0.0398,0.0666,0.219,1.0369,1.7331,0.1028,0.123,0.115,-0.1038
968,0.4604,0.0,0.5449,295.27,58.77,0.5,0.1128,0.4671,0.0393,0.066,0.2197,1.0151,1.8367,0.1096,0.1303,0.1222,-0.1039
969,0.4582,0.0,0.548,268.46,51.71,0.5,0.1125,0.4614,0.0402,0.0654,0.2219,1.0137,1.7019,0.1021,0.1221,0.1141,-0.1042
970,0.4586,0.0,0.5479,272.77,53.62,0.5,0.1165,0.482,0.0395,0.0674,0.218,1.0526,1.7726,0.1064,0.1267,0.1186,-0.1052
971,0.4606,0.0,0.5459,279.09,55.3,0.5,0.115,0.4837,0.0396,0.067,0.2194,1.0512,1.8239,0.108,0.1287,0.1205,-0.1051
972,0.4656,0.0,0.5413,262.47,51.56,0.5,0.1155,0.4626,0.0391,0.0659,0.2197,1.0256,1.734,0.1035,0.1241,0.1158,-0.0954
973,0.4647,0.0,0.542,265.9,52.31,0.5,0.1197,0.4855,0.0397,0.0684,0.2203,1.0685,1.7895,0.1049,0.1261,0.1178,-0.1074
974,0.4677,0.0,0.5381,282.56,56.11,0.5,0.1085,0.4396,0.0393,0.0637,0.217,0.9767,1.8292,0.1076,0.1292,0.121,-0.0951
975,0.4676,0.0,0.5382,291.69,58.36,0.5,0.113,0.4646,0.0388,0.0645,0.2218,1.0,1.7896,0.1065,0.1273,0.1191,-0.1028
976,0.4698,0.0,0.5357,250.22,48.4,0.5,0.1108,0.4404,0.0392,0.0631,0.2188,0.9736,1.6235,0.0981,0.1167,0.1091,-0.1016
977,0.4686,0.0,0.5368,256.58,49.45,0.5,0.1155,0.4768,0.0417,0.0683,0.2172,1.0437,1.7843,0.1055,0.1261,0.118,-0.1094
978,0.47,0.0,0.5359,270.09,53.22,0.5,0.1078,0.4364,0.0384,0.0642,0.2164,0.9727,1.8304,0.1085,0.1295,0.1213,-0.0933
979,0.4688,0.0,0.5373,248.8,48.26,0.5,0.1091,0.4419,0.0395,0.0639,0.2194,0.9687,1.7376,0.1037,0.1233,0.1156,-0.1072
980,0.4624,0.0,0.5428,268.66,52.71,0.5,0.1168,0.4793,0.0391,0.0677,0.2195,1.0455,1.8757,0.1101,0.1319,0.1235,-0.1073
981,0.4579,0.0,0.5469,241.6,46.04,0.5,0.1143,0.4699,0.0407,0.0675,0.2211,1.0316,1.7212,0.1023,0.1225,0.1144,-0.1065
982,0.4578,0.0,0.5473,265.98,52.06,0.5,0.1168,0.4886,0.0394,0.0675,0.2187,1.0632,1.7948,0.1068,0.1274,0.1191,-0.1102
983,0.4548,0.0,0.5508,257.75,50.33,0.5,0.1164,0.4792,0.042,0.0684,0.2196,1.0384,1.7641,0.1041,0.125,0.1167,-0.1075
984,0.4598,0.0,0.5461,259.05,50.49,0.5,0.1056,0.4208,0.0385,0.0623,0.2175,0.9489,1.7266,0.1045,0.1241,0.1162,-0.0895
985,0.4586,0.0,0.5463,244.24,47.58,0.5,0.122,0.4963,0.0399,0.0695,0.2182,1.0808,1.7326,0.1029,0.1232,0.1149,-0.1068
986,0.4594,0.0,0.5461,255.01,49.04,0.5,0.1209,0.4977,0.0414,0.0704,0.2183,1.0915,1.7815,0.1045,0.1255,0.1171,-0.1152
987,0.4599,0.0,0.5466,259.08,51.22,0.5,0.1074,0.4272,0.0404,0.0639,0.2203,0.9512,1.7765,0.1059,0.1264,0.1182,-0.0905
988,0.4614,0.0,0.5452,258.18,50.74,0.5,0.1169,0.4641,0.0386,0.0667,0.2211,1.0305,1.7332,0.1031,0.1234,0.1153,-0.1005
989,0.4631,0.0,0.544,262.26,51.06,0.5,0.1155,0.4713,0.0391,0.066,0.2218,1.0358,1.7864,0.1061,0.1271,0.1187,-0.0966
990,0.4661,0.0,0.5413,271.05,53.05,0.5,0.115,0.4544,0.0394,0.0668,0.2181,1.018,1.7199,0.1031,0.1232,0.115,-0.0973
991,0.4679,0.0,0.5395,260.6,50.44,0.5,0.1177,0.4767,0.0411,0.0681,0.2196,1.0451,1.7153,0.1027,0.1227,0.1145,-0.106
992,0.466,0.0,0.5411,274.33,54.29,0.5,0.1182,0.4947,0.0391,0.0687,0.2194,1.0836,1.7522,0.1029,0.1238,0.1154,-0.1073
993,0.4656,0.0,0.5413,249.31,48.35,0.5,0.1126,0.4797,0.0395,0.0677,0.2227,1.0387,1.7179,0.1032,0.1227,0.1147,-0.111
994,0.4673,0.0,0.5396,275.67,54.17,0.5,0.1158,0.4659,0.0397,0.0662,0.2198,1.0171,1.8601,0.1089,0.1308,0.1224,-0.0947
995,0.4749,0.0,0.5326,268.35,52.2,0.5,0.1151,0.4503,0.0394,0.0659,0.2186,1.0108,1.8342,0.1077,0.1294,0.121,-0.0922
996,0.4762,0.0,0.5308,295.66,58.58,0.5,0.1166,0.4764,0.0404,0.0677,0.2178,1.0473,1.8202,0.1075,0.1284,0.12,-0.1029
997,0.4753,0.0,0.5321,275.79,55.08,0.5,0.1106,0.4398,0.0407,0.0655,0.22,0.9873,1.8302,0.1082,0.129,0.1208,-0.0956
998,0.4822,0.0,0.5255,243.58,46.81,0.5,0.1106,0.4465,0.0386,0.0642,0.2178,0.9994,1.6954,0.1016,0.1216,0.1136,-0.0919
999,0.4887,0.0,0.5193,273.2,53.54,0.5,0.114,0.4437,0.0415,0.0659,0.2196,0.9941,1.7868,0.1055,0.1263,0.1181,-0.0938
1000,0.4907,0.0,0.5177,247.74,47.89,0.5,0.1127,0.4739,0.0399,0.0663,0.2204,1.0351,1.735,0.1034,0.1231,0.115,-0.1038
1001,0.4903,0.0,0.5182,248.34,48.48,0.5,0.1114,0.4483,0.0414,0.0655,0.2218,0.9984,1.6797,0.1006,0.1204,0.1124,-0.0976
1002,0.4943,0.0,0.5143,259.36,50.19,0.5,0.1148,0.4567,0.0398,0.0659,0.221,1.0235,1.7085,0.1026,0.1224,0.1142,-0.092
1003,0.4977,0.0,0.5111,302.83,60.85,0.5,0.1117,0.4532,0.0395,0.0659,0.2193,1.0047,1.788,0.1066,0.1274,0.1191,-0.0938
1004,0.5009,0.0,0.5085,275.26,54.05,0.5,0.1119,0.4497,0.0397,0.0656,0.221,1.011,1.7851,0.106,0.1266,0.1184,-0.1007
1005,0.5011,0.0,0.5082,278.92,55.9,0.5,0.116,0.4868,0.0387,0.0676,0.2224,1.0525,1.7678,0.1039,0.1251,0.1168,-0.1034
1006,0.5044,0.0,0.5046,276.03,54.54,0.5,0.1105,0.4425,0.0385,0.0647,0.2197,0.9876,1.754,0.104,0.1245,0.1163,-0.0918
1007,0.5023,0.0,0.5066,300.71,59.62,0.5,0.1129,0.4682,0.0393,0.0664,0.2184,1.0274,1.8369,0.1093,0.1304,0.122,-0.1008
1008,0.5016,0.0,0.507,241.21,46.71,0.5,0.1171,0.4812,0.0386,0.0678,0.2182,1.0579,1.8082,0.1061,0.1277,0.1191,-0.0967
1009,0.5047,0.0,0.5037,259.1,50.21,0.5,0.1119,0.4586,0.0399,0.066,0.2177,1.0258,1.8071,0.1065,0.1274,0.1191,-0.095
1010,0.5027,0.0,0.5057,283.37,56.08,0.5,0.1176,0.4845,0.0402,0.0686,0.2197,1.0639,1.8055,0.1067,0.1282,0.1197,-0.096
1011,0.5035,0.0,0.5043,293.83,59.21,0.5,0.1176,0.4887,0.0382,0.068,0.2169,1.0817,1.7633,0.1051,0.1255,0.1171,-0.094
1012,0.5086,0.0,0.4985,244.63,46.88,0.5,0.1148,0.4773,0.0374,0.0669,0.2181,1.0571,1.6889,0.1014,0.1212,0.1129,-0.0927
1013,0.5121,0.0,0.4945,271.42,53.91,0.501,0.1072,0.4251,0.0391,0.064,0.2173,0.9587,1.8398,0.1081,0.1294,0.1212,-0.0916
1014,0.5155,0.0,0.4911,269.05,53.22,0.5,0.1068,0.4349,0.0374,0.063,0.2165,0.976,1.7201,0.103,0.123,0.1151,-0.083
1015,0.5196,0.0,0.4874,272.72,53.76,0.5,0.1146,0.4761,0.0389,0.0673,0.2172,1.05,1.8136,0.106,0.1282,0.1196,-0.0938
1016,0.518,0.0,0.4894,260.89,50.81,0.5,0.1187,0.4974,0.0382,0.0695,0.2173,1.0948,1.8111,0.1066,0.1281,0.1196,-0.0974
1017,0.5184,0.0,0.4893,279.74,56.4,0.5,0.1107,0.4607,0.0386,0.0665,0.2202,1.0267,1.834,0.108,0.1292,0.1208,-0.0922
1018,0.518,0.0,0.49,289.43,57.36,0.5,0.118,0.4902,0.0392,0.0689,0.2177,1.074,1.834,0.1081,0.1297,0.1212,-0.0994
1019,0.5207,0.0,0.4869,220.19,41.81,0.5,0.1117,0.4493,0.0381,0.0651,0.218,1.0059,1.7038,0.1017,0.1217,0.1137,-0.0908
1020,0.5217,0.0,0.4856,258.96,50.78,0.5,0.1117,0.4625,0.0378,0.0653,0.218,1.0253,1.7265,0.1022,0.1228,0.1146,-0.0969
1021,0.5174,0.0,0.49,230.69,43.64,0.5,0.1214,0.5117,0.0388,0.0699,0.2192,1.1112,1.672,0.0995,0.1197,0.1114,-0.1073
1022,0.5157,0.0,0.4917,295.63,58.95,0.5,0.112,0.465,0.0385,0.0669,0.2151,1.0259,1.8127,0.1068,0.1279,0.1196,-0.0965
1023,0.5162,0.0,0.4914,272.55,53.46,0.5,0.1139,0.4622,0.037,0.0662,0.218,1.0245,1.7942,0.1064,0.1274,0.1191,-0.09
1024,0.5151,0.0,0.492,275.43,54.81,0.5,0.112,0.4549,0.0396,0.0663,0.2195,1.0045,1.7872,0.106,0.1269,0.1187,-0.0933
1025,0.5158,0.0,0.4907,280.18,55.24,0.5,0.1094,0.4396,0.0374,0.0635,0.2199,0.9818,1.7137,0.103,0.1228,0.1149,-0.0851
1026,0.518,0.0,0.4881,267.51,52.87,0.5,0.1138,0.4637,0.0404,0.0675,0.2189,1.0252,1.8249,0.1082,0.1294,0.1209,-0.0927
1027,0.5176,0.0,0.4884,271.89,54.54,0.5,0.1147,0.458,0.0382,0.0667,0.2191,1.0185,1.8193,0.1074,0.1288,0.1204,-0.0902
1028,0.5192,0.0,0.4869,273.24,53.96,0.5,0.118,0.465,0.04,0.0677,0.2193,1.0334,1.8052,0.1069,0.1281,0.1198,-0.0935
1029,0.521,0.0,0.4849,249.09,48.3,0.5,0.1134,0.4519,0.038,0.0657,0.2168,1.0125,1.8083,0.1069,0.1284,0.1199,-0.0873
1030,0.5236,0.0,0.4827,283.74,56.32,0.5,0.1194,0.4728,0.041,0.0698,0.215,1.0506,1.8697,0.1091,0.1315,0.1228,-0.0986
1031,0.5217,0.0,0.4855,244.8,47.01,0.5,0.1138,0.4663,0.0376,0.0665,0.2138,1.0404,1.7067,0.102,0.122,0.1137,-0.0922
1032,0.5224,0.0,0.4851,257.01,50.75,0.5,0.12,0.4959,0.0387,0.0695,0.2164,1.0818,1.8175,0.1068,0.1286,0.12,-0.0969
1033,0.5267,0.0,0.4811,280.49,55.6,0.5,0.1113,0.4441,0.0387,0.0668,0.2161,0.9935,1.8624,0.1096,0.1314,0.1231,-0.0905
1034,0.5267,0.0,0.4809,256.45,50.24,0.5,0.1092,0.4382,0.0385,0.0652,0.2176,0.9883,1.7714,0.1049,0.1261,0.1178,-0.0847
1035,0.5322,0.0,0.4755,262.96,51.32,0.5,0.1114,0.4367,0.0383,0.0653,0.2168,0.9897,1.775,0.1065,0.1271,0.119,-0.0822
1036,0.5335,0.0,0.4742,269.17,52.6,0.5,0.1101,0.4534,0.0366,0.0642,0.2175,1.0109,1.7159,0.1024,0.1224,0.1143,-0.0872
1037,0.5382,0.0,0.47,268.09,52.91,0.5,0.115,0.4598,0.0382,0.0666,0.2168,1.0375,1.6528,0.0986,0.1184,0.1102,-0.0888
1038,0.544,0.0,0.4647,278.5,55.94,0.5,0.1144,0.4638,0.0376,0.0664,0.2153,1.0303,1.8453,0.108,0.1298,0.1214,-0.0895
1039,0.5453,0.0,0.4632,260.92,51.31,0.5,0.1143,0.4681,0.0378,0.0672,0.2152,1.0361,1.7474,0.1033,0.1239,0.1156,-0.0908
1040,0.5473,0.0,0.4619,263.41,51.52,0.5,0.1104,0.4612,0.0382,0.0662,0.2187,1.0119,1.6442,0.0988,0.1185,0.1106,-0.092
1041,0.5477,0.0,0.4617,254.08,49.58,0.5,0.1159,0.4652,0.0386,0.0676,0.2161,1.0284,1.7059,0.1014,0.1215,0.1133,-0.0923
1042,0.547,0.0,0.4619,270.33,53.09,0.5,0.1187,0.468,0.0361,0.0676,0.2153,1.0445,1.884,0.1104,0.1331,0.1244,-0.0799
1043,0.5512,0.0,0.4573,255.78,50.0,0.5,0.1121,0.4373,0.0381,0.0655,0.2143,0.9958,1.7836,0.1064,0.1274,0.1189,-0.0783
1044,0.5556,0.0,0.4529,253.79,49.16,0.5,0.1109,0.434,0.0397,0.0662,0.2143,0.991,1.7414,0.1044,0.1251,0.1169,-0.0755
1045,0.5642,0.0,0.4439,276.72,54.51,0.5,0.1109,0.4455,0.0381,0.0656,0.2166,1.0099,1.7853,0.1063,0.1274,0.119,-0.0822
1046,0.5645,0.0,0.4437,277.97,55.61,0.5,0.1092,0.4323,0.0377,0.0656,0.2148,0.9916,1.7561,0.1053,0.1257,0.1176,-0.0848
1047,0.5676,0.0,0.4407,272.4,54.5,0.5,0.1136,0.4451,0.0392,0.0668,0.2166,1.0147,1.8414,0.1087,0.1305,0.1219,-0.081
1048,0.5717,0.0,0.4368,265.84,52.07,0.5,0.1117,0.4552,0.0385,0.0668,0.2159,1.025,1.7405,0.1035,0.1246,0.1163,-0.0847
1049,0.5705,0.0,0.4377,257.8,50.15,0.5,0.1136,0.4723,0.0372,0.0665,0.219,1.0359,1.7296,0.1019,0.123,0.1147,-0.0865
1050,0.5688,0.0,0.4391,284.38,56.66,0.5,0.1144,0.4582,0.0374,0.0671,0.2146,1.0281,1.8321,0.1079,0.1294,0.121,-0.083
1051,0.5697,0.0,0.4377,270.12,54.07,0.5,0.1138,0.467,0.0381,0.0669,0.2187,1.0369,1.777,0.1046,0.1261,0.1177,-0.085
1052,0.5676,0.0,0.4398,259.71,51.12,0.5,0.1202,0.4982,0.0364,0.0696,0.2181,1.0897,1.8237,0.1054,0.1276,0.1189,-0.0888
1053,0.5662,0.0,0.4407,242.42,46.94,0.5,0.1121,0.4568,0.0392,0.0682,0.2147,1.0307,1.7525,0.1044,0.1249,0.1166,-0.0904
1054,0.562,0.0,0.4442,256.77,49.82,0.5,0.1102,0.4537,0.0379,0.0655,0.2211,1.0068,1.6971,0.1021,0.1221,0.114,-0.0865
1055,0.5613,0.0,0.4452,270.67,53.22,0.5,0.1124,0.4492,0.0373,0.065,0.2161,1.0071,1.781,0.1056,0.1267,0.1184,-0.0808
1056,0.5598,0.0,0.4472,285.27,57.29,0.5,0.121,0.4925,0.038,0.0697,0.2157,1.0845,1.7482,0.1028,0.1241,0.1155,-0.0869
1057,0.5551,0.0,0.452,256.81,51.02,0.5,0.1143,0.4638,0.0379,0.0667,0.215,1.034,1.7699,0.1043,0.1254,0.117,-0.0843
1058,0.5537,0.0,0.4528,266.84,52.26,0.5,0.1133,0.4644,0.0385,0.0679,0.2161,1.0457,1.8661,0.1098,0.1315,0.123,-0.0848
1059,0.5534,0.0,0.4529,287.04,57.45,0.5,0.1166,0.4815,0.0388,0.0686,0.2138,1.0706,1.9149,0.1116,0.1345,0.1256,-0.0897
1060,0.5561,0.0,0.4503,233.54,45.12,0.5,0.1118,0.4353,0.0371,0.0653,0.2157,0.9933,1.768,0.1045,0.126,0.1175,-0.0713
1061,0.5584,0.0,0.448,269.18,53.44,0.5,0.1214,0.4945,0.0375,0.0706,0.2149,1.1052,1.8642,0.1093,0.1316,0.1227,-0.0863
1062,0.5598,0.0,0.4469,284.57,56.82,0.5,0.115,0.4518,0.0371,0.0674,0.2155,1.0169,1.8598,0.1095,0.1315,0.123,-0.0819
1063,0.5678,0.0,0.4391,301.35,60.91,0.5,0.1188,0.476,0.0382,0.0691,0.2155,1.0609,1.996,0.1161,0.1395,0.1306,-0.0814
1064,0.5692,0.0,0.4378,298.76,60.11,0.5,0.1101,0.436,0.0362,0.064,0.2152,0.9922,1.7896,0.1075,0.1285,0.1201,-0.0706
1065,0.5727,0.0,0.4345,283.35,56.7,0.5,0.1133,0.4513,0.0382,0.0669,0.2177,1.013,1.7582,0.1045,0.1251,0.1169,-0.0801
1066,0.5779,0.0,0.4294,256.61,50.47,0.5,0.1159,0.443,0.037,0.0668,0.2138,1.0174,1.7914,0.1068,0.1281,0.1194,-0.0719
1067,0.5807,0.0,0.4266,267.96,52.83,0.5,0.114,0.4517,0.0381,0.0677,0.2153,1.0208,1.7128,0.1028,0.1228,0.1146,-0.0861
1068,0.5813,0.0,0.4266,269.93,53.76,0.5,0.1129,0.4434,0.0383,0.0673,0.2163,1.0046,1.8427,0.109,0.131,0.1223,-0.0767
1069,0.5819,0.0,0.4267,284.29,57.39,0.5,0.1156,0.4559,0.0367,0.0678,0.2136,1.0322,1.8592,0.1085,0.1311,0.1223,-0.0732
1070,0.587,0.0,0.422,251.1,48.51,0.5,0.1106,0.4412,0.036,0.066,0.2148,0.9978,1.7162,0.1027,0.1232,0.115,-0.078
1071,0.5916,0.0,0.4181,250.87,48.16,0.5,0.1126,0.4536,0.0372,0.0662,0.2139,1.0182,1.8071,0.1068,0.128,0.1195,-0.0805
1072,0.5951,0.0,0.4143,280.04,56.35,0.5,0.1153,0.4485,0.0391,0.0666,0.2178,1.008,1.846,0.1078,0.1302,0.1215,-0.076
1073,0.5986,0.0,0.4107,265.52,52.26,0.5,0.1172,0.4658,0.0383,0.0689,0.2149,1.0482,1.7359,0.1031,0.1239,0.1155,-0.0844
1074,0.6016,0.0,0.4073,276.14,54.36,0.5,0.1117,0.4277,0.0383,0.0669,0.2133,0.9814,1.7901,0.1074,0.1285,0.1201,-0.0721
1075,0.6042,0.0,0.4046,298.44,60.83,0.5,0.1168,0.4612,0.0366,0.0687,0.2154,1.0455,1.9191,0.1125,0.1351,0.1262,-0.0756
1076,0.6085,0.0,0.4,257.77,50.72,0.5,0.1188,0.4677,0.0391,0.069,0.2151,1.0472,1.8208,0.1062,0.1284,0.1195,-0.0777
1077,0.6116,0.0,0.3966,253.0,49.95,0.5,0.1168,0.4611,0.0376,0.0678,0.2147,1.0355,1.7959,0.1052,0.1266,0.118,-0.0771
1078,0.6106,0.0,0.3979,255.67,50.44,0.5,0.1147,0.4368,0.0376,0.067,0.2143,0.9977,1.6847,0.1001,0.121,0.1125,-0.0718
1079,0.6117,0.0,0.3957,273.84,54.64,0.5,0.1146,0.4599,0.0381,0.0678,0.2153,1.037,1.8325,0.1086,0.1305,0.1218,-0.0751
1080,0.6131,0.0,0.393,288.7,57.64,0.5,0.1151,0.4361,0.0376,0.0673,0.2145,0.9965,1.7899,0.1059,0.1273,0.1188,-0.0698
1081,0.6133,0.0,0.3925,266.15,52.3,0.5,0.111,0.4307,0.037,0.0658,0.2156,0.9925,1.7571,0.1043,0.1253,0.117,-0.0699
1082,0.6125,0.0,0.3933,277.19,55.23,0.5,0.1102,0.4299,0.038,0.0647,0.2177,0.9754,1.8229,0.1084,0.1297,0.1213,-0.0748
1083,0.6145,0.0,0.391,296.88,59.29,0.5,0.1162,0.4471,0.0382,0.0674,0.2177,1.0071,1.827,0.1082,0.1299,0.1212,-0.0741
1084,0.6151,0.0,0.391,270.45,54.3,0.5,0.1164,0.449,0.0381,0.0674,0.2198,1.0216,1.7937,0.1055,0.1272,0.1184,-0.0707
1085,0.6178,0.0,0.389,267.83,52.84,0.5,0.1105,0.432,0.0392,0.0659,0.2152,0.9799,1.813,0.107,0.1289,0.1201,-0.0723
1086,0.6208,0.0,0.3856,292.92,58.47,0.5,0.1123,0.4397,0.0382,0.0663,0.2169,0.9872,1.8416,0.1085,0.1306,0.1219,-0.0704
1087,0.6249,0.0,0.3821,278.93,55.42,0.5,0.118,0.456,0.0361,0.0685,0.2156,1.0306,1.7683,0.1052,0.1264,0.1177,-0.0698
1088,0.6268,0.0,0.3801,267.7,53.3,0.5,0.1181,0.4473,0.0387,0.0696,0.217,1.0213,1.9133,0.1109,0.1341,0.1251,-0.0736
1089,0.6296,0.0,0.3779,250.97,48.56,0.5,0.1115,0.4317,0.0352,0.066,0.2129,0.992,1.7363,0.1038,0.1248,0.1163,-0.0672
1090,0.6326,0.0,0.3753,291.87,58.64,0.5,0.1042,0.4023,0.0358,0.0623,0.2166,0.9381,1.7257,0.1044,0.1248,0.1164,-0.0601
1091,0.6398,0.0,0.3686,295.68,59.97,0.5,0.1091,0.4192,0.0371,0.065,0.2148,0.975,1.8171,0.1084,0.1299,0.1212,-0.0596
1092,0.6472,0.0,0.3615,276.62,54.78,0.5,0.1181,0.4505,0.0371,0.068,0.2177,1.0221,1.7966,0.1069,0.1286,0.1198,-0.0705
1093,0.6485,0.0,0.3603,276.29,54.43,0.5,0.1137,0.4323,0.039,0.0683,0.2149,0.9966,1.8165,0.1082,0.1301,0.1213,-0.0656
1094,0.6539,0.0,0.355,281.83,56.41,0.5,0.1104,0.4226,0.0359,0.0658,0.214,0.9775,1.9102,0.1131,0.136,0.1269,-0.0568
1095,0.66,0.0,0.3485,274.83,55.11,0.5,0.1115,0.4154,0.0389,0.0647,0.2179,0.9651,1.752,0.1051,0.1258,0.1173,-0.0629
1096,0.6634,0.0,0.3447,286.48,58.05,0.5,0.1147,0.4472,0.0369,0.0679,0.2179,1.0157,1.8009,0.106,0.1276,0.1188,-0.0703
1097,0.666,0.0,0.3422,293.78,59.77,0.5,0.1159,0.4392,0.0376,0.0673,0.2163,1.0023,2.0021,0.1159,0.1396,0.1304,-0.0615
1098,0.6687,0.0,0.3388,275.87,55.22,0.5,0.1173,0.4392,0.0365,0.0673,0.2132,1.0142,1.7251,0.1026,0.1239,0.1151,-0.0596
1099,0.6698,0.0,0.338,280.2,56.12,0.5,0.1185,0.4403,0.0382,0.0689,0.2165,1.008,1.8508,0.1085,0.1311,0.1221,-0.0673
1100,0.6661,0.0,0.3419,262.87,52.17,0.5,0.1139,0.441,0.0366,0.0663,0.217,1.0055,1.8776,0.1106,0.1329,0.1241,-0.0669
1101,0.6682,0.0,0.3397,306.21,62.69,0.5,0.1138,0.4289,0.0382,0.0667,0.2172,0.984,1.9491,0.1135,0.137,0.1278,-0.0624
1102,0.6724,0.0,0.3352,262.57,51.73,0.5,0.1097,0.4063,0.0371,0.0661,0.2137,0.9591,1.8026,0.1085,0.1298,0.1211,-0.0487
1103,0.6809,0.0,0.3269,265.19,52.67,0.5,0.1143,0.4103,0.0372,0.0673,0.2148,0.9747,1.8808,0.1102,0.1332,0.124,-0.0496
1104,0.6885,0.0,0.319,264.48,52.32,0.5,0.1068,0.3872,0.0365,0.063,0.2167,0.9221,1.7823,0.1065,0.1279,0.1193,-0.048
1105,0.6936,0.0,0.3141,302.9,60.99,0.5,0.1115,0.4193,0.0379,0.0671,0.2145,0.9735,1.9021,0.112,0.1349,0.1259,-0.0589
1106,0.6937,0.0,0.3129,273.32,53.91,0.5,0.1179,0.4378,0.0376,0.0689,0.2148,1.0261,1.8652,0.1099,0.1328,0.1237,-0.0642
1107,0.6964,0.0,0.31,257.17,50.49,0.5,0.1139,0.4196,0.0366,0.0678,0.2159,0.985,1.7969,0.106,0.1279,0.1191,-0.0551
1108,0.699,0.0,0.3074,241.07,47.1,0.5,0.105,0.3764,0.0387,0.0631,0.2189,0.8943,1.776,0.1057,0.1272,0.1187,-0.0507
1109,0.7045,0.0,0.3016,261.59,51.2,0.5,0.1071,0.4044,0.0379,0.065,0.2176,0.9612,1.6991,0.1026,0.123,0.1146,-0.0541
1110,0.7091,0.0,0.2972,272.47,54.16,0.5,0.1145,0.4151,0.0391,0.0673,0.2157,0.9807,1.8593,0.1095,0.132,0.123,-0.0595
1111,0.7102,0.0,0.2964,254.39,50.04,0.5,0.1105,0.4186,0.0371,0.0656,0.2161,0.9751,1.6972,0.1015,0.1226,0.114,-0.0542
1112,0.7148,0.0,0.2924,261.31,51.86,0.5,0.1136,0.4126,0.0371,0.0673,0.2165,0.9794,1.8523,0.1101,0.1322,0.1232,-0.0523
1113,0.7194,0.0,0.288,267.51,52.41,0.5,0.1148,0.4325,0.0376,0.0673,0.217,0.9982,1.819,0.1081,0.13,0.1209,-0.0601
1114,0.7205,0.0,0.2874,272.78,54.69,0.5,0.1157,0.4187,0.0374,0.0668,0.2178,0.9812,1.7634,0.1049,0.1267,0.1177,-0.0503
1115,0.7222,0.0,0.2852,271.63,54.66,0.5,0.1128,0.4157,0.0376,0.0661,0.2163,0.979,1.7439,0.1045,0.1257,0.1168,-0.0527
1116,0.7243,0.0,0.2824,278.76,55.87,0.5,0.1144,0.4131,0.0363,0.0677,0.2158,0.979,1.8422,0.1087,0.131,0.1219,-0.0477
1117,0.728,0.0,0.2788,270.31,53.85,0.5,0.113,0.4208,0.0366,0.0664,0.2174,0.9787,1.8203,0.1075,0.1297,0.1208,-0.0585
1118,0.7269,0.0,0.2805,278.87,56.23,0.5,0.1201,0.4429,0.037,0.069,0.2181,1.0219,1.859,0.1089,0.1318,0.1226,-0.06
1119,0.7264,0.0,0.2812,281.24,56.2,0.5,0.1137,0.4041,0.0392,0.0675,0.2163,0.9692,1.731,0.1035,0.1246,0.1158,-0.0526
1120,0.7275,0.0,0.2797,255.64,50.96,0.5,0.1152,0.4154,0.0373,0.0677,0.2161,0.9732,1.8013,0.1061,0.1281,0.1192,-0.053
1121,0.7285,0.0,0.2787,288.34,58.23,0.5,0.1131,0.412,0.0365,0.0659,0.2179,0.96,1.8234,0.1077,0.1296,0.1207,-0.0494
1122,0.7302,0.0,0.2768,274.94,55.62,0.5,0.1067,0.374,0.038,0.0644,0.2194,0.9024,1.8622,0.1095,0.1323,0.1234,-0.0474
1123,0.7297,0.0,0.277,263.27,52.77,0.5,0.1166,0.4215,0.0377,0.0685,0.2165,0.9884,1.7892,0.106,0.1278,0.1189,-0.0579
1124,0.7285,0.0,0.2785,297.97,60.6,0.5,0.1153,0.4143,0.0392,0.0674,0.2228,0.9722,1.8371,0.107,0.1295,0.1204,-0.0581
1125,0.7305,0.0,0.2766,278.25,55.49,0.5,0.117,0.4151,0.0376,0.0682,0.2181,0.9796,1.7726,0.1052,0.1273,0.1181,-0.0504
1126,0.7325,0.0,0.2742,273.85,54.06,0.5,0.1143,0.4111,0.0358,0.0675,0.2183,0.9722,1.8753,0.1115,0.1337,0.1246,-0.055
1127,0.7313,0.0,0.2749,278.62,55.98,0.5,0.1125,0.4006,0.0371,0.0657,0.2232,0.9501,1.8355,0.1085,0.1308,0.1217,-0.0508
1128,0.7322,0.0,0.2744,269.55,54.09,0.5,0.1125,0.4118,0.0363,0.0656,0.2196,0.9649,1.7533,0.1038,0.1253,0.1165,-0.0481
1129,0.7349,0.0,0.2725,282.24,55.92,0.5,0.1176,0.4064,0.0361,0.0677,0.2184,0.9741,1.8318,0.1092,0.1316,0.1224,-0.0383
1130,0.7397,0.0,0.2682,283.16,56.96,0.5,0.117,0.4111,0.0373,0.0685,0.2206,0.9807,1.949,0.1137,0.1372,0.1278,-0.0473
1131,0.739,0.0,0.2691,283.39,57.46,0.5,0.1162,0.4192,0.0364,0.0687,0.2218,0.9804,1.8316,0.1074,0.1299,0.1208,-0.0517
1132,0.7407,0.0,0.2671,252.14,50.06,0.5,0.1138,0.4176,0.0369,0.067,0.2193,0.9893,1.7928,0.1054,0.1276,0.1184,-0.0449
1133,0.7421,0.0,0.2652,287.37,57.61,0.5,0.1123,0.403,0.0383,0.0668,0.2209,0.9557,1.8237,0.1076,0.1299,0.1208,-0.0478
1134,0.7446,0.0,0.2631,276.18,55.25,0.5,0.1134,0.3862,0.0373,0.0661,0.22,0.9296,1.8873,0.1106,0.1336,0.1244,-0.0435
1135,0.7489,0.0,0.2592,270.58,54.18,0.5,0.1129,0.3868,0.0372,0.0661,0.2172,0.9396,1.8402,0.1088,0.1313,0.1222,-0.0422
1136,0.7548,0.0,0.2535,280.86,56.76,0.5,0.1143,0.3891,0.0357,0.0655,0.2224,0.9301,1.8469,0.109,0.1312,0.1222,-0.0446
1137,0.7583,0.0,0.2504,266.69,52.82,0.5,0.1114,0.3981,0.0352,0.0656,0.22,0.9448,1.804,0.1076,0.1295,0.1207,-0.044
1138,0.758,0.0,0.2521,275.65,55.23,0.5,0.118,0.4,0.0348,0.0669,0.2193,0.9621,1.7954,0.1072,0.1291,0.12,-0.0439
1139,0.7637,0.0,0.2474,288.21,58.62,0.5,0.1129,0.4034,0.0373,0.0662,0.2175,0.9609,1.8077,0.1071,0.1291,0.1199,-0.0438
1140,0.7687,0.0,0.2424,261.94,53.17,0.5,0.116,0.3928,0.0371,0.0683,0.2165,0.9512,1.8088,0.1057,0.1284,0.1192,-0.048
1141,0.7711,0.0,0.2404,242.35,47.46,0.5,0.1136,0.386,0.0368,0.0669,0.2182,0.9454,1.7678,0.1059,0.1277,0.1187,-0.0384
1142,0.7732,0.0,0.238,262.44,51.62,0.5,0.1111,0.3901,0.0363,0.0665,0.2168,0.9433,1.79,0.1066,0.1287,0.1196,-0.0435
1143,0.7768,0.0,0.2339,259.61,52.06,0.5,0.1161,0.4011,0.0353,0.0675,0.2189,0.9718,1.8042,0.1059,0.1282,0.1191,-0.04
1144,0.7795,0.0,0.2315,289.01,58.25,0.5,0.1132,0.3816,0.0364,0.0676,0.2169,0.9422,1.8136,0.1079,0.1301,0.121,-0.0373
1145,0.7827,0.0,0.2273,267.08,53.37,0.5,0.1121,0.3726,0.0369,0.0669,0.2208,0.9081,1.8562,0.1095,0.1319,0.1229,-0.0428
1146,0.7866,0.0,0.2228,237.23,46.08,0.5,0.1187,0.4112,0.0358,0.0687,0.2201,0.9761,1.7724,0.1053,0.1271,0.118,-0.0423
1147,0.787,0.0,0.2218,281.28,56.56,0.5,0.1102,0.3732,0.0367,0.0647,0.2222,0.8999,1.7897,0.1076,0.129,0.1202,-0.0407
1148,0.7872,0.0,0.2209,254.25,50.35,0.5,0.117,0.395,0.0346,0.0677,0.2188,0.9517,1.7836,0.1062,0.1281,0.1191,-0.0406
1149,0.788,0.0,0.2199,293.28,59.75,0.5,0.1144,0.3929,0.0352,0.067,0.2207,0.943,1.8527,0.1095,0.1323,0.1231,-0.0405
1150,0.7917,0.0,0.2159,274.92,55.65,0.5,0.1123,0.3773,0.0359,0.0662,0.2187,0.9262,1.7764,0.1047,0.1266,0.1176,-0.0379
1151,0.7962,0.0,0.2108,238.41,45.95,0.5,0.1155,0.3793,0.0356,0.0674,0.2204,0.9373,1.7655,0.1053,0.1274,0.1182,-0.0313
1152,0.8019,0.0,0.2047,276.34,56.81,0.5,0.1147,0.388,0.0347,0.0668,0.2206,0.9518,1.8585,0.1081,0.1311,0.1219,-0.0285
1153,0.8042,0.0,0.2024,272.91,54.8,0.5,0.1144,0.3768,0.0351,0.0667,0.2177,0.9253,1.7808,0.1048,0.127,0.118,-0.0397
1154,0.8066,0.0,0.2002,286.62,57.46,0.5,0.1196,0.3992,0.0357,0.0695,0.2185,0.9812,1.8463,0.1088,0.1317,0.1223,-0.0386
1155,0.8069,0.0,0.1993,275.43,55.03,0.5,0.1188,0.3996,0.0353,0.0696,0.2176,0.9614,1.7442,0.1046,0.1262,0.1172,-0.0382
1156,0.81,0.0,0.1958,258.77,51.02,0.5,0.1072,0.3587,0.0366,0.0655,0.2155,0.8949,1.703,0.1023,0.1232,0.1146,-0.0344
1157,0.8103,0.0,0.1953,271.43,54.35,0.5,0.1157,0.3755,0.0354,0.0682,0.2184,0.9268,1.8163,0.1079,0.1299,0.1209,-0.0366
1158,0.8127,0.0,0.1929,268.2,53.44,0.5,0.1118,0.3754,0.0361,0.0662,0.2181,0.9289,1.8082,0.1073,0.1298,0.1207,-0.0313
1159,0.8151,0.0,0.1904,290.2,58.25,0.5,0.1181,0.4135,0.0369,0.0694,0.2209,0.9819,1.8517,0.1075,0.1309,0.1214,-0.038
1160,0.8138,0.0,0.1915,266.67,53.22,0.5,0.1106,0.3628,0.0354,0.0653,0.2171,0.901,1.7742,0.1057,0.1276,0.1187,-0.0322
1161,0.8198,0.0,0.1848,234.69,46.05,0.5,0.1148,0.389,0.0351,0.068,0.2193,0.9581,1.6758,0.1006,0.1216,0.1127,-0.0335
1162,0.8205,0.0,0.1847,271.93,54.72,0.5,0.1155,0.3874,0.0373,0.0678,0.2188,0.94,1.8715,0.1091,0.1322,0.1229,-0.0371
1163,0.8211,0.0,0.1845,285.7,57.95,0.5,0.1124,0.3585,0.0369,0.0674,0.2176,0.9033,1.8273,0.1073,0.1299,0.1206,-0.0297
1164,0.8281,0.0,0.1784,248.51,48.73,0.5,0.1067,0.3418,0.0353,0.0641,0.2221,0.8628,1.7632,0.1055,0.127,0.1181,-0.0291
1165,0.8285,0.0,0.1777,295.77,60.05,0.5,0.1154,0.3747,0.036,0.0685,0.2175,0.928,1.8366,0.1092,0.1317,0.1225,-0.0306
1166,0.8287,0.0,0.1774,302.17,61.58,0.5,0.1091,0.3627,0.0371,0.0663,0.2189,0.8973,1.82,0.1078,0.1298,0.1208,-0.0376
1167,0.8272,0.0,0.1784,294.76,60.32,0.5,0.1205,0.409,0.0369,0.0693,0.2185,0.9745,1.9058,0.1113,0.1347,0.1251,-0.0378
1168,0.828,0.0,0.1773,284.78,57.38,0.5,0.1187,0.3763,0.0351,0.0688,0.2196,0.9368,1.7837,0.1056,0.1279,0.1187,-0.0295
1169,0.8276,0.0,0.1779,300.69,60.98,0.5,0.1184,0.403,0.0354,0.0691,0.2183,0.9767,1.8731,0.1113,0.1338,0.1244,-0.036
1170,0.8291,0.0,0.1764,283.06,56.21,0.5,0.1162,0.3802,0.0366,0.0696,0.2197,0.9318,1.7823,0.1057,0.1277,0.1186,-0.0329
1171,0.8292,0.0,0.176,279.54,56.0,0.5,0.119,0.3915,0.0355,0.0713,0.2171,0.9614,1.8621,0.1091,0.132,0.1227,-0.0433
1172,0.8262,0.0,0.1789,284.26,56.59,0.5,0.1161,0.3932,0.035,0.0695,0.2178,0.957,1.8875,0.1115,0.1347,0.1254,-0.0365
1173,0.8261,0.0,0.1793,285.73,57.56,0.5,0.118,0.3813,0.0359,0.0705,0.2167,0.9399,1.9139,0.1122,0.1355,0.1262,-0.0403
1174,0.8224,0.0,0.1831,270.24,53.74,0.5,0.1108,0.3563,0.0353,0.0674,0.217,0.9095,1.9047,0.113,0.1356,0.1264,-0.0296
1175,0.8247,0.0,0.1809,260.39,51.6,0.5,0.1086,0.3395,0.0362,0.0662,0.2172,0.8722,1.7301,0.1042,0.1249,0.1162,-0.0281
1176,0.8293,0.0,0.176,263.63,52.24,0.5,0.1157,0.3726,0.0367,0.0696,0.2165,0.9377,1.9066,0.1127,0.136,0.1265,-0.0301
1177,0.832,0.0,0.173,273.7,55.33,0.5,0.1092,0.3468,0.0355,0.0664,0.2197,0.8836,1.828,0.1084,0.1309,0.1217,-0.0228
1178,0.8361,0.0,0.169,291.8,58.61,0.5,0.1104,0.3467,0.0355,0.0678,0.2177,0.8865,1.8448,0.1098,0.1322,0.1231,-0.029
1179,0.843,0.0,0.1626,281.98,56.68,0.5,0.1107,0.3384,0.0352,0.0664,0.2176,0.8733,1.7467,0.1053,0.1267,0.1176,-0.0199
1180,0.8502,0.0,0.1562,274.46,54.83,0.5,0.1095,0.3418,0.0362,0.0659,0.2192,0.8728,1.795,0.1074,0.1293,0.1202,-0.0279
1181,0.8546,0.0,0.1516,259.55,51.61,0.5,0.1142,0.3572,0.0349,0.07,0.2163,0.9169,1.7092,0.1029,0.1236,0.1147,-0.0242
1182,0.8546,0.0,0.1514,284.25,57.16,0.5,0.1136,0.3522,0.0344,0.0696,0.2152,0.9034,1.8431,0.1096,0.1318,0.1226,-0.0282
1183,0.8566,0.0,0.1498,281.36,57.09,0.5,0.1136,0.358,0.0344,0.0684,0.2177,0.9028,1.7487,0.1051,0.1265,0.1176,-0.0268
1184,0.859,0.0,0.1477,296.1,59.97,0.5,0.1114,0.3494,0.0338,0.0661,0.2194,0.8812,1.9009,0.1125,0.1353,0.1262,-0.0243
1185,0.8599,0.0,0.1468,260.73,52.26,0.5,0.1067,0.3346,0.0348,0.0658,0.2163,0.8615,1.7519,0.1051,0.1263,0.1176,-0.0294
1186,0.8621,0.0,0.1455,258.14,51.03,0.5,0.1059,0.337,0.0351,0.0669,0.2188,0.8568,1.851,0.1104,0.132,0.1232,-0.0341
1187,0.8622,0.0,0.1458,263.25,52.39,0.5,0.1061,0.319,0.035,0.0649,0.2169,0.8365,1.7433,0.105,0.126,0.1173,-0.0245
1188,0.8615,0.0,0.1465,277.65,55.69,0.5,0.1194,0.3619,0.0351,0.0703,0.2185,0.9174,1.7475,0.104,0.1255,0.1165,-0.0318
1189,0.8621,0.0,0.1461,263.76,52.19,0.5,0.1108,0.3408,0.0342,0.0673,0.218,0.8774,1.7801,0.107,0.1283,0.1194,-0.0252
1190,0.864,0.0,0.1443,269.63,54.06,0.5,0.1113,0.334,0.0345,0.0673,0.217,0.8671,1.7637,0.1048,0.1267,0.1177,-0.0221
1191,0.8681,0.0,0.1403,280.32,56.25,0.5,0.1093,0.3324,0.0342,0.0669,0.2179,0.8726,1.7654,0.1052,0.1272,0.1182,-0.0193
1192,0.8713,0.0,0.1371,292.76,58.76,0.5,0.1116,0.3265,0.0342,0.0674,0.2187,0.8618,1.8095,0.1094,0.131,0.122,-0.0171
1193,0.8737,0.0,0.134,286.83,58.71,0.5,0.1164,0.3385,0.0347,0.0691,0.2176,0.8849,1.7897,0.1072,0.1288,0.1198,-0.0217
1194,0.8754,0.0,0.1327,272.31,54.7,0.5,0.1027,0.3041,0.0338,0.0648,0.2198,0.8097,1.699,0.1046,0.1245,0.116,-0.0242
1195,0.8777,0.0,0.1303,293.68,59.76,0.5,0.1081,0.3113,0.034,0.0669,0.2176,0.8347,1.8507,0.1103,0.1326,0.1237,-0.0173
1196,0.8784,0.0,0.1288,276.82,55.61,0.5,0.1155,0.3434,0.034,0.0696,0.2155,0.8937,1.7696,0.1059,0.1279,0.1187,-0.0182
1197,0.8804,0.0,0.1264,280.84,57.09,0.5,0.1101,0.3129,0.0351,0.0684,0.2176,0.8462,1.7872,0.1063,0.1275,0.1187,-0.0242
1198,0.8795,0.0,0.127,260.85,52.41,0.5,0.1094,0.3187,0.0347,0.0683,0.2163,0.8525,1.7874,0.1066,0.1285,0.1195,-0.0217
1199,0.8798,0.0,0.1266,298.06,61.03,0.5,0.1138,0.3436,0.0322,0.07,0.2154,0.8909,1.8301,0.1098,0.1316,0.1226,-0.0235
1200,0.8799,0.0,0.1262,260.97,52.5,0.5,0.1126,0.3395,0.0345,0.0691,0.2162,0.8844,1.83,0.1088,0.1308,0.1216,-0.0279
1201,0.882,0.0,0.1235,276.06,55.63,0.5,0.1078,0.3161,0.0341,0.0671,0.2165,0.847,1.761,0.1068,0.1276,0.1188,-0.0158
1202,0.8847,0.0,0.1208,268.64,53.99,0.5,0.1081,0.3215,0.0348,0.0666,0.2159,0.8456,1.7633,0.1055,0.1271,0.1183,-0.0228
1203,0.8853,0.0,0.1198,265.96,53.59,0.5,0.1085,0.3142,0.0345,0.0662,0.2185,0.8316,1.8025,0.1081,0.1296,0.1206,-0.0143
1204,0.889,0.0,0.1161,266.85,53.24,0.5,0.1087,0.2982,0.0345,0.0684,0.216,0.8292,1.7981,0.1078,0.1294,0.1205,-0.0201
1205,0.8903,0.0,0.1148,283.09,57.27,0.5,0.1105,0.3265,0.0346,0.0692,0.2165,0.8586,1.8025,0.1086,0.1298,0.1209,-0.0233
1206,0.8919,0.0,0.1128,295.22,60.68,0.5,0.1123,0.3462,0.0321,0.0678,0.2169,0.8877,1.9129,0.1127,0.1355,0.1261,-0.0162
1207,0.8942,0.0,0.1098,277.15,55.75,0.5,0.1103,0.3149,0.0346,0.0685,0.2189,0.843,1.8134,0.109,0.1307,0.1217,-0.0189
1208,0.8977,0.0,0.106,247.69,49.19,0.5,0.1055,0.2948,0.0343,0.0652,0.2163,0.8084,1.6968,0.1034,0.1236,0.1149,-0.0142
1209,0.9,0.0,0.1036,258.55,52.46,0.5,0.1195,0.3387,0.0333,0.0714,0.2178,0.8858,1.8283,0.1078,0.1306,0.1212,-0.0186
1210,0.9021,0.0,0.1014,271.06,54.85,0.5,0.1172,0.3318,0.0337,0.0706,0.2175,0.8752,1.8285,0.1087,0.1306,0.1215,-0.0215
1211,0.9029,0.0,0.1004,267.76,54.07,0.5,0.1087,0.3112,0.0336,0.0671,0.2173,0.8424,1.7173,0.1032,0.1241,0.1153,-0.0164
1212,0.9032,0.0,0.1,273.11,54.41,0.5,0.1102,0.3131,0.0327,0.0668,0.2177,0.8324,1.6224,0.098,0.1186,0.1101,-0.0202
1213,0.9051,0.0,0.0982,276.26,56.21,0.5,0.1087,0.3033,0.0347,0.0675,0.2179,0.8328,1.8809,0.1115,0.134,0.1247,-0.0135
1214,0.9078,0.0,0.0954,285.02,57.68,0.5,0.1116,0.3166,0.0324,0.0697,0.2155,0.8519,1.8896,0.1124,0.1348,0.1255,-0.0165
1215,0.9092,0.0,0.0942,257.56,51.74,0.5,0.1123,0.3078,0.0362,0.0686,0.2172,0.8321,1.7952,0.1072,0.1287,0.1198,-0.0236
1216,0.9122,0.0,0.0912,285.48,58.02,0.5,0.1129,0.3253,0.0332,0.07,0.2181,0.8689,1.7959,0.1074,0.1291,0.1201,-0.0127
1217,0.913,0.0,0.0906,279.97,56.79,0.5,0.1022,0.2747,0.0337,0.0661,0.2176,0.778,1.7184,0.1042,0.1241,0.1157,-0.0166
1218,0.9131,0.0,0.0905,288.01,58.87,0.5,0.0988,0.264,0.0337,0.0644,0.2183,0.7452,1.7564,0.1062,0.1269,0.1185,-0.0132
1219,0.9138,0.0,0.0896,275.88,55.73,0.5,0.1003,0.2615,0.0354,0.0672,0.2181,0.7579,1.7156,0.104,0.1244,0.1159,-0.0149
1220,0.9132,0.0,0.0904,292.44,59.4,0.5012,0.1107,0.2905,0.0352,0.0692,0.2186,0.8137,1.8,0.1077,0.1293,0.1205,-0.0205
1221,0.915,0.0,0.0888,293.22,59.58,0.5,0.0983,0.2562,0.0352,0.0645,0.2191,0.7397,1.7509,0.1056,0.1264,0.1179,-0.0121
1222,0.9182,0.0,0.0858,269.03,53.86,0.5,0.1091,0.2979,0.0327,0.0689,0.2201,0.8181,1.718,0.1044,0.1247,0.116,-0.0172
1223,0.919,0.0,0.0853,259.56,51.82,0.5,0.1075,0.2912,0.0347,0.0686,0.2195,0.8154,1.7524,0.1057,0.1268,0.118,-0.0143
1224,0.92,0.0,0.0841,284.84,57.89,0.5,0.104,0.2798,0.0345,0.0668,0.2191,0.7853,1.7747,0.1069,0.1277,0.1191,-0.0155
1225,0.9243,0.0,0.08,290.18,59.43,0.5,0.1019,0.2473,0.0337,0.0659,0.2191,0.736,1.8833,0.1127,0.1342,0.1254,-0.0109
1226,0.926,0.0,0.0781,245.45,48.34,0.5,0.1128,0.2964,0.0346,0.0695,0.2186,0.8248,1.7335,0.105,0.1259,0.117,-0.0112
1227,0.9262,0.0,0.0773,256.78,51.27,0.5,0.103,0.2555,0.0364,0.0667,0.2181,0.7535,1.7955,0.1077,0.1286,0.12,-0.0114
1228,0.9284,0.0,0.0751,271.48,54.52,0.5,0.1017,0.262,0.0332,0.0663,0.2195,0.7627,1.8094,0.1088,0.1296,0.121,-0.0136
1229,0.928,0.0,0.0763,245.32,48.41,0.5,0.1087,0.2853,0.0331,0.0691,0.2219,0.7963,1.7036,0.1032,0.1234,0.1148,-0.0209
1230,0.9273,0.0,0.0769,259.49,52.06,0.5,0.1059,0.2719,0.0341,0.068,0.2188,0.7777,1.7469,0.1064,0.1267,0.1181,-0.0163
1231,0.928,0.0,0.0764,280.16,56.87,0.5,0.1061,0.2747,0.0335,0.0694,0.219,0.79,1.7513,0.1058,0.1263,0.1176,-0.0116
1232,0.929,0.0,0.075,275.19,55.86,0.5,0.1083,0.2749,0.0339,0.069,0.2196,0.7853,1.8411,0.1099,0.1317,0.1228,-0.0118
1233,0.9298,0.0,0.0742,275.64,56.4,0.5,0.1043,0.2615,0.0342,0.0673,0.2213,0.7624,1.8656,0.1111,0.1327,0.1239,-0.0189
1234,0.9319,0.0,0.072,250.55,49.69,0.5,0.1067,0.2888,0.0317,0.068,0.2185,0.807,1.7188,0.1043,0.1244,0.1158,-0.0147
1235,0.9322,0.0,0.0722,274.79,55.91,0.5,0.1048,0.2644,0.034,0.0673,0.2219,0.7672,1.8312,0.1098,0.1311,0.1222,-0.0134
1236,0.9333,0.0,0.0714,274.7,56.1,0.5,0.1104,0.2832,0.0334,0.0696,0.2222,0.8072,1.7966,0.1071,0.1285,0.1196,-0.0107
1237,0.9332,0.0,0.0709,280.03,57.45,0.5,0.0994,0.2405,0.0352,0.0675,0.2207,0.7323,1.8381,0.1102,0.1311,0.1224,-0.0124
1238,0.9339,0.0,0.0709,263.08,52.87,0.5,0.1039,0.252,0.0345,0.0666,0.2202,0.7519,1.8124,0.1091,0.1298,0.1211,-0.0142
1239,0.9364,0.0,0.0686,255.53,51.42,0.5,0.1014,0.2373,0.0345,0.068,0.2191,0.7348,1.7869,0.1081,0.1284,0.1199,-0.0103
1240,0.938,0.0,0.0667,291.44,59.46,0.5,0.1022,0.2351,0.0344,0.0675,0.2185,0.725,1.8415,0.1103,0.1313,0.1226,-0.0097
1241,0.9408,0.0,0.064,260.36,52.43,0.5,0.1004,0.243,0.0345,0.0664,0.2186,0.737,1.6452,0.101,0.12,0.1119,-0.0125
1242,0.9413,0.0,0.0635,287.78,58.32,0.5,0.0939,0.2157,0.0346,0.0641,0.2209,0.688,1.8851,0.1133,0.1348,0.1262,-0.0124
1243,0.9411,0.0,0.0636,248.58,49.32,0.5,0.1095,0.2541,0.0332,0.0704,0.2171,0.7741,1.8202,0.11,0.1311,0.1223,-0.0097
1244,0.9406,0.0,0.0642,255.16,49.75,0.5,0.1012,0.2403,0.0348,0.0663,0.2185,0.7341,1.7731,0.1079,0.1282,0.1197,-0.0125
1245,0.9405,0.0,0.0647,269.14,54.4,0.5,0.0966,0.2205,0.0341,0.0652,0.2188,0.7051,1.7725,0.1079,0.1282,0.1198,-0.0077
1246,0.9426,0.0,0.0634,271.21,54.61,0.5,0.1043,0.2401,0.0331,0.0666,0.221,0.7377,1.8267,0.1099,0.1307,0.1222,-0.0131
1247,0.9426,0.0,0.0636,287.93,58.97,0.5,0.1023,0.233,0.035,0.0667,0.2201,0.7191,1.8372,0.1109,0.1318,0.1232,-0.0115
1248,0.9446,0.0,0.0614,287.33,58.38,0.5,0.1011,0.221,0.0341,0.0665,0.2201,0.7068,1.8515,0.1114,0.1323,0.1238,-0.0088
1249,0.9466,0.0,0.0591,279.88,56.29,0.5,0.0907,0.2103,0.0349,0.0616,0.2203,0.6628,1.8806,0.1148,0.1353,0.1268,-0.0076
1250,0.9467,0.0,0.0581,271.74,55.02,0.5,0.1009,0.2283,0.0362,0.0659,0.2188,0.7076,1.7779,0.1073,0.1278,0.1193,-0.0115
1251,0.9473,0.0,0.0572,279.91,55.68,0.5,0.1013,0.2365,0.0332,0.068,0.22,0.731,1.8246,0.1108,0.1311,0.1226,-0.0157
1252,0.9472,0.0,0.0579,265.82,53.55,0.5,0.096,0.2127,0.0356,0.0642,0.22,0.6858,1.7403,0.1063,0.1259,0.1176,-0.009
1253,0.9477,0.0,0.0574,267.92,54.57,0.5,0.1006,0.2276,0.0345,0.0666,0.2196,0.7191,1.8656,0.1122,0.1331,0.1245,-0.0069
1254,0.9482,0.0,0.0567,262.57,53.21,0.5,0.0968,0.2228,0.0346,0.0655,0.2207,0.6937,1.6563,0.1011,0.12,0.112,-0.0125
1255,0.9478,0.0,0.0568,272.82,55.88,0.5,0.0945,0.2081,0.0352,0.0644,0.2208,0.671,1.7238,0.1053,0.1243,0.1163,-0.0104
1256,0.9479,0.0,0.0561,286.59,58.1,0.5,0.1031,0.2381,0.0328,0.067,0.2196,0.7329,1.7706,0.1083,0.1281,0.1196,-0.009
1257,0.9487,0.0,0.0551,281.41,57.52,0.5,0.0865,0.1745,0.0331,0.0609,0.224,0.6107,1.8197,0.1112,0.1308,0.1229,-0.0053
1258,0.95,0.0,0.0541,287.76,58.32,0.5,0.0873,0.1872,0.0344,0.0614,0.2241,0.6265,1.8497,0.1129,0.1329,0.1248,-0.0079
1259,0.9522,0.0,0.0515,287.03,58.4,0.5,0.0909,0.195,0.0342,0.0641,0.2197,0.6487,1.8882,0.1144,0.135,0.1268,-0.0082
1260,0.9516,0.0,0.0516,296.19,60.95,0.5,0.0944,0.215,0.0323,0.0648,0.2212,0.6847,1.8293,0.1102,0.1309,0.1225,-0.0092
1261,0.9542,0.0,0.0489,268.15,53.94,0.5,0.094,0.2041,0.0339,0.0654,0.2206,0.6714,1.773,0.1091,0.1284,0.1203,-0.0079
1262,0.9547,0.0,0.0484,275.33,55.92,0.5,0.0879,0.1896,0.0339,0.0618,0.2197,0.6309,1.793,0.1094,0.1295,0.1214,-0.0081
1263,0.9555,0.0,0.048,268.73,54.04,0.5,0.0963,0.2151,0.033,0.0658,0.2192,0.6931,1.8462,0.1126,0.1325,0.1242,-0.0101
1264,0.9572,0.0,0.0469,276.64,55.95,0.5,0.0917,0.2037,0.0338,0.0644,0.2214,0.6574,1.8454,0.1134,0.133,0.1249,-0.0099
1265,0.9571,0.0,0.047,267.37,53.72,0.5,0.0859,0.1754,0.0336,0.0613,0.2223,0.6086,1.7086,0.1068,0.125,0.1174,-0.0074
1266,0.9585,0.0,0.0452,240.64,47.11,0.5,0.0926,0.1935,0.0346,0.0646,0.2199,0.6564,1.773,0.1093,0.1288,0.1207,-0.0068
1267,0.9592,0.0,0.0441,281.39,56.68,0.5,0.0865,0.1762,0.0336,0.0628,0.22,0.6187,1.8707,0.1142,0.1342,0.1262,-0.0085
1268,0.9616,0.0,0.0418,247.22,49.14,0.5,0.0861,0.1786,0.034,0.062,0.2209,0.6257,1.7094,0.1053,0.1239,0.1162,-0.0028
1269,0.9626,0.0,0.0404,256.41,52.24,0.5,0.0949,0.202,0.0338,0.0643,0.2239,0.6614,1.7427,0.1051,0.125,0.1169,-0.0099
1270,0.9621,0.0,0.0408,270.15,55.04,0.5,0.0875,0.1841,0.0348,0.0608,0.2238,0.619,1.8674,0.1128,0.1327,0.1247,-0.0094
1271,0.9608,0.0,0.0417,288.13,59.23,0.5,0.0854,0.1767,0.0332,0.0609,0.2226,0.6108,1.8335,0.1122,0.1316,0.1238,-0.0078
1272,0.9611,0.0,0.0412,278.13,56.86,0.5,0.0826,0.1695,0.0334,0.0618,0.2219,0.6035,1.8006,0.1101,0.1293,0.1215,-0.0063
1273,0.9604,0.0,0.0417,298.97,60.39,0.5,0.0933,0.1934,0.0341,0.0647,0.2225,0.6541,1.8986,0.1159,0.1364,0.128,-0.0078
1274,0.9599,0.0,0.0419,257.25,51.5,0.5,0.0826,0.169,0.0331,0.0607,0.2208,0.6026,1.7262,0.1069,0.1254,0.1178,-0.0067
1275,0.9619,0.0,0.0401,264.0,53.41,0.5,0.0768,0.1481,0.0347,0.0586,0.2242,0.5573,1.735,0.1078,0.1259,0.1183,-0.005
1276,0.9626,0.0,0.0397,283.27,57.92,0.5,0.0822,0.1572,0.0343,0.061,0.2249,0.5782,1.8528,0.1126,0.1322,0.1244,-0.0078
1277,0.9628,0.0,0.04,270.63,54.3,0.5,0.0768,0.1453,0.0334,0.0587,0.2239,0.5491,1.8183,0.1127,0.1315,0.1238,-0.0042
1278,0.9651,0.0,0.0382,282.53,57.49,0.5,0.0747,0.1403,0.0354,0.0569,0.2245,0.5356,1.8011,0.111,0.1298,0.1221,-0.006
1279,0.9661,0.0,0.0373,282.18,56.89,0.5,0.0837,0.163,0.0334,0.0614,0.2226,0.5943,1.8171,0.1112,0.1305,0.1227,-0.006
1280,0.9674,0.0,0.0358,262.0,52.8,0.5,0.0792,0.158,0.0326,0.0605,0.2241,0.5723,1.7145,0.1065,0.1245,0.1171,-0.0045
1281,0.9685,0.0,0.0342,281.89,57.82,0.5,0.077,0.1475,0.0327,0.0592,0.2234,0.559,1.7441,0.1086,0.1262,0.1189,-0.0062
1282,0.9694,0.0,0.0332,259.67,51.69,0.5,0.0822,0.1606,0.0344,0.0598,0.225,0.5763,1.7286,0.1064,0.1249,0.1173,-0.0063
1283,0.97,0.0,0.0325,261.28,52.6,0.5,0.0793,0.153,0.0335,0.0597,0.2249,0.5723,1.7337,0.1078,0.1258,0.1182,-0.004
1284,0.9708,0.0,0.0318,291.49,60.08,0.5,0.0772,0.1477,0.034,0.058,0.222,0.5646,1.8574,0.1142,0.1332,0.1254,-0.0049
1285,0.972,0.0,0.0306,236.71,46.8,0.5,0.074,0.1433,0.0337,0.0581,0.2228,0.5469,1.6306,0.1027,0.1192,0.1121,-0.006
1286,0.9721,0.0,0.0303,281.82,57.35,0.5,0.0735,0.1385,0.0332,0.0577,0.2215,0.5394,1.8524,0.1142,0.1331,0.1256,-0.0046
1287,0.9733,0.0,0.0287,269.25,54.68,0.5,0.0708,0.1297,0.0345,0.0573,0.2228,0.5208,1.7375,0.1084,0.1258,0.1186,-0.0063
1288,0.9733,0.0,0.0287,273.78,55.69,0.5,0.0708,0.13,0.0349,0.0568,0.2275,0.5216,1.8175,0.1124,0.1308,0.1233,-0.0045
1289,0.9739,0.0,0.028,287.35,58.5,0.5,0.0716,0.1251,0.0332,0.0581,0.2239,0.5287,1.8278,0.1135,0.1318,0.1243,-0.0022
1290,0.974,0.0,0.0281,294.77,60.59,0.5,0.0659,0.1217,0.0346,0.0557,0.2236,0.5003,1.8453,0.1139,0.1323,0.125,-0.0045
1291,0.9752,0.0,0.0268,291.09,60.45,0.5,0.0794,0.1528,0.0331,0.061,0.2233,0.5826,1.889,0.1154,0.1348,0.1269,-0.0022
1292,0.9753,0.0,0.0267,281.39,57.92,0.5,0.0721,0.1333,0.0351,0.0588,0.2252,0.5297,1.8107,0.1108,0.1296,0.1218,-0.0051
1293,0.9754,0.0,0.0265,275.49,55.57,0.5,0.0762,0.1423,0.0333,0.0596,0.2233,0.5511,1.7989,0.1116,0.1299,0.1224,-0.0057
1294,0.9757,0.0,0.0264,271.64,55.73,0.5,0.0795,0.1536,0.0335,0.0617,0.2225,0.5813,1.8004,0.1115,0.1298,0.1222,-0.005
1295,0.9759,0.0,0.0261,273.18,55.71,0.5,0.081,0.1662,0.0334,0.0608,0.2277,0.595,1.8353,0.1119,0.1312,0.1235,-0.004
1296,0.9768,0.0,0.0251,293.57,61.24,0.5,0.071,0.1321,0.0345,0.0568,0.2259,0.5289,1.9174,0.1159,0.1353,0.1276,-0.004
1297,0.9763,0.0,0.0258,276.75,56.72,0.5,0.0693,0.1243,0.0361,0.0568,0.2276,0.5067,1.9032,0.1175,0.1361,0.1286,-0.0071
1298,0.9771,0.0,0.0248,264.7,53.57,0.5,0.07,0.1221,0.0354,0.0577,0.2267,0.5179,1.7584,0.1102,0.1278,0.1204,-0.0033
1299,0.9785,0.0,0.0231,277.16,55.77,0.5,0.0679,0.1252,0.035,0.0571,0.2237,0.5174,1.8132,0.1132,0.1311,0.1236,-0.0016
1300,0.9794,0.0,0.0221,291.83,60.38,0.5,0.0706,0.1317,0.0331,0.0585,0.2237,0.5346,1.8606,0.1151,0.1335,0.1259,-0.0008
1301,0.98,0.0,0.0213,281.1,57.14,0.5,0.0697,0.1253,0.0342,0.057,0.2253,0.518,1.7889,0.1114,0.1293,0.1218,-0.0033
1302,0.9811,0.0,0.0201,270.69,55.15,0.5,0.0728,0.133,0.0364,0.0579,0.2253,0.5271,1.7307,0.1079,0.1254,0.1181,-0.0041
1303,0.9811,0.0,0.0201,275.77,56.71,0.5,0.0749,0.1358,0.0354,0.0601,0.2272,0.5391,1.8197,0.1122,0.1306,0.1229,-0.004
1304,0.9801,0.0,0.0211,264.26,52.91,0.5,0.0683,0.1188,0.0366,0.0566,0.2251,0.5036,1.842,0.1143,0.1327,0.1252,-0.0052
1305,0.9802,0.0,0.0206,261.97,52.95,0.5,0.0721,0.1389,0.0345,0.0584,0.226,0.5406,1.7632,0.1098,0.1275,0.12,-0.0035
1306,0.9803,0.0,0.0204,255.95,51.66,0.5,0.0727,0.1284,0.0349,0.0586,0.2254,0.5281,1.7857,0.1102,0.128,0.1205,-0.0038
1307,0.9793,0.0,0.0213,289.15,58.97,0.5,0.074,0.1352,0.0348,0.0596,0.2272,0.5392,1.7977,0.111,0.1293,0.1217,-0.0059
1308,0.9793,0.0,0.0213,265.65,53.52,0.5,0.0745,0.1475,0.0362,0.0592,0.2258,0.5635,1.7358,0.108,0.1257,0.1181,-0.0059
1309,0.9785,0.0,0.0222,281.77,57.78,0.5,0.0731,0.1371,0.0355,0.0593,0.2255,0.5458,1.8019,0.112,0.1297,0.1221,-0.0038
1310,0.9771,0.0,0.0232,301.43,62.74,0.5,0.0733,0.1371,0.0359,0.0591,0.2249,0.5437,1.8439,0.1129,0.1316,0.1239,-0.0049
1311,0.9769,0.0,0.0234,280.63,56.96,0.5,0.0747,0.1487,0.0354,0.0606,0.2244,0.5666,1.8395,0.1124,0.1318,0.1239,-0.0039
1312,0.9772,0.0,0.0232,240.68,48.01,0.5,0.0758,0.1354,0.0364,0.0602,0.226,0.5471,1.6802,0.1044,0.1219,0.1146,-0.0055
1313,0.977,0.0,0.0232,256.99,51.41,0.5,0.0658,0.1231,0.0361,0.0564,0.2262,0.5098,1.7632,0.1108,0.1282,0.1208,-0.0042
1314,0.9774,0.0,0.0228,262.1,52.51,0.5,0.0752,0.1355,0.0365,0.0597,0.2277,0.5404,1.7716,0.1103,0.1282,0.1207,-0.0076
1315,0.9772,0.0,0.023,290.57,59.48,0.5,0.0646,0.1136,0.0354,0.0563,0.2252,0.4926,1.7438,0.1082,0.1258,0.1186,-0.0046
1316,0.936,0.0001,0.0648,266.31,54.58,0.25,0.0603,0.2546,0.0479,0.0616,0.2289,0.5272,1.7552,0.1055,0.1218,0.1158,-0.0755
1317,0.902,0.0002,0.0985,266.89,54.15,0.25,0.0578,0.2513,0.0484,0.0554,0.2332,0.4807,1.7532,0.1053,0.1213,0.1161,-0.073
1318,0.8745,0.0005,0.1257,259.28,52.78,0.25,0.0614,0.2248,0.0483,0.0557,0.2314,0.4735,1.7205,0.1031,0.1202,0.115,-0.0674
1319,0.8478,0.0009,0.152,250.22,50.84,0.25,0.058,0.218,0.0475,0.0553,0.2311,0.4553,1.7598,0.104,0.1227,0.1174,-0.0634
1320,0.8284,0.0012,0.1712,231.63,45.63,0.25,0.059,0.204,0.0458,0.0526,0.2301,0.4309,1.5724,0.0928,0.1116,0.1068,-0.0625
1321,0.8076,0.0014,0.1918,274.18,55.86,0.25,0.0612,0.2245,0.0473,0.0552,0.2306,0.4664,1.8214,0.1036,0.1269,0.1215,-0.0661
1322,0.789,0.0015,0.2103,237.12,47.4,0.25,0.0599,0.2214,0.047,0.0552,0.2312,0.4564,1.7223,0.0969,0.1199,0.1148,-0.0645
1323,0.7704,0.0014,0.2289,226.05,45.21,0.25,0.0573,0.2199,0.0486,0.0552,0.2294,0.4601,1.6361,0.0932,0.115,0.1102,-0.0652
1324,0.7558,0.0019,0.2431,274.57,55.9,0.25,0.0591,0.2205,0.0479,0.0552,0.2293,0.4642,1.7773,0.0992,0.1237,0.1185,-0.0662
1325,0.7412,0.0023,0.2572,259.52,52.81,0.25,0.0583,0.2113,0.0471,0.0541,0.2326,0.4486,1.7653,0.0971,0.1232,0.118,-0.0632
1326,0.7315,0.0023,0.2669,230.69,45.23,0.25,0.0528,0.191,0.0457,0.053,0.2279,0.434,1.6582,0.0936,0.1179,0.113,-0.0559
1327,0.7243,0.0028,0.2733,238.97,47.2,0.25,0.0587,0.1799,0.0455,0.0528,0.2321,0.4259,1.6919,0.0939,0.1199,0.1148,-0.0542
1328,0.7211,0.0029,0.2764,281.5,57.74,0.25,0.0585,0.1644,0.044,0.0515,0.2305,0.4059,1.8126,0.0988,0.1264,0.1211,-0.049
1329,0.7172,0.003,0.2803,243.32,48.19,0.25,0.057,0.1771,0.0459,0.0512,0.2317,0.4166,1.7329,0.0956,0.1226,0.1175,-0.0527
1330,0.7161,0.0036,0.2808,274.52,55.51,0.25,0.0577,0.1636,0.0438,0.0508,0.2322,0.4016,1.8096,0.0999,0.1279,0.1226,-0.0486
1331,0.7124,0.0034,0.2846,260.83,51.94,0.25,0.0588,0.165,0.0438,0.051,0.2316,0.405,1.7404,0.0973,0.1243,0.1192,-0.049
1332,0.7135,0.0034,0.2833,281.08,56.93,0.25,0.0588,0.1524,0.0429,0.0506,0.23,0.398,1.8754,0.1031,0.1321,0.1267,-0.0462
1333,0.7132,0.0035,0.2835,269.44,54.79,0.25,0.0567,0.159,0.043,0.0509,0.2317,0.4017,1.7627,0.0965,0.1245,0.1192,-0.0462
1334,0.7182,0.0028,0.2791,260.58,52.04,0.25,0.0545,0.1576,0.0435,0.0504,0.2296,0.3983,1.7149,0.0956,0.1228,0.1177,-0.0456
1335,0.727,0.0029,0.2701,286.51,57.94,0.25,0.0559,0.1277,0.0419,0.0481,0.2317,0.3708,1.8484,0.1025,0.1316,0.1261,-0.0382
1336,0.7292,0.003,0.2678,246.9,47.79,0.25,0.0578,0.1789,0.0449,0.0526,0.2331,0.4231,1.7454,0.0974,0.1243,0.1191,-0.0519
1337,0.7282,0.0029,0.2689,248.47,48.83,0.25,0.0539,0.1396,0.0423,0.0497,0.2306,0.3838,1.727,0.0972,0.1238,0.1187,-0.0409
1338,0.7345,0.0027,0.2628,298.18,60.61,0.25,0.0578,0.1265,0.0413,0.0476,0.232,0.363,1.8171,0.1014,0.1304,0.1249,-0.0365
1339,0.74,0.0028,0.2572,267.7,53.99,0.25,0.0583,0.1553,0.0439,0.05,0.2316,0.391,1.8364,0.1004,0.1295,0.1242,-0.0467
1340,0.7464,0.0027,0.2509,255.71,51.17,0.25,0.0533,0.1286,0.0413,0.0479,0.231,0.3659,1.5333,0.0884,0.1123,0.1075,-0.0384
1341,0.7546,0.0026,0.2428,260.34,51.62,0.25,0.054,0.106,0.0401,0.0465,0.2308,0.3438,1.8028,0.1009,0.1295,0.1241,-0.0301
1342,0.7642,0.0023,0.2335,270.02,54.2,0.25,0.0584,0.1152,0.0402,0.0471,0.2324,0.3596,1.8162,0.1011,0.1297,0.1243,-0.0341
1343,0.7718,0.0022,0.226,280.57,56.77,0.25,0.0557,0.1165,0.0405,0.0474,0.2333,0.3564,1.8013,0.0999,0.1284,0.123,-0.0334
1344,0.7775,0.002,0.2205,268.04,53.89,0.25,0.0533,0.102,0.0396,0.0461,0.2345,0.3417,1.7012,0.0962,0.1229,0.1178,-0.0292
1345,0.7886,0.002,0.2095,238.73,46.52,0.25,0.055,0.0997,0.0394,0.0456,0.2304,0.3407,1.7344,0.099,0.1256,0.1204,-0.0296
1346,0.7985,0.002,0.1995,258.33,51.71,0.25,0.0532,0.1051,0.0404,0.0461,0.2315,0.3456,1.7996,0.1,0.1286,0.1232,-0.0301
1347,0.8053,0.0018,0.1929,289.75,58.96,0.25,0.0527,0.1129,0.0401,0.0462,0.2329,0.3499,1.6995,0.0962,0.1224,0.1173,-0.0311
1348,0.8111,0.0016,0.1873,279.26,56.51,0.25,0.0538,0.101,0.0395,0.0453,0.2311,0.3333,1.8402,0.1022,0.1309,0.1254,-0.0282
1349,0.8157,0.0018,0.1825,278.37,55.49,0.25,0.056,0.1011,0.0401,0.0454,0.2325,0.34,1.7455,0.0991,0.1258,0.1205,-0.0295
1350,0.8211,0.0018,0.1771,266.63,53.59,0.25,0.0566,0.0986,0.039,0.045,0.2322,0.3336,1.6481,0.095,0.1199,0.115,-0.0286
1351,0.8271,0.0022,0.1707,294.52,60.01,0.25,0.0545,0.0887,0.0397,0.0454,0.229,0.3278,1.8692,0.1044,0.1336,0.1281,-0.0259
1352,0.835,0.002,0.163,283.09,56.97,0.25,0.0562,0.0911,0.0391,0.0448,0.2326,0.3222,1.7799,0.1005,0.1283,0.123,-0.0261
1353,0.8364,0.0021,0.1615,261.22,52.52,0.25,0.0548,0.124,0.0418,0.0469,0.2326,0.3506,1.7893,0.0993,0.1275,0.1223,-0.036
1354,0.8342,0.0024,0.1634,267.76,53.55,0.25,0.0546,0.1,0.0394,0.0457,0.2306,0.3396,1.7823,0.0995,0.1276,0.1223,-0.0275
1355,0.8377,0.0021,0.1603,289.43,58.49,0.25,0.0561,0.0821,0.039,0.0446,0.2298,0.3188,1.7731,0.0998,0.1278,0.1225,-0.0233
1356,0.8454,0.0021,0.1525,263.37,52.75,0.25,0.0588,0.0849,0.0388,0.0444,0.2301,0.3198,1.8129,0.1018,0.1303,0.1248,-0.0257
1357,0.8489,0.0019,0.1491,260.92,52.14,0.25,0.0546,0.0765,0.0381,0.0437,0.2327,0.3106,1.7562,0.1003,0.1275,0.1223,-0.0211
1358,0.8535,0.0013,0.1452,276.8,55.7,0.25,0.0544,0.0706,0.038,0.0431,0.2324,0.3063,1.7948,0.1017,0.1295,0.1242,-0.0196
1359,0.8587,0.0012,0.1401,278.23,56.99,0.25,0.0535,0.0776,0.0385,0.0441,0.2328,0.3153,1.7406,0.0967,0.1244,0.1192,-0.0216
1360,0.8625,0.0012,0.1363,257.29,51.56,0.25,0.0566,0.0603,0.0372,0.0417,0.23,0.2884,1.7377,0.099,0.1261,0.1209,-0.0192
1361,0.8628,0.0011,0.136,266.33,52.96,0.25,0.0555,0.0763,0.0383,0.0431,0.2305,0.3062,1.6508,0.0945,0.1206,0.1156,-0.0224
1362,0.8669,0.001,0.1321,278.5,55.82,0.25,0.0538,0.0662,0.0377,0.0437,0.2325,0.3119,1.7471,0.0991,0.1267,0.1214,-0.0177
1363,0.874,0.001,0.1251,264.06,52.87,0.25,0.054,0.0698,0.038,0.0435,0.234,0.3095,1.7446,0.0992,0.1266,0.1213,-0.0187
1364,0.8766,0.001,0.1224,277.66,55.39,0.25,0.0547,0.0562,0.0369,0.0419,0.2316,0.2871,1.7473,0.0995,0.1266,0.1214,-0.0172
1365,0.8776,0.001,0.1214,262.79,52.45,0.25,0.0548,0.0796,0.0383,0.0442,0.23,0.3139,1.7513,0.0991,0.1267,0.1215,-0.0234
1366,0.879,0.0011,0.1199,257.6,51.06,0.25,0.0558,0.0826,0.0384,0.0448,0.2331,0.3236,1.686,0.0959,0.1227,0.1176,-0.0246
1367,0.88,0.0012,0.1187,249.79,49.02,0.25,0.0568,0.0695,0.0377,0.0428,0.2338,0.2981,1.6921,0.0971,0.1232,0.1181,-0.0204
1368,0.8813,0.0012,0.1175,256.63,51.38,0.25,0.0535,0.0573,0.0368,0.0422,0.2336,0.2921,1.6205,0.0937,0.1189,0.1139,-0.0158
1369,0.8847,0.001,0.1143,275.94,55.44,0.25,0.0524,0.0482,0.0367,0.0416,0.2309,0.2852,1.7071,0.0976,0.1247,0.1195,-0.0141
1370,0.8903,0.0011,0.1086,255.82,50.74,0.25,0.0523,0.054,0.0372,0.042,0.234,0.2947,1.7037,0.0982,0.1244,0.1194,-0.0162
1371,0.8932,0.0008,0.106,263.29,52.94,0.25,0.0526,0.0426,0.0368,0.0415,0.2337,0.2842,1.7612,0.1004,0.1274,0.1222,-0.0134
1372,0.8928,0.0009,0.1063,275.21,55.54,0.25,0.0556,0.07,0.0376,0.0432,0.2321,0.3016,1.7534,0.0999,0.1274,0.1222,-0.0201
1373,0.8973,0.001,0.1018,263.93,52.73,0.25,0.053,0.0459,0.0374,0.042,0.2336,0.2865,1.7045,0.0978,0.1241,0.1189,-0.0124
1374,0.9004,0.0007,0.0988,278.89,56.17,0.25,0.0536,0.0577,0.037,0.042,0.2341,0.2923,1.7685,0.1008,0.1281,0.1229,-0.0168
1375,0.9045,0.0007,0.0948,252.32,50.04,0.25,0.0531,0.0489,0.0363,0.0417,0.2323,0.2847,1.6976,0.0976,0.1239,0.1187,-0.0136
1376,0.9077,0.0007,0.0916,244.97,48.34,0.25,0.0525,0.0698,0.038,0.0436,0.2348,0.3062,1.6914,0.098,0.124,0.1189,-0.0186
1377,0.9116,0.0007,0.0877,260.43,52.09,0.25,0.0511,0.0469,0.0361,0.0412,0.2335,0.277,1.7018,0.098,0.1242,0.1191,-0.0129
1378,0.9164,0.0007,0.0829,265.31,52.96,0.25,0.0499,0.0397,0.0362,0.042,0.2343,0.2793,1.7023,0.0998,0.125,0.1199,-0.0097
1379,0.9187,0.0007,0.0806,275.34,55.77,0.25,0.0575,0.0562,0.0378,0.042,0.2366,0.2842,1.6909,0.097,0.1237,0.1186,-0.017
1380,0.9193,0.0007,0.08,277.73,56.21,0.25,0.0523,0.0426,0.0364,0.0414,0.2352,0.281,1.8443,0.1053,0.133,0.1277,-0.0115
1381,0.9208,0.0007,0.0784,261.21,52.17,0.25,0.0541,0.0636,0.0373,0.0427,0.2337,0.2985,1.7802,0.1004,0.1279,0.1226,-0.0181
1382,0.9206,0.0008,0.0786,263.56,52.49,0.25,0.054,0.0491,0.0381,0.0413,0.2362,0.2832,1.7538,0.1006,0.1275,0.1223,-0.015
1383,0.9211,0.001,0.0779,256.21,50.93,0.25,0.0522,0.0469,0.0371,0.0423,0.2322,0.2825,1.6953,0.0974,0.1235,0.1184,-0.0139
1384,0.9208,0.001,0.0782,289.49,58.6,0.25,0.0559,0.0599,0.0371,0.0436,0.2343,0.3068,1.8434,0.1036,0.1326,0.1271,-0.0159
1385,0.9219,0.0012,0.0769,278.92,56.12,0.25,0.0548,0.0473,0.037,0.0418,0.2361,0.2817,1.8302,0.1041,0.1317,0.1263,-0.0138
1386,0.9253,0.0011,0.0735,265.37,52.98,0.25,0.0526,0.0337,0.0365,0.0416,0.233,0.2752,1.6655,0.0964,0.1222,0.1171,-0.0092
1387,0.9282,0.001,0.0708,288.07,58.18,0.25,0.051,0.0498,0.0376,0.0425,0.2341,0.2926,1.7737,0.1014,0.1291,0.1238,-0.0133
1388,0.9286,0.001,0.0704,265.17,52.78,0.25,0.054,0.0377,0.0365,0.0413,0.2337,0.2791,1.7824,0.1024,0.1298,0.1245,-0.0103
1389,0.9301,0.0011,0.0688,248.72,49.17,0.25,0.0522,0.0427,0.0366,0.0413,0.2346,0.2733,1.6778,0.0976,0.1227,0.1178,-0.0128
1390,0.932,0.0011,0.0669,252.98,50.69,0.25,0.0548,0.0484,0.0374,0.0428,0.2328,0.2929,1.798,0.1026,0.1298,0.1245,-0.015
1391,0.9317,0.0012,0.0671,283.26,57.38,0.25,0.0532,0.0422,0.0368,0.0414,0.2337,0.2752,1.8005,0.1015,0.13,0.1246,-0.0113
1392,0.9327,0.0009,0.0665,256.89,50.84,0.25,0.0512,0.0568,0.037,0.0423,0.2362,0.2906,1.6787,0.0975,0.1236,0.1186,-0.015
1393,0.9295,0.0007,0.0697,310.6,63.63,0.25,0.0557,0.0575,0.0376,0.0429,0.2356,0.2978,1.9082,0.1076,0.1368,0.1312,-0.0164
1394,0.9274,0.0008,0.0718,289.01,58.59,0.25,0.0548,0.0561,0.0379,0.0427,0.2332,0.2939,1.7652,0.1006,0.1279,0.1227,-0.018
1395,0.9255,0.001,0.0735,256.41,51.1,0.25,0.0519,0.0462,0.0372,0.0415,0.2349,0.2804,1.658,0.0958,0.1214,0.1163,-0.0136
1396,0.9268,0.001,0.0722,244.4,48.04,0.25,0.0561,0.0466,0.0376,0.0416,0.2365,0.2752,1.6884,0.0978,0.1239,0.1188,-0.0161
1397,0.9282,0.0011,0.0707,270.75,53.95,0.25,0.0516,0.0368,0.0365,0.0418,0.2342,0.2756,1.6897,0.099,0.1241,0.119,-0.0105
1398,0.9312,0.0007,0.0681,258.48,51.09,0.25,0.0525,0.0374,0.0367,0.0418,0.2346,0.2777,1.705,0.0996,0.1251,0.12,-0.0106
1399,0.9331,0.0003,0.0666,289.76,58.37,0.25,0.0503,0.0299,0.0366,0.0412,0.2354,0.2695,1.7593,0.1029,0.1291,0.124,-0.0079
1400,0.9342,0.0005,0.0652,239.69,46.57,0.25,0.0508,0.0406,0.0375,0.0421,0.2367,0.2817,1.6108,0.0948,0.119,0.1141,-0.0112
1401,0.9344,0.0007,0.0648,284.33,57.88,0.25,0.0513,0.0372,0.0369,0.0415,0.2347,0.2772,1.8013,0.1041,0.1311,0.1259,-0.0106
1402,0.9358,0.0007,0.0634,278.93,56.42,0.25,0.0508,0.0456,0.0369,0.0421,0.2364,0.2833,1.7951,0.1024,0.1296,0.1243,-0.011
1403,0.9374,0.0008,0.0618,260.25,51.68,0.25,0.0506,0.0393,0.037,0.0422,0.2346,0.2822,1.717,0.0998,0.1258,0.1207,-0.0099
1404,0.9393,0.001,0.0597,265.87,53.45,0.25,0.0488,0.0434,0.0369,0.0417,0.2365,0.2779,1.8075,0.1038,0.131,0.1257,-0.0107
1405,0.94,0.001,0.059,270.68,54.23,0.25,0.0499,0.033,0.037,0.0416,0.2348,0.2779,1.7491,0.1005,0.1272,0.122,-0.008
1406,0.94,0.0007,0.0592,276.38,55.49,0.25,0.0526,0.0417,0.0363,0.0419,0.2364,0.2804,1.6913,0.0983,0.124,0.1189,-0.0119
1407,0.9396,0.0006,0.0598,282.11,56.55,0.25,0.0562,0.0582,0.0375,0.0431,0.2338,0.295,1.7182,0.0999,0.126,0.1209,-0.0181
1408,0.9371,0.0007,0.0622,289.87,58.27,0.25,0.0555,0.0594,0.0378,0.0427,0.2352,0.2951,1.7595,0.1013,0.128,0.1229,-0.0177
1409,0.9361,0.0007,0.0632,281.49,56.35,0.25,0.0549,0.0468,0.0374,0.0415,0.2345,0.2807,1.779,0.1019,0.1293,0.1241,-0.015
1410,0.9348,0.0007,0.0645,276.05,55.44,0.25,0.0533,0.0335,0.0364,0.0413,0.2347,0.2742,1.7612,0.1025,0.129,0.1237,-0.0087
1411,0.936,0.0007,0.0632,263.57,52.63,0.25,0.056,0.0544,0.0378,0.0428,0.2361,0.2948,1.7389,0.0999,0.1262,0.1211,-0.0173
1412,0.9356,0.0006,0.0638,269.71,54.18,0.25,0.0524,0.0379,0.037,0.0415,0.2371,0.2788,1.717,0.1007,0.1261,0.1211,-0.0101
1413,0.9357,0.0005,0.0638,252.93,49.79,0.25,0.0546,0.0433,0.0371,0.0416,0.2361,0.2772,1.6662,0.0972,0.1223,0.1173,-0.0124
1414,0.9361,0.0006,0.0633,282.13,57.47,0.25,0.0528,0.0429,0.0374,0.0422,0.2381,0.2844,1.8307,0.1038,0.1312,0.1259,-0.0128
1415,0.9366,0.0009,0.0626,281.45,56.92,0.25,0.0552,0.0448,0.0379,0.0428,0.2385,0.2885,1.8616,0.1055,0.1339,0.1284,-0.0124
1416,0.9367,0.001,0.0623,266.46,54.02,0.25,0.0552,0.043,0.0373,0.0411,0.2402,0.274,1.7308,0.0988,0.1251,0.1199,-0.0108
1417,0.938,0.001,0.0611,270.81,54.91,0.25,0.052,0.0406,0.0373,0.0419,0.2366,0.2783,1.7302,0.1,0.1262,0.121,-0.0099
1418,0.9399,0.0008,0.0593,246.79,48.58,0.25,0.0495,0.0301,0.0367,0.0412,0.2369,0.2723,1.6492,0.0971,0.1219,0.1169,-0.0066
1419,0.9401,0.0007,0.0591,284.48,58.0,0.25,0.0535,0.0369,0.0373,0.0416,0.2396,0.2741,1.8085,0.1022,0.1305,0.1252,-0.0095
1420,0.9409,0.0007,0.0584,271.19,54.53,0.25,0.0499,0.0317,0.0368,0.0415,0.2394,0.2741,1.7747,0.1023,0.1291,0.1239,-0.0069
1421,0.9414,0.0007,0.0578,265.19,53.08,0.25,0.0561,0.0392,0.0371,0.0414,0.2377,0.276,1.8137,0.1031,0.1303,0.125,-0.0115
1422,0.9401,0.0007,0.0592,266.57,53.66,0.25,0.056,0.0492,0.0376,0.042,0.2368,0.2884,1.7551,0.1014,0.1276,0.1224,-0.0156
1423,0.9388,0.0007,0.0605,253.74,50.41,0.25,0.0529,0.0421,0.0372,0.0423,0.2383,0.2868,1.7639,0.102,0.1288,0.1236,-0.0109
1424,0.938,0.0005,0.0615,281.58,56.99,0.25,0.0509,0.0368,0.0378,0.0425,0.2371,0.2831,1.7418,0.1001,0.1265,0.1213,-0.0101
1425,0.9394,0.0005,0.0602,282.61,57.19,0.25,0.0521,0.0321,0.0373,0.0413,0.2389,0.2731,1.86,0.1051,0.1335,0.1281,-0.0091
1426,0.9424,0.0005,0.0571,289.9,58.92,0.25,0.0548,0.0343,0.0376,0.0419,0.2385,0.2783,1.7514,0.1008,0.1273,0.1221,-0.0098
1427,0.9419,0.0004,0.0577,281.23,57.15,0.25,0.053,0.0393,0.0376,0.0416,0.2375,0.2814,1.8294,0.105,0.1326,0.1272,-0.0099
1428,0.9448,0.0002,0.055,275.56,55.9,0.25,0.0495,0.0273,0.037,0.0412,0.2396,0.271,1.8367,0.105,0.1328,0.1274,-0.0056
1429,0.9473,0.0002,0.0525,278.86,56.37,0.25,0.0526,0.0449,0.0381,0.0421,0.2378,0.2859,1.8571,0.1056,0.1339,0.1285,-0.012
1430,0.9468,0.0002,0.053,254.11,49.96,0.25,0.0545,0.0407,0.0374,0.0408,0.2383,0.27,1.7659,0.1019,0.1282,0.123,-0.0131
1431,0.9472,0.0003,0.0525,275.66,54.97,0.25,0.0537,0.034,0.0377,0.0414,0.2395,0.2741,1.667,0.0992,0.1243,0.1192,-0.0092
1432,0.9468,0.0005,0.0528,267.73,53.62,0.25,0.0527,0.0359,0.0378,0.0416,0.2374,0.2776,1.7437,0.0996,0.1264,0.1211,-0.0102
1433,0.9464,0.0005,0.0532,278.32,55.82,0.25,0.0556,0.0298,0.0371,0.0407,0.2391,0.2671,1.8152,0.1043,0.1317,0.1264,-0.0092
1434,0.9475,0.0005,0.052,286.18,57.91,0.25,0.0523,0.0308,0.0373,0.0416,0.2393,0.2756,1.7305,0.1018,0.1273,0.1221,-0.0079
1435,0.9492,0.0005,0.0503,300.03,60.77,0.25,0.0544,0.0357,0.0376,0.0415,0.2396,0.2765,1.8374,0.1059,0.1334,0.128,-0.0107
1436,0.9491,0.0005,0.0504,261.68,52.86,0.25,0.0532,0.0372,0.038,0.0414,0.2416,0.2761,1.6527,0.0967,0.1211,0.1161,-0.011
1437,0.9481,0.0003,0.0516,275.79,55.75,0.25,0.0519,0.0394,0.0376,0.0416,0.2398,0.277,1.7679,0.1029,0.1288,0.1235,-0.0093
1438,0.9475,0.0002,0.0522,258.65,51.45,0.25,0.0544,0.0363,0.0374,0.0416,0.2388,0.2782,1.7953,0.1037,0.13,0.1246,-0.0104
1439,0.9453,0.0002,0.0545,296.99,60.16,0.25,0.0533,0.0325,0.0373,0.0408,0.2403,0.2713,1.7639,0.1036,0.1291,0.1238,-0.0087
1440,0.9468,0.0,0.0532,278.52,56.8,0.25,0.0529,0.0339,0.0376,0.0412,0.2411,0.2769,1.7886,0.1027,0.1299,0.1245,-0.0084
1441,0.9481,0.0,0.0519,272.7,54.45,0.25,0.0529,0.0279,0.0374,0.041,0.2422,0.2728,1.669,0.0989,0.1233,0.1182,-0.008
1442,0.9498,0.0,0.0502,281.63,56.95,0.25,0.051,0.0344,0.0375,0.0409,0.2425,0.2736,1.79,0.1045,0.1306,0.1253,-0.0082
1443,0.9522,0.0,0.0478,262.78,51.67,0.25,0.0514,0.035,0.0375,0.0407,0.2415,0.2735,1.7622,0.1025,0.129,0.1238,-0.0087
1444,0.9509,0.0,0.0491,273.22,54.64,0.25,0.0546,0.0459,0.038,0.0414,0.2415,0.282,1.6881,0.0987,0.1232,0.1181,-0.0136
1445,0.9492,0.0001,0.0507,259.11,51.41,0.25,0.0518,0.0459,0.0381,0.0413,0.2442,0.2775,1.7275,0.1004,0.1264,0.1212,-0.0132
1446,0.9484,0.0002,0.0513,283.98,57.64,0.25,0.0539,0.0368,0.0381,0.041,0.2433,0.278,1.747,0.1009,0.127,0.1217,-0.011
1447,0.9491,0.0002,0.0507,272.37,55.1,0.25,0.0552,0.0355,0.0378,0.0422,0.243,0.2824,1.9064,0.1076,0.1365,0.1308,-0.0117
1448,0.9478,0.0002,0.052,285.06,58.45,0.25,0.0534,0.0368,0.0382,0.0417,0.2437,0.2799,1.8473,0.106,0.1334,0.1278,-0.0093
1449,0.9488,0.0005,0.0508,259.93,51.71,0.25,0.0504,0.0267,0.0379,0.0411,0.2426,0.2732,1.7221,0.1015,0.1262,0.121,-0.0065
1450,0.9514,0.0005,0.0481,244.33,48.26,0.25,0.0478,0.03,0.0385,0.0421,0.2392,0.2727,1.6914,0.0979,0.123,0.1179,-0.0079
1451,0.9544,0.0005,0.0451,235.4,45.74,0.25,0.0486,0.0221,0.0374,0.0407,0.2416,0.2688,1.7154,0.1009,0.1261,0.1209,-0.0045
1452,0.9561,0.0005,0.0434,268.68,54.72,0.25,0.0523,0.0373,0.038,0.0417,0.2432,0.2824,1.7788,0.101,0.1281,0.1228,-0.0101
1453,0.9554,0.0005,0.0441,252.07,50.26,0.25,0.0504,0.0394,0.0388,0.042,0.2442,0.283,1.7125,0.1,0.125,0.1199,-0.0121
1454,0.9533,0.0005,0.0462,286.25,58.14,0.25,0.0485,0.041,0.039,0.0431,0.2402,0.2958,1.6308,0.096,0.12,0.115,-0.0105
1455,0.9533,0.0005,0.0463,282.15,57.28,0.25,0.0493,0.0326,0.0384,0.042,0.245,0.2813,1.7402,0.1011,0.1268,0.1215,-0.0074
1456,0.9535,0.0005,0.046,265.9,53.61,0.25,0.0515,0.0317,0.0381,0.0414,0.244,0.2746,1.7185,0.1007,0.1259,0.1206,-0.0082
1457,0.9556,0.0004,0.044,282.14,56.43,0.25,0.0479,0.0248,0.0377,0.0419,0.2444,0.277,1.7922,0.105,0.1309,0.1255,-0.0052
1458,0.956,0.0,0.044,263.59,52.29,0.25,0.0541,0.0392,0.0387,0.0427,0.2441,0.2854,1.8073,0.1045,0.1309,0.1255,-0.0128
1459,0.9549,0.0,0.0451,261.6,51.62,0.25,0.0486,0.0307,0.0379,0.0418,0.2433,0.2788,1.667,0.0995,0.1234,0.1183,-0.0077
1460,0.9542,0.0,0.0458,278.46,55.74,0.25,0.0511,0.0335,0.0379,0.0417,0.2433,0.278,1.7543,0.102,0.128,0.1227,-0.0083
1461,0.954,0.0002,0.0458,269.91,53.6,0.25,0.0548,0.0369,0.0387,0.0417,0.2442,0.2805,1.8102,0.105,0.1312,0.1257,-0.0118
1462,0.954,0.0002,0.0458,281.64,57.01,0.25,0.0505,0.0353,0.0386,0.0424,0.2446,0.2832,1.7536,0.1024,0.128,0.1227,-0.009
1463,0.9544,0.0002,0.0454,263.46,52.24,0.25,0.0507,0.0301,0.0386,0.0416,0.245,0.2758,1.7399,0.1027,0.1274,0.1222,-0.009
1464,0.9542,0.0002,0.0457,239.52,46.82,0.25,0.0525,0.0321,0.0394,0.0429,0.2457,0.2841,1.7734,0.1022,0.1287,0.1232,-0.0075
1465,0.9544,0.0002,0.0454,231.63,44.9,0.25,0.0525,0.0443,0.0391,0.0424,0.2448,0.2841,1.6161,0.0965,0.1194,0.1144,-0.012
1466,0.9529,0.0002,0.0469,275.7,54.4,0.25,0.0507,0.036,0.0395,0.0428,0.2423,0.2866,1.7193,0.1017,0.1264,0.1212,-0.0097
1467,0.9551,0.0002,0.0447,260.57,51.55,0.25,0.0492,0.026,0.0388,0.0425,0.2438,0.2812,1.7793,0.1033,0.1295,0.1241,-0.0053
1468,0.9553,0.0002,0.0445,264.88,53.52,0.25,0.051,0.0415,0.0397,0.0425,0.2454,0.285,1.7984,0.1037,0.1304,0.1249,-0.0101
1469,0.9547,0.0002,0.0451,244.05,47.97,0.25,0.0506,0.0257,0.0385,0.042,0.2451,0.2761,1.7785,0.1036,0.1294,0.1241,-0.0077
1470,0.9558,0.0002,0.0439,263.58,52.28,0.25,0.0557,0.0293,0.0393,0.0419,0.2427,0.2746,1.6719,0.0996,0.1238,0.1186,-0.0093
1471,0.9543,0.0002,0.0454,281.35,55.97,0.25,0.049,0.0256,0.0388,0.0422,0.2456,0.2728,1.8307,0.1075,0.1338,0.1283,-0.0055
1472,0.9548,0.0002,0.045,256.25,50.4,0.25,0.0531,0.0278,0.0387,0.0418,0.2483,0.2766,1.7436,0.1022,0.1273,0.122,-0.007
1473,0.9555,0.0004,0.0441,265.76,53.76,0.25,0.0513,0.0308,0.0392,0.0418,0.2465,0.275,1.7221,0.1002,0.1253,0.1201,-0.0082
1474,0.9543,0.0005,0.0452,248.0,48.67,0.25,0.0519,0.0352,0.039,0.0415,0.2464,0.2747,1.6815,0.0995,0.1237,0.1186,-0.0094
1475,0.9564,0.0005,0.0431,295.09,59.75,0.25,0.0525,0.0242,0.0389,0.0417,0.2461,0.2749,1.7766,0.1041,0.1298,0.1244,-0.0056
1476,0.9573,0.0005,0.0423,269.28,54.27,0.25,0.0572,0.0398,0.0402,0.0423,0.2457,0.2851,1.6334,0.0966,0.1205,0.1155,-0.0143
1477,0.957,0.0005,0.0425,283.82,57.84,0.25,0.0517,0.02,0.0391,0.0425,0.2456,0.2766,1.811,0.1053,0.1312,0.1257,-0.0044
1478,0.9583,0.0005,0.0412,273.74,54.62,0.25,0.0484,0.0217,0.039,0.0423,0.246,0.2784,1.6924,0.1007,0.1249,0.1196,-0.0039
1479,0.959,0.0004,0.0407,286.4,57.68,0.25,0.0504,0.0253,0.0392,0.0428,0.2473,0.2829,1.7309,0.1016,0.1267,0.1215,-0.0058
1480,0.9587,0.0002,0.041,274.68,55.2,0.25,0.0512,0.0322,0.0393,0.0424,0.2477,0.2828,1.7588,0.1022,0.1279,0.1226,-0.0088
1481,0.9586,0.0002,0.0411,234.76,45.83,0.25,0.0485,0.0193,0.0391,0.042,0.2479,0.2734,1.6495,0.0991,0.1222,0.1172,-0.0037
1482,0.9602,0.0002,0.0395,279.75,56.35,0.25,0.0497,0.0286,0.0394,0.0431,0.2468,0.2841,1.8014,0.1047,0.1311,0.1257,-0.0076
1483,0.9601,0.0002,0.0397,301.19,61.39,0.25,0.0539,0.0344,0.0395,0.0428,0.2481,0.2889,1.8021,0.105,0.131,0.1256,-0.0083
1484,0.9605,0.0003,0.0392,255.32,51.08,0.25,0.0534,0.0307,0.0401,0.0429,0.2465,0.2843,1.7816,0.1038,0.1294,0.124,-0.0096
1485,0.9607,0.0003,0.039,301.68,61.21,0.25,0.0525,0.0275,0.0394,0.042,0.2493,0.2763,1.8932,0.1087,0.1361,0.1305,-0.0072
1486,0.9621,0.0002,0.0377,291.85,59.58,0.25,0.0521,0.026,0.0395,0.0418,0.2492,0.2769,1.8178,0.1051,0.1315,0.126,-0.006
1487,0.9631,0.0002,0.0367,286.63,58.0,0.25,0.0498,0.0311,0.0398,0.0428,0.2476,0.2855,1.8399,0.1067,0.133,0.1276,-0.0079
1488,0.9623,0.0002,0.0375,282.49,56.71,0.25,0.0507,0.0331,0.0396,0.0424,0.2484,0.2836,1.7774,0.1028,0.1292,0.1238,-0.0076
1489,0.963,0.0002,0.0368,269.74,54.49,0.25,0.0508,0.0333,0.0397,0.0428,0.25,0.2872,1.7502,0.1023,0.1277,0.1224,-0.0079
1490,0.9621,0.0002,0.0377,294.04,59.72,0.25,0.0537,0.0238,0.0393,0.0421,0.2471,0.2761,1.7622,0.1036,0.1294,0.1241,-0.0077
1491,0.9619,0.0002,0.0378,269.77,54.28,0.25,0.0534,0.028,0.0395,0.0428,0.2471,0.2829,1.7455,0.1023,0.1276,0.1223,-0.0077
1492,0.9609,0.0002,0.0388,264.19,53.0,0.25,0.0549,0.0364,0.0398,0.0422,0.2496,0.2808,1.6709,0.0994,0.1229,0.1178,-0.0099
1493,0.9611,0.0002,0.0387,268.02,52.96,0.25,0.0503,0.0277,0.0397,0.0435,0.2469,0.2883,1.6569,0.0978,0.1224,0.1172,-0.0063
1494,0.9607,0.0002,0.039,276.01,55.87,0.25,0.0551,0.0365,0.0397,0.0436,0.2492,0.2909,1.7283,0.1013,0.1264,0.1211,-0.01
1495,0.9596,0.0002,0.0402,253.43,50.24,0.25,0.0536,0.0282,0.0397,0.0428,0.2501,0.2826,1.6498,0.0989,0.1221,0.1169,-0.0076
1496,0.9611,0.0002,0.0387,260.63,51.3,0.25,0.0508,0.0225,0.0396,0.0428,0.2489,0.2808,1.7514,0.1043,0.1288,0.1235,-0.0057
1497,0.9609,0.0002,0.0389,266.1,53.33,0.25,0.0545,0.0243,0.039,0.0421,0.2508,0.2789,1.7146,0.1011,0.1256,0.1202,-0.0064
1498,0.9609,0.0004,0.0387,280.8,56.59,0.25,0.0539,0.0249,0.0402,0.043,0.2511,0.2813,1.823,0.1053,0.1323,0.1266,-0.0061
1499,0.962,0.0005,0.0376,283.01,57.18,0.25,0.0492,0.0233,0.0396,0.0424,0.2489,0.2795,1.8153,0.1054,0.1317,0.1262,-0.0048
1500,0.961,0.0005,0.0385,255.1,50.67,0.25,0.057,0.0426,0.0407,0.043,0.2489,0.2905,1.7604,0.1035,0.1283,0.123,-0.0125
1501,0.9598,0.0005,0.0398,296.04,59.55,0.25,0.0546,0.0323,0.0397,0.0427,0.249,0.2808,1.7465,0.1037,0.1285,0.1232,-0.0098
1502,0.9591,0.0005,0.0404,252.06,49.32,0.25,0.0524,0.0334,0.0394,0.0431,0.2495,0.2867,1.7861,0.1056,0.1308,0.1254,-0.0084
1503,0.958,0.0005,0.0416,288.43,58.6,0.25,0.0521,0.029,0.0396,0.0423,0.2514,0.2785,1.7558,0.1024,0.1275,0.1222,-0.0074
1504,0.957,0.0006,0.0424,276.53,56.23,0.25,0.0493,0.0286,0.0402,0.0433,0.249,0.2867,1.7159,0.1002,0.1246,0.1194,-0.0066
1505,0.9594,0.0007,0.0399,258.0,51.05,0.25,0.0511,0.0189,0.04,0.0425,0.2508,0.2787,1.7972,0.1054,0.1311,0.1257,-0.0041
1506,0.9619,0.0005,0.0376,254.54,50.73,0.25,0.0501,0.0265,0.0399,0.0428,0.2501,0.2854,1.7372,0.1019,0.1267,0.1214,-0.0059
1507,0.9613,0.0005,0.0382,264.05,52.52,0.25,0.0559,0.0279,0.0402,0.0427,0.2513,0.2821,1.7399,0.1021,0.127,0.1216,-0.0083
1508,0.9621,0.0005,0.0374,272.32,55.44,0.25,0.0537,0.0191,0.0399,0.0422,0.2528,0.2787,1.7212,0.1018,0.1257,0.1203,-0.004
1509,0.9639,0.0005,0.0356,243.66,48.18,0.25,0.0547,0.0302,0.0404,0.043,0.2507,0.2864,1.7615,0.1032,0.1282,0.1228,-0.0071
1510,0.9648,0.0005,0.0347,273.84,54.5,0.25,0.0558,0.0232,0.0402,0.0429,0.2521,0.2806,1.7398,0.1024,0.1272,0.1219,-0.0073
1511,0.9652,0.0005,0.0344,296.41,59.97,0.25,0.0512,0.0313,0.0404,0.043,0.2523,0.2868,1.8224,0.1069,0.1326,0.1271,-0.0069
1512,0.9667,0.0004,0.0329,270.93,54.14,0.25,0.0534,0.0293,0.0409,0.0435,0.2518,0.2905,1.7629,0.1037,0.129,0.1235,-0.0065
1513,0.9668,0.0002,0.033,285.55,57.17,0.25,0.0527,0.029,0.0405,0.0436,0.2512,0.287,1.7758,0.1037,0.1291,0.1237,-0.0076
1514,0.9655,0.0002,0.0343,250.22,48.99,0.25,0.0541,0.0265,0.0404,0.0429,0.2503,0.2827,1.7326,0.1023,0.1266,0.1213,-0.0071
1515,0.9641,0.0002,0.0357,289.24,59.41,0.25,0.0536,0.0293,0.0407,0.0441,0.2531,0.2929,1.8518,0.107,0.1336,0.1279,-0.0062
1516,0.9643,0.0002,0.0355,260.49,51.84,0.25,0.0517,0.0268,0.0408,0.0433,0.253,0.284,1.6822,0.1001,0.1235,0.1182,-0.0053
1517,0.9673,0.0002,0.0325,269.92,54.4,0.25,0.0536,0.0241,0.0406,0.0429,0.2524,0.2816,1.8267,0.1065,0.1321,0.1266,-0.0049
1518,0.9684,0.0002,0.0314,276.26,55.85,0.25,0.0537,0.0269,0.0414,0.0442,0.2506,0.2911,1.8098,0.1055,0.1311,0.1257,-0.0076
1519,0.9685,0.0002,0.0312,277.19,56.2,0.25,0.0542,0.0359,0.0414,0.0449,0.2504,0.3004,1.7674,0.1026,0.1282,0.1227,-0.0091
1520,0.9669,0.0002,0.0328,283.92,57.4,0.25,0.057,0.0315,0.0413,0.0436,0.2525,0.2911,1.8558,0.1079,0.1338,0.1282,-0.0072
1521,0.9653,0.0003,0.0343,282.69,57.21,0.25,0.058,0.0321,0.0413,0.0434,0.2531,0.2895,1.8854,0.1084,0.1352,0.1295,-0.0096
1522,0.9645,0.0005,0.035,283.72,57.38,0.25,0.0536,0.0303,0.0411,0.0445,0.2537,0.2921,1.8666,0.1077,0.1341,0.1285,-0.0083
1523,0.9646,0.0007,0.0347,268.92,54.09,0.25,0.0552,0.0215,0.0408,0.0432,0.2525,0.2804,1.7094,0.1013,0.125,0.1197,-0.0057
1524,0.9663,0.0007,0.033,301.28,61.94,0.25,0.0548,0.0206,0.0409,0.0432,0.2553,0.2808,1.8582,0.1083,0.1334,0.1279,-0.0048
1525,0.9667,0.0005,0.0328,243.48,47.79,0.25,0.053,0.0237,0.0412,0.0443,0.2524,0.2879,1.6629,0.0985,0.1219,0.1166,-0.0063
1526,0.9655,0.0005,0.034,282.24,56.86,0.25,0.0518,0.0335,0.0411,0.0439,0.2551,0.2895,1.774,0.1035,0.1284,0.1231,-0.0079
1527,0.9664,0.0005,0.0331,276.03,55.23,0.25,0.0549,0.0201,0.0406,0.0435,0.2552,0.2807,1.7359,0.1025,0.1267,0.1213,-0.0037
1528,0.9676,0.0003,0.0321,268.25,53.84,0.25,0.0545,0.0224,0.041,0.0442,0.2539,0.2848,1.7264,0.1009,0.1253,0.12,-0.0056
1529,0.968,0.0001,0.0319,252.89,50.13,0.25,0.0533,0.0186,0.0411,0.0437,0.2545,0.2814,1.7387,0.1013,0.1265,0.121,-0.0034
1530,0.9674,0.0,0.0326,262.89,52.01,0.25,0.0558,0.0293,0.0417,0.0441,0.2539,0.2866,1.7462,0.1027,0.1272,0.1217,-0.0092
1531,0.9666,0.0,0.0334,251.71,50.04,0.25,0.055,0.0285,0.0414,0.0441,0.2554,0.2866,1.8083,0.1058,0.131,0.1254,-0.0064
1532,0.9661,0.0,0.0339,278.25,56.22,0.25,0.0528,0.0268,0.0416,0.0441,0.2565,0.2875,1.8139,0.1061,0.1313,0.1258,-0.0059
1533,0.965,0.0,0.035,287.34,58.82,0.25,0.0545,0.0241,0.041,0.0441,0.2561,0.2866,1.8614,0.1073,0.1336,0.128,-0.0051
1534,0.9635,0.0,0.0365,282.09,56.82,0.25,0.058,0.0336,0.0419,0.0448,0.2561,0.2927,1.8503,0.107,0.133,0.1274,-0.0096
1535,0.964,0.0,0.036,272.44,54.37,0.25,0.0546,0.0165,0.0412,0.0435,0.2547,0.2836,1.7782,0.1053,0.1293,0.1239,-0.0036
1536,0.9653,0.0,0.0347,280.3,56.97,0.25,0.0568,0.026,0.0415,0.0447,0.2553,0.2903,1.8362,0.1073,0.1325,0.1269,-0.0068
1537,0.9662,0.0,0.0338,264.59,53.39,0.25,0.0556,0.019,0.0414,0.0438,0.2554,0.2837,1.7548,0.1036,0.1276,0.1221,-0.0047
1538,0.9659,0.0,0.0341,291.13,59.57,0.25,0.058,0.029,0.0416,0.0446,0.2555,0.2922,1.8212,0.1074,0.1324,0.1268,-0.0067
1539,0.9668,0.0,0.0332,274.77,54.63,0.25,0.0565,0.0245,0.0418,0.0443,0.2552,0.2893,1.6862,0.1005,0.1238,0.1185,-0.0064
1540,0.9674,0.0,0.0326,290.29,58.68,0.25,0.053,0.0228,0.0417,0.045,0.2566,0.288,1.7469,0.1038,0.1274,0.1221,-0.0049
1541,0.968,0.0,0.032,255.41,51.18,0.25,0.0552,0.019,0.041,0.0441,0.2551,0.2826,1.7743,0.1043,0.1284,0.1229,-0.0031
1542,0.9687,0.0,0.0313,282.0,57.79,0.25,0.0581,0.0207,0.0412,0.0441,0.2571,0.286,1.8833,0.1091,0.1349,0.1292,-0.0052
1543,0.9698,0.0,0.0302,296.09,60.12,0.25,0.0572,0.026,0.0416,0.0452,0.2561,0.2907,1.7797,0.1053,0.1294,0.124,-0.0066
1544,0.9698,0.0,0.0302,264.91,53.14,0.25,0.0575,0.0232,0.0415,0.0454,0.2555,0.2883,1.701,0.101,0.1242,0.1188,-0.0057
1545,0.9705,0.0,0.0295,253.12,50.0,0.25,0.0558,0.0195,0.0417,0.0449,0.2589,0.2876,1.7512,0.1046,0.1278,0.1225,-0.0045
1546,0.9711,0.0,0.0289,278.86,56.53,0.25,0.0577,0.0386,0.0423,0.0456,0.2568,0.2995,1.8179,0.1056,0.1307,0.1251,-0.0113
1547,0.9705,0.0,0.0295,268.52,53.86,0.25,0.0583,0.0207,0.0416,0.0444,0.2568,0.2839,1.8519,0.1085,0.1335,0.1279,-0.005
1548,0.9714,0.0,0.0286,289.13,58.32,0.25,0.0574,0.0205,0.0418,0.0452,0.2586,0.2891,1.8953,0.1112,0.1365,0.1307,-0.004
1549,0.9707,0.0,0.0293,286.69,58.38,0.25,0.0575,0.0284,0.0418,0.0455,0.2559,0.2937,1.9355,0.1111,0.1382,0.1324,-0.0082
1550,0.9702,0.0,0.0298,266.89,53.64,0.25,0.0547,0.018,0.0415,0.0454,0.2567,0.289,1.7209,0.1017,0.1255,0.1201,-0.003
1551,0.9702,0.0,0.0298,279.59,56.38,0.25,0.0542,0.0251,0.0419,0.0455,0.2592,0.2914,1.7173,0.1018,0.1247,0.1194,-0.0058
1552,0.9704,0.0,0.0296,261.74,52.61,0.25,0.0579,0.025,0.0417,0.0461,0.2568,0.2971,1.6913,0.1006,0.1234,0.1181,-0.0063
1553,0.9696,0.0,0.0304,292.32,59.43,0.25,0.0543,0.0229,0.042,0.0458,0.2595,0.2919,1.8125,0.1061,0.1305,0.125,-0.0045
1554,0.9698,0.0,0.0302,280.96,56.82,0.25,0.0555,0.0201,0.0418,0.0457,0.2571,0.2905,1.7096,0.1014,0.1245,0.1191,-0.0043
1555,0.9698,0.0,0.0302,276.18,56.04,0.25,0.0556,0.0249,0.0422,0.0456,0.2587,0.2932,1.8697,0.1087,0.134,0.1285,-0.0077
1556,0.9708,0.0,0.0292,306.16,63.14,0.25,0.0578,0.0192,0.0416,0.0449,0.2593,0.2869,1.8628,0.108,0.1338,0.128,-0.0042
1557,0.9713,0.0,0.0287,268.77,53.52,0.25,0.0548,0.0199,0.0421,0.046,0.2562,0.2907,1.6686,0.1001,0.1222,0.117,-0.0055
1558,0.9722,0.0,0.0278,263.36,53.54,0.25,0.0573,0.0158,0.0419,0.0454,0.2576,0.2892,1.799,0.1057,0.1297,0.1241,-0.0032
1559,0.9748,0.0,0.0252,285.66,57.9,0.25,0.0542,0.0156,0.0418,0.0457,0.2594,0.2882,1.8678,0.1097,0.1349,0.1292,-0.0025
1560,0.9767,0.0,0.0233,286.38,58.2,0.25,0.0566,0.0173,0.0418,0.0455,0.2584,0.2883,1.8015,0.1056,0.13,0.1244,-0.0041
1561,0.977,0.0,0.023,275.81,54.95,0.25,0.0535,0.0157,0.0422,0.0461,0.2596,0.2902,1.8035,0.1077,0.1314,0.1259,-0.0027
1562,0.9777,0.0,0.0223,280.51,56.8,0.25,0.0547,0.0198,0.0421,0.0452,0.2598,0.288,1.7883,0.1056,0.1291,0.1237,-0.0047
1563,0.9766,0.0001,0.0233,273.89,55.1,0.25,0.0544,0.0232,0.0429,0.046,0.2582,0.2977,1.7631,0.1042,0.1274,0.1221,-0.0052
1564,0.9765,0.0002,0.0233,277.62,55.79,0.25,0.0551,0.0234,0.0426,0.0457,0.2611,0.2923,1.7232,0.1027,0.1259,0.1205,-0.006
1565,0.9752,0.0002,0.0246,307.25,62.57,0.25,0.0576,0.0205,0.043,0.0463,0.2598,0.2954,1.8606,0.1092,0.1343,0.1286,-0.0057
1566,0.9749,0.0002,0.0249,265.01,52.91,0.25,0.0553,0.0198,0.0428,0.0458,0.2594,0.2895,1.7062,0.102,0.1246,0.1193,-0.0054
1567,0.974,0.0002,0.0257,275.27,55.39,0.25,0.056,0.0218,0.0428,0.046,0.2594,0.2931,1.8155,0.1066,0.1309,0.1254,-0.0059
1568,0.9727,0.0002,0.027,275.99,55.83,0.25,0.0577,0.0332,0.0431,0.0462,0.2605,0.296,1.7248,0.1017,0.1244,0.1191,-0.0098
1569,0.9719,0.0002,0.0279,275.28,55.73,0.25,0.0563,0.0275,0.043,0.0467,0.262,0.2991,1.7765,0.1051,0.1285,0.1231,-0.0067
1570,0.9715,0.0002,0.0282,288.99,58.77,0.25,0.053,0.0273,0.043,0.0461,0.2599,0.294,1.7916,0.1064,0.1296,0.1241,-0.0071
1571,0.9718,0.0001,0.028,276.56,56.12,0.25,0.0568,0.0167,0.0431,0.0464,0.2597,0.2926,1.8293,0.1078,0.1321,0.1265,-0.0045
1572,0.971,0.0,0.029,271.84,54.48,0.25,0.0575,0.0175,0.0429,0.0463,0.2591,0.287,1.8078,0.1075,0.1311,0.1257,-0.0067
1573,0.9697,0.0,0.0303,287.88,57.73,0.25,0.0539,0.0285,0.0435,0.0469,0.2588,0.3025,1.7685,0.1049,0.1284,0.123,-0.0071
1574,0.9686,0.0,0.0314,268.72,54.39,0.25,0.0549,0.0119,0.0429,0.046,0.2609,0.288,1.8596,0.1079,0.1327,0.127,-0.003
1575,0.9702,0.0,0.0298,284.36,58.06,0.25,0.0561,0.0133,0.0434,0.0465,0.2605,0.2883,1.7651,0.1061,0.1288,0.1234,-0.0029
1576,0.9709,0.0,0.0291,272.82,54.75,0.25,0.0567,0.0166,0.043,0.0464,0.2621,0.2883,1.7303,0.1032,0.1261,0.1208,-0.0044
1577,0.9711,0.0,0.0289,276.46,56.05,0.25,0.0567,0.0233,0.0432,0.0468,0.261,0.296,1.8289,0.1084,0.1319,0.1263,-0.0052
1578,0.9717,0.0,0.0283,266.35,53.55,0.25,0.0548,0.0157,0.043,0.047,0.2608,0.2937,1.7357,0.1047,0.1267,0.1214,-0.0024
1579,0.9719,0.0,0.0281,290.82,59.55,0.25,0.0569,0.0191,0.0434,0.0466,0.2644,0.2943,1.7895,0.106,0.1292,0.1238,-0.005
1580,0.972,0.0,0.028,283.67,57.79,0.25,0.0531,0.0234,0.0437,0.0477,0.2616,0.2997,1.6988,0.1011,0.1232,0.1179,-0.0055
1581,0.9731,0.0,0.0269,225.39,43.66,0.25,0.0543,0.0142,0.0434,0.0468,0.263,0.2914,1.634,0.0996,0.1207,0.1155,-0.0019
1582,0.9742,0.0,0.0258,274.29,55.58,0.25,0.0564,0.0177,0.0432,0.0469,0.2609,0.2938,1.8374,0.1089,0.1327,0.1271,-0.0046
1583,0.9739,0.0,0.0261,269.11,53.98,0.25,0.055,0.0192,0.0434,0.0468,0.2609,0.2948,1.751,0.1052,0.1281,0.1227,-0.0049
1584,0.9737,0.0,0.0263,287.26,58.23,0.25,0.0563,0.0252,0.0439,0.0473,0.2614,0.2982,1.8322,0.1079,0.1315,0.126,-0.0068
1585,0.9736,0.0,0.0264,272.2,54.19,0.25,0.0575,0.0245,0.0442,0.0474,0.2615,0.2991,1.7528,0.105,0.1272,0.1219,-0.0062
1586,0.9746,0.0,0.0254,235.93,46.33,0.25,0.0573,0.0267,0.0444,0.0474,0.2615,0.2991,1.6333,0.0994,0.1204,0.1153,-0.0076
1587,0.9745,0.0,0.0255,264.68,53.48,0.25,0.0563,0.0193,0.0439,0.0471,0.2612,0.2973,1.7306,0.1034,0.1261,0.1207,-0.0041
1588,0.9747,0.0,0.0253,250.44,49.29,0.25,0.06,0.0178,0.044,0.0473,0.2603,0.2962,1.7989,0.1077,0.1307,0.1252,-0.0055
1589,0.9745,0.0,0.0255,263.3,52.71,0.25,0.0563,0.0292,0.0443,0.0479,0.265,0.3017,1.773,0.1056,0.1287,0.1233,-0.0075
1590,0.9739,0.0,0.0261,281.72,57.64,0.25,0.0548,0.0204,0.0437,0.0472,0.2618,0.2936,1.8068,0.1064,0.13,0.1245,-0.0046
1591,0.9738,0.0,0.0262,252.03,49.87,0.25,0.0543,0.016,0.0439,0.0473,0.2641,0.292,1.7404,0.1045,0.1272,0.1218,-0.0032
1592,0.9745,0.0,0.0255,279.5,57.13,0.25,0.0523,0.0271,0.0446,0.0486,0.2626,0.3044,1.7444,0.1029,0.1257,0.1203,-0.0063
1593,0.9744,0.0,0.0256,292.71,59.79,0.25,0.0557,0.0187,0.0444,0.0478,0.263,0.2963,1.8595,0.1094,0.1331,0.1275,-0.0045
1594,0.974,0.0,0.026,262.68,51.21,0.25,0.0574,0.024,0.0445,0.0474,0.2641,0.2985,1.6975,0.1034,0.1248,0.1196,-0.0075
1595,0.9746,0.0,0.0254,260.01,51.53,0.25,0.0583,0.0196,0.0442,0.047,0.2631,0.2918,1.7696,0.106,0.129,0.1235,-0.0047
1596,0.9736,0.0,0.0264,258.57,51.18,0.25,0.0574,0.0203,0.0446,0.0481,0.2645,0.3004,1.7895,0.1067,0.1302,0.1247,-0.0045
1597,0.9733,0.0,0.0267,267.99,54.44,0.25,0.0573,0.0196,0.0444,0.0474,0.2651,0.2937,1.7835,0.1051,0.1288,0.1232,-0.0043
1598,0.9728,0.0,0.0272,286.07,57.85,0.25,0.0597,0.0164,0.0439,0.0466,0.2644,0.2893,1.8045,0.1068,0.1305,0.1249,-0.004
1599,0.9732,0.0,0.0268,260.47,51.51,0.25,0.0592,0.0252,0.0443,0.0477,0.2637,0.3033,1.7828,0.1072,0.1294,0.124,-0.0061
1600,0.9734,0.0,0.0266,290.16,59.08,0.25,0.0571,0.0171,0.0447,0.0475,0.2661,0.2959,1.833,0.1085,0.1322,0.1266,-0.0032
1601,0.9738,0.0,0.0262,285.79,58.62,0.25,0.0568,0.015,0.0446,0.0476,0.2653,0.2938,1.8324,0.1095,0.1322,0.1267,-0.0029
1602,0.9743,0.0,0.0257,257.82,51.7,0.25,0.0603,0.0189,0.0448,0.0478,0.2638,0.2955,1.7766,0.1053,0.1283,0.1228,-0.0047
1603,0.9754,0.0,0.0246,248.11,48.93,0.25,0.0568,0.0147,0.0448,0.0475,0.2653,0.2939,1.6328,0.0999,0.1206,0.1155,-0.0033
1604,0.9767,0.0,0.0233,269.81,54.48,0.25,0.0595,0.0229,0.0447,0.0481,0.266,0.3008,1.846,0.1082,0.1322,0.1265,-0.0058
1605,0.9765,0.0,0.0235,243.82,48.37,0.25,0.0579,0.0226,0.0447,0.0471,0.2666,0.2976,1.718,0.1026,0.125,0.1197,-0.0047
1606,0.9771,0.0,0.0229,266.59,53.99,0.25,0.0608,0.0268,0.0451,0.0475,0.2676,0.3028,1.7746,0.1055,0.1287,0.1233,-0.0065
1607,0.975,0.0,0.025,284.48,58.04,0.25,0.0624,0.0221,0.0448,0.0469,0.2668,0.2941,1.8417,0.1082,0.1322,0.1266,-0.0062
1608,0.9747,0.0,0.0253,253.71,50.2,0.25,0.0581,0.0219,0.0453,0.0478,0.2674,0.2988,1.8007,0.1068,0.1302,0.1247,-0.0049
1609,0.9738,0.0,0.0262,295.6,60.65,0.25,0.0597,0.0269,0.045,0.0482,0.2652,0.308,1.8255,0.1072,0.1307,0.1252,-0.0075
1610,0.9737,0.0,0.0263,257.15,51.4,0.25,0.0611,0.022,0.0449,0.0473,0.2683,0.2949,1.821,0.1088,0.1318,0.1262,-0.0049
1611,0.9728,0.0,0.0272,266.45,53.98,0.25,0.0588,0.0203,0.045,0.0482,0.2679,0.2977,1.7121,0.1016,0.124,0.1187,-0.0042
1612,0.9719,0.0,0.0281,261.2,52.46,0.25,0.0591,0.0257,0.0455,0.0477,0.2664,0.2999,1.7449,0.1045,0.1264,0.1211,-0.0078
1613,0.9723,0.0,0.0277,289.82,58.71,0.25,0.0609,0.0198,0.045,0.0476,0.269,0.2965,1.8094,0.1075,0.131,0.1254,-0.0051
1614,0.972,0.0,0.028,297.74,61.4,0.25,0.058,0.02,0.0452,0.0482,0.2677,0.3004,1.8422,0.1083,0.132,0.1263,-0.0043
1615,0.9722,0.0,0.0278,279.61,57.06,0.25,0.0574,0.0133,0.0453,0.0477,0.266,0.2958,1.7836,0.1047,0.128,0.1224,-0.0025
1616,0.9725,0.0,0.0275,283.26,57.51,0.25,0.0579,0.0207,0.0457,0.0484,0.2674,0.3023,1.7382,0.1035,0.126,0.1206,-0.0045
1617,0.9707,0.0,0.0293,292.29,59.42,0.25,0.0611,0.0253,0.0453,0.0484,0.2668,0.303,1.7866,0.106,0.1295,0.1241,-0.0072
1618,0.9695,0.0,0.0305,268.82,54.77,0.25,0.0579,0.026,0.0459,0.0486,0.2695,0.3015,1.8099,0.1063,0.1297,0.1242,-0.0073
1619,0.9703,0.0002,0.0295,257.37,51.95,0.25,0.0555,0.0129,0.0455,0.0477,0.2672,0.2923,1.6304,0.0986,0.1197,0.1145,-0.0031
1620,0.9722,0.0002,0.0275,270.28,54.56,0.25,0.0586,0.022,0.0451,0.0475,0.266,0.2987,1.8031,0.1056,0.1292,0.1236,-0.005
1621,0.9731,0.0002,0.0266,280.35,57.27,0.25,0.0588,0.0161,0.0451,0.048,0.2693,0.2972,1.7242,0.1033,0.1254,0.12,-0.0051
1622,0.9731,0.0004,0.0265,284.81,57.55,0.25,0.0611,0.0248,0.0461,0.0485,0.2685,0.3049,1.8467,0.1093,0.1332,0.1275,-0.0069
1623,0.9723,0.0005,0.0272,268.7,54.51,0.25,0.0584,0.0186,0.0458,0.0482,0.2709,0.2983,1.7992,0.1074,0.1301,0.1245,-0.0046
1624,0.9731,0.0005,0.0264,281.9,57.27,0.25,0.0596,0.0195,0.0454,0.0483,0.2707,0.2992,1.8311,0.1079,0.1312,0.1256,-0.0046
1625,0.9733,0.0005,0.0263,295.04,60.49,0.25,0.0602,0.0205,0.0458,0.0486,0.2671,0.3074,1.7943,0.1063,0.1293,0.1237,-0.0053
1626,0.9729,0.0005,0.0266,291.36,59.51,0.25,0.0631,0.0228,0.0458,0.0484,0.2657,0.3036,1.8832,0.1099,0.1339,0.1281,-0.0075
1627,0.9725,0.0005,0.027,248.36,49.54,0.25,0.0594,0.0266,0.0464,0.0486,0.2698,0.3052,1.6691,0.1015,0.1228,0.1175,-0.0066
1628,0.9714,0.0005,0.0282,271.5,54.0,0.25,0.0596,0.0184,0.046,0.0483,0.2699,0.2976,1.6931,0.1022,0.1235,0.1181,-0.0045
1629,0.9723,0.0004,0.0273,261.3,52.01,0.25,0.0603,0.0125,0.046,0.0485,0.268,0.2993,1.8464,0.1097,0.1333,0.1276,-0.0027
1630,0.9733,0.0002,0.0265,275.01,56.01,0.25,0.0599,0.0112,0.0462,0.0481,0.2703,0.2941,1.7924,0.1066,0.1293,0.1237,-0.0036
1631,0.9734,0.0002,0.0263,258.94,52.11,0.25,0.0604,0.0236,0.0462,0.0484,0.2705,0.3059,1.7422,0.104,0.1261,0.1207,-0.0069
1632,0.9726,0.0002,0.0272,286.32,58.38,0.25,0.0596,0.0266,0.0467,0.0485,0.2703,0.3056,1.7756,0.1052,0.1281,0.1226,-0.0076
1633,0.9723,0.0002,0.0275,282.24,57.54,0.25,0.0589,0.0206,0.0467,0.0491,0.2719,0.3112,1.783,0.1052,0.1282,0.1226,-0.0041
1634,0.9727,0.0002,0.027,271.28,55.09,0.25,0.0598,0.0143,0.0466,0.0485,0.2707,0.3,1.9172,0.1123,0.1366,0.1307,-0.0039
1635,0.9727,0.0002,0.0271,299.13,61.44,0.25,0.06,0.0186,0.0465,0.0478,0.2714,0.2975,1.8123,0.1079,0.1309,0.1253,-0.004
1636,0.9734,0.0002,0.0263,263.3,52.92,0.25,0.0589,0.0175,0.0471,0.0482,0.2726,0.2991,1.7337,0.1042,0.1258,0.1204,-0.0046
1637,0.9736,0.0,0.0264,261.84,52.97,0.25,0.0563,0.0151,0.0469,0.0487,0.2721,0.3036,1.7045,0.1031,0.1243,0.1189,-0.0032
1638,0.9748,0.0,0.0252,252.83,50.49,0.25,0.0575,0.0153,0.0471,0.0489,0.2731,0.308,1.7592,0.1039,0.1267,0.1212,-0.0039
1639,0.9761,0.0,0.0239,271.65,54.97,0.25,0.0587,0.0135,0.0467,0.0483,0.274,0.2992,1.8132,0.1078,0.1308,0.1251,-0.0017
1640,0.9761,0.0,0.0239,278.47,56.54,0.25,0.0601,0.017,0.0471,0.0492,0.2721,0.3066,1.8382,0.11,0.1329,0.1273,-0.0062
1641,0.9764,0.0,0.0236,283.38,58.01,0.25,0.0592,0.0202,0.0471,0.0489,0.2744,0.3077,1.8957,0.1105,0.1344,0.1285,-0.0043
1642,0.9763,0.0,0.0237,270.07,54.48,0.25,0.0569,0.0206,0.0471,0.0487,0.2726,0.3052,1.7916,0.1064,0.1285,0.123,-0.0059
1643,0.9771,0.0,0.0229,244.65,48.42,0.25,0.0574,0.0161,0.0467,0.0487,0.2742,0.3015,1.738,0.1041,0.1262,0.1207,-0.0034
1644,0.9783,0.0,0.0217,252.23,50.55,0.25,0.0566,0.0185,0.0474,0.0488,0.2736,0.3042,1.8352,0.1088,0.1317,0.1261,-0.0048
1645,0.979,0.0,0.021,267.12,54.04,0.25,0.058,0.0221,0.0472,0.0497,0.2769,0.3126,1.7226,0.1025,0.1243,0.1188,-0.005
1646,0.9793,0.0,0.0207,303.86,61.66,0.25,0.0596,0.0176,0.0472,0.0494,0.2762,0.3095,1.9358,0.1142,0.1387,0.1326,-0.0036
1647,0.9799,0.0,0.0201,267.65,54.23,0.2516,0.0607,0.0148,0.0472,0.0486,0.2762,0.3004,1.7954,0.1058,0.1288,0.1231,-0.0048
1648,0.9799,0.0,0.0201,284.93,57.52,0.25,0.0558,0.0107,0.047,0.0493,0.2747,0.304,1.7088,0.103,0.1242,0.1187,-0.0023
1649,0.9789,0.0,0.0211,260.3,52.54,0.25,0.0575,0.0207,0.0476,0.0498,0.2759,0.3098,1.7651,0.1044,0.1267,0.1211,-0.0053
1650,0.9798,0.0,0.0202,281.95,56.56,0.25,0.0583,0.0124,0.0475,0.0497,0.2767,0.3047,1.8568,0.1111,0.1339,0.1281,-0.0021
1651,0.9792,0.0,0.0208,289.16,59.12,0.25,0.0581,0.0247,0.048,0.0502,0.2732,0.3135,1.7579,0.1054,0.127,0.1215,-0.0079
1652,0.9779,0.0,0.0221,290.76,59.53,0.25,0.0602,0.0207,0.0478,0.0502,0.276,0.3124,1.8242,0.1082,0.1307,0.125,-0.0058
1653,0.9785,0.0002,0.0213,269.15,54.33,0.25,0.0605,0.0191,0.048,0.0499,0.2775,0.312,1.8831,0.1129,0.1361,0.1302,-0.0053
1654,0.9786,0.0002,0.0211,293.29,59.91,0.25,0.0592,0.0164,0.0478,0.0493,0.2768,0.3028,1.6997,0.1031,0.124,0.1186,-0.0035
1655,0.9779,0.0002,0.0218,231.2,45.55,0.25,0.0564,0.0228,0.0479,0.0503,0.278,0.3094,1.6241,0.0984,0.1186,0.1133,-0.0058
1656,0.9764,0.0002,0.0233,269.86,54.48,0.25,0.0593,0.0198,0.0477,0.0501,0.2765,0.3147,1.8376,0.1086,0.1313,0.1256,-0.0042
1657,0.9767,0.0002,0.023,288.23,59.31,0.25,0.0597,0.0203,0.0477,0.0494,0.2812,0.306,1.8076,0.1076,0.1302,0.1245,-0.0045
1658,0.9768,0.0002,0.0229,276.73,56.18,0.25,0.0582,0.0147,0.0478,0.0505,0.2769,0.3109,1.8285,0.1089,0.1318,0.126,-0.0028
1659,0.9767,0.0002,0.023,267.37,53.82,0.25,0.0569,0.0185,0.048,0.0504,0.2808,0.311,1.7534,0.1043,0.1266,0.121,-0.004
1660,0.9776,0.0002,0.0221,269.87,54.53,0.25,0.0591,0.0163,0.0481,0.0506,0.2771,0.3119,1.7621,0.1052,0.127,0.1215,-0.0035
1661,0.9768,0.0002,0.0229,277.13,56.84,0.25,0.0592,0.0189,0.0484,0.0508,0.2774,0.3102,1.8129,0.1063,0.1294,0.1236,-0.0047
1662,0.9767,0.0,0.0233,277.74,56.6,0.25,0.059,0.0172,0.048,0.0504,0.2765,0.3092,1.6966,0.1033,0.1236,0.1181,-0.0048
1663,0.9782,0.0,0.0218,261.29,52.34,0.25,0.059,0.0119,0.0479,0.0502,0.2779,0.3072,1.8048,0.1082,0.1302,0.1245,-0.0019
1664,0.9797,0.0,0.0203,289.55,59.04,0.25,0.0557,0.0196,0.0483,0.0511,0.2767,0.3173,1.7146,0.1043,0.1253,0.1198,-0.0052
1665,0.9787,0.0,0.0213,279.21,55.33,0.25,0.0561,0.0131,0.0479,0.0506,0.2789,0.3075,1.7991,0.1085,0.1307,0.125,-0.0047
1666,0.9794,0.0001,0.0206,265.08,52.45,0.25,0.0595,0.0232,0.0483,0.0508,0.2786,0.3133,1.8149,0.1083,0.1307,0.125,-0.0065
1667,0.9795,0.0002,0.0202,267.6,53.97,0.25,0.0558,0.0155,0.0483,0.0511,0.2771,0.3138,1.7505,0.1055,0.1269,0.1213,-0.0025
1668,0.9781,0.0001,0.0217,293.35,59.29,0.25,0.0592,0.0283,0.0481,0.0512,0.2782,0.3155,1.8567,0.1107,0.1336,0.1278,-0.0066
1669,0.9784,0.0,0.0216,271.6,55.32,0.25,0.0553,0.0123,0.0482,0.0507,0.28,0.3075,1.7908,0.1076,0.1292,0.1235,-0.0021
1670,0.9785,0.0,0.0215,255.99,50.82,0.25,0.0559,0.012,0.0484,0.051,0.278,0.3078,1.8362,0.11,0.1321,0.1263,-0.0037
1671,0.9783,0.0,0.0217,274.57,56.2,0.25,0.0548,0.0198,0.0486,0.0513,0.2784,0.3169,1.9114,0.112,0.136,0.13,-0.0047
1672,0.9784,0.0,0.0216,261.2,52.62,0.25,0.054,0.0124,0.0484,0.0509,0.2804,0.3095,1.685,0.1026,0.1231,0.1177,-0.0015
1673,0.9786,0.0,0.0214,269.03,53.95,0.25,0.0559,0.0162,0.0484,0.0511,0.2818,0.3128,1.7238,0.1046,0.1254,0.1198,-0.0028
1674,0.9779,0.0,0.0221,294.98,59.8,0.25,0.0567,0.0166,0.049,0.0512,0.2802,0.3145,1.8915,0.1113,0.1349,0.1291,-0.0047
1675,0.9765,0.0,0.0235,291.78,59.21,0.25,0.059,0.0234,0.049,0.0517,0.2784,0.3192,1.8091,0.1077,0.1303,0.1245,-0.0087
1676,0.9763,0.0,0.0237,238.83,47.61,0.25,0.0568,0.014,0.049,0.051,0.2796,0.3108,1.7852,0.1065,0.1282,0.1225,-0.0039
1677,0.9776,0.0,0.0224,251.61,49.98,0.25,0.0552,0.0091,0.0486,0.0507,0.2817,0.3091,1.7624,0.107,0.1282,0.1225,-0.001
1678,0.9787,0.0,0.0213,292.79,59.91,0.25,0.0567,0.0159,0.049,0.0507,0.2806,0.3103,1.8029,0.1079,0.1298,0.1241,-0.0032
1679,0.9773,0.0,0.0227,271.71,54.22,0.25,0.0587,0.0246,0.0495,0.0517,0.2788,0.3218,1.8314,0.1086,0.1312,0.1253,-0.0067
1680,0.9775,0.0,0.0225,270.42,54.63,0.25,0.0604,0.0168,0.0488,0.0507,0.2797,0.3105,1.7614,0.106,0.1271,0.1215,-0.0067
1681,0.9774,0.0,0.0226,288.56,59.39,0.25,0.06,0.0194,0.0491,0.0514,0.2809,0.3147,1.7737,0.1053,0.1274,0.1217,-0.0059
1682,0.9767,0.0,0.0233,294.13,59.3,0.25,0.0595,0.0151,0.0491,0.0507,0.2829,0.3081,1.8468,0.1091,0.1322,0.1264,-0.0056
1683,0.9752,0.0,0.0248,277.04,56.39,0.25,0.0582,0.0227,0.0493,0.0509,0.283,0.3135,1.7299,0.1043,0.1253,0.1197,-0.0055
1684,0.9754,0.0,0.0246,243.52,48.85,0.25,0.0561,0.0166,0.0489,0.0509,0.2792,0.3163,1.7307,0.1038,0.1245,0.119,-0.0039
1685,0.9749,0.0,0.0251,293.84,60.37,0.25,0.062,0.0173,0.0495,0.0509,0.2784,0.3167,1.8686,0.111,0.1335,0.1276,-0.0051
1686,0.9736,0.0,0.0264,283.19,57.87,0.25,0.062,0.0184,0.0491,0.0506,0.2821,0.3115,1.8361,0.1095,0.1319,0.1259,-0.0053
1687,0.9736,0.0,0.0264,252.85,50.63,0.25,0.059,0.0172,0.049,0.0504,0.2809,0.3117,1.8142,0.1082,0.1304,0.1246,-0.0049
1688,0.9735,0.0,0.0265,275.43,56.02,0.25,0.0605,0.0162,0.0493,0.0505,0.2809,0.3127,1.8249,0.1098,0.132,0.1261,-0.0035
1689,0.9733,0.0,0.0267,265.61,53.56,0.25,0.0643,0.0399,0.0496,0.0504,0.2802,0.3203,1.8555,0.1093,0.1318,0.1259,-0.0124
1690,0.9716,0.0,0.0284,257.97,51.75,0.25,0.0606,0.0243,0.049,0.0505,0.2814,0.3165,1.753,0.1053,0.1263,0.1207,-0.0069
1691,0.9706,0.0,0.0294,282.87,57.06,0.25,0.0581,0.0158,0.0494,0.0508,0.2816,0.3167,1.8549,0.1097,0.1327,0.1267,-0.0039
1692,0.9708,0.0,0.0292,284.2,58.1,0.25,0.0556,0.0214,0.0494,0.0513,0.2825,0.323,1.8583,0.1108,0.1328,0.1269,-0.0042
1693,0.972,0.0,0.028,269.7,54.79,0.25,0.057,0.015,0.0494,0.0509,0.2837,0.3213,1.7968,0.1082,0.1298,0.124,-0.0022
1694,0.9728,0.0,0.0272,289.21,59.51,0.25,0.0589,0.0256,0.0495,0.0515,0.2835,0.3269,1.7247,0.1041,0.1247,0.1191,-0.0068
1695,0.9717,0.0,0.0283,256.49,51.25,0.25,0.0598,0.0189,0.0491,0.0515,0.2827,0.3227,1.6814,0.1026,0.1227,0.1171,-0.0059
1696,0.9721,0.0,0.0279,269.05,54.47,0.25,0.0608,0.0168,0.0496,0.0509,0.2834,0.3205,1.7465,0.1056,0.1264,0.1207,-0.0049
1697,0.9721,0.0,0.0279,269.2,54.33,0.25,0.06,0.0162,0.0492,0.0509,0.2851,0.3193,1.8155,0.1084,0.1301,0.1242,-0.0038
1698,0.9716,0.0,0.0284,283.34,57.91,0.25,0.0619,0.0156,0.0492,0.0508,0.285,0.3174,1.7694,0.1056,0.1277,0.1219,-0.0032
1699,0.9714,0.0,0.0286,296.26,61.05,0.25,0.0596,0.0183,0.0493,0.0514,0.2849,0.3212,1.8789,0.1111,0.1342,0.1281,-0.0047
1700,0.9713,0.0,0.0287,262.4,53.1,0.25,0.061,0.029,0.0498,0.0523,0.286,0.3293,1.7977,0.1066,0.1283,0.1225,-0.008
1701,0.9706,0.0,0.0294,278.79,56.86,0.25,0.06,0.0183,0.0491,0.0514,0.2828,0.3203,1.8125,0.1093,0.1309,0.1251,-0.0043
1702,0.9725,0.0,0.0275,277.57,56.25,0.25,0.0577,0.0207,0.0496,0.0523,0.2868,0.3269,1.842,0.1098,0.1319,0.1259,-0.005
1703,0.9729,0.0,0.0271,261.93,52.87,0.25,0.0589,0.0236,0.0494,0.0522,0.2858,0.3279,1.7803,0.1072,0.1285,0.1227,-0.0062
1704,0.9714,0.0,0.0286,285.16,57.9,0.25,0.0564,0.0204,0.0494,0.0528,0.2848,0.3267,1.7854,0.1082,0.1291,0.1233,-0.0058
1705,0.9723,0.0,0.0277,271.08,54.99,0.25,0.0575,0.0112,0.0494,0.0522,0.287,0.3184,1.8252,0.1097,0.1311,0.1251,-0.0022
1706,0.9728,0.0,0.0272,301.56,61.58,0.25,0.0589,0.0178,0.0493,0.0523,0.2851,0.3242,1.8064,0.108,0.1293,0.1235,-0.0048
1707,0.9733,0.0,0.0267,299.18,61.15,0.25,0.0591,0.0202,0.0493,0.0523,0.289,0.3256,1.9385,0.1147,0.1374,0.1312,-0.0047
1708,0.973,0.0001,0.0269,278.63,56.54,0.25,0.0561,0.0137,0.0498,0.0523,0.2865,0.3214,1.75,0.1061,0.1269,0.1211,-0.0042
1709,0.9735,0.0002,0.0263,253.45,50.55,0.25,0.0565,0.016,0.0494,0.0521,0.2884,0.3196,1.7592,0.1064,0.1274,0.1216,-0.0056
1710,0.9735,0.0002,0.0263,293.35,60.24,0.25,0.0578,0.0167,0.0498,0.0526,0.2892,0.323,1.7708,0.1067,0.1276,0.1219,-0.0029
1711,0.9382,0.0002,0.0616,257.28,53.64,0.1,0.0568,0.3263,0.0503,0.0565,0.2714,0.3694,1.9003,0.1079,0.1266,0.1212,-0.0938
1712,0.8563,0.0002,0.1435,233.32,48.33,0.1,0.0585,0.3641,0.0525,0.0595,0.2664,0.3916,1.7886,0.1094,0.1186,0.1137,-0.104
1713,0.7812,0.0002,0.2186,221.25,45.26,0.1,0.0657,0.4388,0.0537,0.0601,0.2632,0.4035,1.731,0.1096,0.1136,0.109,-0.1269
1714,0.7208,0.0002,0.279,201.91,40.3,0.1,0.0619,0.4048,0.0513,0.0568,0.2666,0.3738,1.5308,0.1083,0.1035,0.0993,-0.1165
1715,0.6715,0.0002,0.3283,221.68,45.37,0.1,0.0612,0.4311,0.0521,0.0565,0.2659,0.3814,1.487,0.1101,0.1009,0.0969,-0.1233
1716,0.6254,0.0002,0.3744,194.65,38.83,0.1,0.0603,0.4344,0.054,0.0611,0.2619,0.4009,1.3434,0.1075,0.0916,0.0879,-0.1253
1717,0.5884,0.0001,0.4116,206.31,41.91,0.1,0.0645,0.4059,0.0517,0.0557,0.2652,0.3734,1.3702,0.1155,0.0945,0.0907,-0.117
1718,0.549,0.0,0.451,187.86,36.77,0.1,0.0712,0.4395,0.0546,0.0617,0.2584,0.4074,1.3903,0.1191,0.095,0.0912,-0.1307
1719,0.514,0.0,0.486,227.07,46.97,0.1,0.0662,0.4454,0.0522,0.0572,0.2648,0.3843,1.5128,0.1264,0.1021,0.0981,-0.1304
1720,0.4831,0.0,0.5169,215.12,43.78,0.1,0.0659,0.4483,0.0515,0.0557,0.2632,0.3762,1.4655,0.1257,0.0995,0.0955,-0.1311
1721,0.4546,0.0,0.5454,198.17,40.01,0.1,0.0687,0.4375,0.0525,0.0555,0.2609,0.3788,1.4678,0.1311,0.099,0.0951,-0.1277
1722,0.4379,0.0,0.5621,226.31,47.36,0.1,0.0669,0.4028,0.0515,0.0553,0.2633,0.3742,1.4807,0.1334,0.1004,0.0963,-0.117
1723,0.4247,0.0,0.5753,240.3,50.61,0.1,0.0617,0.4011,0.0522,0.0571,0.2713,0.3826,1.4863,0.1331,0.101,0.0968,-0.1149
1724,0.4067,0.0,0.5933,236.06,48.47,0.1,0.0636,0.4241,0.0537,0.0599,0.2592,0.4014,1.4992,0.1373,0.1021,0.098,-0.1245
1725,0.3932,0.0,0.6068,232.82,48.45,0.1,0.0648,0.3962,0.0524,0.0575,0.2628,0.3891,1.4788,0.1407,0.1014,0.0973,-0.1146
1726,0.3862,0.0,0.6138,219.83,45.26,0.1,0.0691,0.3969,0.0515,0.0558,0.2638,0.3775,1.4497,0.1367,0.0992,0.0952,-0.1162
1727,0.3826,0.0,0.6174,208.1,42.63,0.1,0.0661,0.3886,0.0524,0.057,0.2666,0.3847,1.5437,0.1475,0.1056,0.1013,-0.1119
1728,0.3846,0.0,0.6154,225.88,47.09,0.1,0.065,0.3589,0.0517,0.0562,0.2704,0.374,1.5176,0.1453,0.1038,0.0996,-0.1035
1729,0.3936,0.0,0.6064,204.92,42.23,0.1,0.0626,0.3515,0.0518,0.0573,0.2711,0.3757,1.5489,0.1485,0.1063,0.1019,-0.1004
1730,0.4048,0.0,0.5952,225.09,46.47,0.1,0.0672,0.3464,0.0526,0.0578,0.2656,0.3803,1.5298,0.1474,0.1052,0.1008,-0.1005
1731,0.4115,0.0,0.5885,221.46,45.47,0.1,0.0641,0.3298,0.0519,0.0554,0.27,0.3667,1.5101,0.1485,0.1048,0.1005,-0.0941
1732,0.4243,0.0,0.5757,228.15,47.03,0.1,0.0666,0.3469,0.0521,0.0572,0.2699,0.3737,1.5307,0.1522,0.1063,0.102,-0.1001
1733,0.4334,0.0,0.5666,237.09,48.44,0.1,0.0661,0.2942,0.0528,0.0569,0.2699,0.3702,1.5026,0.1522,0.1065,0.1021,-0.0868
1734,0.4479,0.0,0.5521,205.58,42.02,0.1,0.0641,0.3139,0.0524,0.0564,0.2689,0.372,1.6213,0.157,0.1121,0.1075,-0.0893
1735,0.4612,0.0,0.5388,219.77,45.0,0.1,0.0647,0.299,0.0515,0.0569,0.2698,0.3689,1.4691,0.151,0.105,0.1007,-0.0863
1736,0.4721,0.0,0.5279,245.92,50.36,0.1,0.0638,0.2936,0.0513,0.0564,0.2734,0.3662,1.589,0.158,0.1109,0.1063,-0.0827
1737,0.4814,0.0,0.5186,225.03,46.28,0.1,0.0675,0.3123,0.0524,0.0578,0.2685,0.3807,1.5916,0.1567,0.111,0.1064,-0.0917
1738,0.495,0.0,0.505,234.18,47.7,0.1,0.0645,0.2854,0.0516,0.0568,0.2719,0.3708,1.5903,0.1597,0.112,0.1074,-0.0809
1739,0.5099,0.0,0.4901,225.44,46.03,0.1,0.0664,0.2832,0.0517,0.0554,0.2686,0.3655,1.4514,0.1494,0.1037,0.0994,-0.0823
1740,0.5188,0.0,0.4812,248.68,51.44,0.1,0.0609,0.2583,0.051,0.0551,0.2713,0.3572,1.5254,0.1569,0.109,0.1045,-0.0736
1741,0.5267,0.0,0.4733,230.07,47.42,0.1,0.0627,0.2973,0.052,0.0573,0.2722,0.3738,1.6179,0.1604,0.1128,0.1082,-0.0849
1742,0.5362,0.0,0.4638,219.68,45.01,0.1,0.0598,0.2789,0.0522,0.0572,0.2699,0.3744,1.6055,0.1592,0.1121,0.1075,-0.0806
1743,0.5432,0.0,0.4568,222.31,45.26,0.1,0.0651,0.2636,0.0522,0.0571,0.2706,0.3698,1.4742,0.1495,0.1046,0.1003,-0.0747
1744,0.5503,0.0,0.4497,256.87,53.08,0.1,0.0651,0.2585,0.0524,0.0573,0.2719,0.3702,1.7136,0.1731,0.1208,0.1158,-0.0745
1745,0.5621,0.0,0.4379,243.66,51.16,0.102,0.0593,0.243,0.0529,0.0571,0.2735,0.3657,1.5721,0.1603,0.1112,0.1066,-0.0696
1746,0.57,0.0,0.43,227.91,47.2,0.1,0.0599,0.2331,0.0516,0.0561,0.2753,0.3603,1.627,0.1644,0.1148,0.11,-0.0665
1747,0.578,0.0,0.422,260.08,54.43,0.1,0.064,0.2313,0.052,0.0564,0.2724,0.3592,1.6259,0.1679,0.1158,0.111,-0.0695
1748,0.5881,0.0,0.4119,259.05,53.6,0.1,0.0614,0.2678,0.0521,0.057,0.2749,0.3712,1.6096,0.1662,0.1141,0.1094,-0.0767
1749,0.5953,0.0,0.4047,258.44,53.04,0.1,0.0634,0.2458,0.0523,0.0571,0.2733,0.3676,1.6675,0.1703,0.1185,0.1137,-0.0707
1750,0.6073,0.0,0.3927,238.67,49.43,0.1,0.0587,0.2052,0.0513,0.0568,0.2747,0.3625,1.6107,0.1646,0.1147,0.1099,-0.0587
1751,0.6205,0.0,0.3795,232.91,47.4,0.1,0.0587,0.2191,0.0507,0.0546,0.2767,0.3524,1.5869,0.1641,0.1136,0.1088,-0.0614
1752,0.6283,0.0,0.3717,254.67,52.98,0.1,0.0625,0.2242,0.053,0.0582,0.2728,0.3738,1.6404,0.1689,0.1179,0.1131,-0.064
1753,0.6404,0.0,0.3596,252.68,52.08,0.1,0.0651,0.1972,0.052,0.0563,0.2735,0.3586,1.5953,0.1663,0.1152,0.1104,-0.0582
1754,0.6556,0.0,0.3444,237.06,48.85,0.1,0.0613,0.1853,0.0514,0.0554,0.2747,0.3525,1.4373,0.1549,0.105,0.1005,-0.0527
1755,0.665,0.0,0.335,266.08,54.67,0.1,0.0538,0.195,0.0515,0.0561,0.2794,0.3535,1.6739,0.1721,0.1195,0.1145,-0.0532
1756,0.6746,0.0,0.3254,259.1,53.55,0.1,0.057,0.1728,0.0511,0.0544,0.2786,0.3452,1.633,0.1712,0.1177,0.1128,-0.0488
1757,0.6848,0.0,0.3152,262.57,54.91,0.1,0.0602,0.1701,0.0525,0.0568,0.2783,0.3557,1.6016,0.1671,0.1153,0.1105,-0.0503
1758,0.6939,0.0,0.3061,247.38,50.26,0.1,0.0587,0.1613,0.0514,0.056,0.2767,0.3532,1.6754,0.1771,0.1211,0.1161,-0.0465
1759,0.6994,0.0,0.3006,238.75,48.3,0.1,0.0634,0.1889,0.0527,0.0571,0.2749,0.3579,1.5992,0.1707,0.116,0.1112,-0.0553
1760,0.7069,0.0,0.2931,236.16,47.47,0.1,0.0579,0.1398,0.0512,0.0556,0.2818,0.3438,1.6266,0.1722,0.1183,0.1134,-0.0392
1761,0.7152,0.0,0.2848,266.3,55.55,0.1,0.0524,0.1483,0.0522,0.0575,0.2809,0.3554,1.7376,0.1818,0.1248,0.1197,-0.0392
1762,0.7249,0.0,0.2751,245.99,50.25,0.1,0.0586,0.1392,0.0519,0.0557,0.2787,0.3424,1.5822,0.1733,0.1164,0.1116,-0.0401
1763,0.7391,0.0,0.2609,265.2,54.19,0.1,0.0551,0.1163,0.0516,0.0544,0.2822,0.3383,1.7011,0.1847,0.1247,0.1196,-0.0322
1764,0.7497,0.0,0.2503,270.98,56.31,0.1,0.0542,0.132,0.0514,0.0538,0.2817,0.331,1.6592,0.1789,0.1209,0.116,-0.0373
1765,0.7587,0.0,0.2413,277.07,58.15,0.1,0.0507,0.1239,0.0518,0.0558,0.2857,0.3443,1.743,0.1851,0.1256,0.1204,-0.032
1766,0.7659,0.0,0.2341,245.85,49.33,0.1,0.0492,0.1221,0.0512,0.0548,0.2847,0.3377,1.5266,0.171,0.1139,0.1091,-0.032
1767,0.7723,0.0002,0.2275,256.64,52.5,0.1,0.058,0.131,0.0518,0.0544,0.28,0.3414,1.6148,0.1767,0.1189,0.114,-0.0386
1768,0.7815,0.0002,0.2182,285.08,58.81,0.1,0.0471,0.1055,0.0518,0.0554,0.2848,0.3405,1.6131,0.1776,0.1194,0.1144,-0.0265
1769,0.7907,0.0002,0.209,264.72,54.47,0.1,0.0498,0.125,0.0521,0.0561,0.2854,0.3469,1.6231,0.1797,0.1199,0.1149,-0.0324
1770,0.7969,0.0002,0.2029,228.44,45.82,0.1,0.0476,0.1131,0.0513,0.0545,0.2837,0.3372,1.6097,0.1758,0.1186,0.1136,-0.03
1771,0.8065,0.0002,0.1933,262.71,53.27,0.1,0.0459,0.0884,0.0517,0.0556,0.2871,0.3384,1.561,0.1771,0.1169,0.112,-0.022
1772,0.8161,0.0002,0.1837,258.6,52.91,0.1,0.0516,0.1088,0.0518,0.0547,0.2882,0.3366,1.6962,0.1817,0.1236,0.1184,-0.0277
1773,0.8245,0.0002,0.1753,249.84,50.92,0.1,0.053,0.0971,0.0523,0.0544,0.2874,0.3311,1.6543,0.1796,0.1214,0.1163,-0.0256
1774,0.8315,0.0002,0.1683,251.78,51.01,0.1,0.0455,0.0795,0.0522,0.0552,0.2881,0.3358,1.5793,0.1788,0.1182,0.1133,-0.0182
1775,0.8421,0.0002,0.1576,278.85,57.41,0.1,0.0444,0.0809,0.0515,0.0539,0.2916,0.3275,1.6908,0.1879,0.1254,0.1202,-0.0198
1776,0.8495,0.0002,0.1503,240.69,48.54,0.1,0.0481,0.0898,0.052,0.0547,0.2866,0.3316,1.6831,0.1853,0.1238,0.1187,-0.0239
1777,0.8577,0.0,0.1423,241.49,49.02,0.1,0.0429,0.0796,0.0517,0.0546,0.2915,0.3311,1.543,0.1765,0.116,0.1112,-0.0187
1778,0.8635,0.0,0.1365,248.43,49.5,0.1,0.0465,0.0809,0.0522,0.054,0.2898,0.3272,1.5548,0.1779,0.1174,0.1126,-0.0191
1779,0.8645,0.0,0.1355,249.64,50.92,0.1,0.0454,0.1008,0.0525,0.0545,0.2883,0.3344,1.5859,0.176,0.1177,0.1128,-0.0245
1780,0.8647,0.0,0.1353,265.02,54.22,0.1,0.0484,0.0927,0.0525,0.0536,0.2875,0.3249,1.6601,0.1846,0.1228,0.1177,-0.0236
1781,0.8698,0.0,0.1302,251.09,51.36,0.1,0.0473,0.088,0.0524,0.055,0.2886,0.3318,1.571,0.1781,0.1172,0.1124,-0.0232
1782,0.8738,0.0,0.1262,250.13,50.95,0.1,0.0429,0.0835,0.0519,0.0557,0.2911,0.3365,1.6712,0.1844,0.1232,0.118,-0.0202
1783,0.8774,0.0,0.1226,249.21,50.9,0.1,0.0422,0.0753,0.0523,0.0558,0.2918,0.3347,1.6846,0.1863,0.1241,0.1189,-0.0173
1784,0.8824,0.0,0.1176,225.61,44.65,0.1,0.0426,0.0776,0.0523,0.0553,0.2902,0.3329,1.5608,0.1794,0.1177,0.1129,-0.0183
1785,0.8851,0.0,0.1149,262.46,53.88,0.1,0.0423,0.0724,0.0528,0.0562,0.2923,0.3346,1.7621,0.1943,0.1292,0.1238,-0.0164
1786,0.8885,0.0,0.1115,277.85,57.01,0.1,0.0431,0.0745,0.053,0.0561,0.296,0.3334,1.6814,0.1867,0.1238,0.1186,-0.0176
1787,0.8921,0.0,0.1079,282.36,58.48,0.1,0.0457,0.068,0.0525,0.0557,0.2945,0.3284,1.6742,0.1885,0.1244,0.1193,-0.0166
1788,0.8961,0.0,0.1039,262.71,54.38,0.1,0.0429,0.0693,0.0526,0.0547,0.2938,0.3269,1.7822,0.1986,0.1309,0.1255,-0.0155
1789,0.8989,0.0,0.1011,245.95,49.72,0.1,0.045,0.0709,0.053,0.0553,0.2917,0.3289,1.6053,0.183,0.1205,0.1155,-0.0173
1790,0.9008,0.0,0.0992,270.99,56.04,0.1,0.0445,0.071,0.0524,0.0553,0.293,0.3285,1.6923,0.1882,0.1241,0.1189,-0.0165
1791,0.9044,0.0,0.0956,282.3,58.27,0.1,0.0478,0.0647,0.0528,0.0552,0.2946,0.3296,1.7361,0.1963,0.129,0.1237,-0.0168
1792,0.9052,0.0,0.0948,282.99,57.91,0.1,0.0417,0.0643,0.0527,0.0557,0.2936,0.3292,1.6883,0.1921,0.1255,0.1203,-0.0138
1793,0.9081,0.0,0.0919,269.01,55.5,0.1,0.0418,0.0723,0.0533,0.0563,0.2956,0.3313,1.7308,0.1947,0.1274,0.122,-0.0158
1794,0.9094,0.0,0.0906,260.37,53.76,0.1,0.0402,0.0558,0.0532,0.0564,0.2976,0.3305,1.6686,0.1895,0.1238,0.1186,-0.0112
1795,0.9137,0.0,0.0863,265.99,55.06,0.1,0.042,0.0566,0.0531,0.0555,0.2981,0.327,1.7163,0.1936,0.1271,0.1218,-0.0135
1796,0.9125,0.0,0.0875,269.3,55.38,0.1,0.0426,0.0655,0.0532,0.056,0.2965,0.3289,1.7143,0.1927,0.1271,0.1218,-0.0137
1797,0.9145,0.0,0.0855,262.34,53.48,0.1,0.043,0.0642,0.0529,0.0555,0.2976,0.3258,1.6826,0.1901,0.1246,0.1194,-0.0127
1798,0.9146,0.0,0.0854,269.73,55.41,0.1,0.0449,0.0722,0.0532,0.0551,0.2964,0.3271,1.6056,0.1858,0.1206,0.1155,-0.0168
1799,0.9157,0.0,0.0843,285.99,59.21,0.1,0.0433,0.0615,0.0534,0.056,0.2968,0.326,1.6995,0.194,0.1264,0.1212,-0.0141
1800,0.917,0.0,0.083,260.21,53.66,0.1,0.0438,0.0606,0.0532,0.0555,0.2975,0.3281,1.7526,0.1961,0.1289,0.1235,-0.0134
1801,0.918,0.0,0.082,254.8,51.82,0.1,0.0397,0.0704,0.0537,0.0564,0.2987,0.3323,1.6681,0.1885,0.1241,0.1189,-0.0138
1802,0.9221,0.0,0.0779,244.45,49.2,0.1,0.0371,0.0544,0.0532,0.0563,0.303,0.3321,1.6081,0.1871,0.121,0.1158,-0.0089
1803,0.9256,0.0,0.0744,245.98,49.1,0.1,0.0401,0.0512,0.053,0.0562,0.3014,0.3278,1.588,0.1843,0.1192,0.1141,-0.0101
1804,0.9282,0.0,0.0718,265.27,54.99,0.1,0.044,0.0572,0.0534,0.0566,0.3028,0.3287,1.6484,0.1873,0.1227,0.1174,-0.0121
1805,0.9297,0.0,0.0703,275.9,56.97,0.1,0.0428,0.0591,0.0538,0.0556,0.3003,0.3293,1.6847,0.1921,0.1258,0.1206,-0.0109
1806,0.9304,0.0,0.0696,239.53,48.49,0.1,0.0393,0.055,0.0541,0.057,0.3041,0.3337,1.5612,0.1815,0.1174,0.1124,-0.0107
1807,0.935,0.0,0.065,250.18,50.78,0.1,0.04,0.0497,0.054,0.0565,0.3028,0.3318,1.6948,0.1943,0.1259,0.1206,-0.0073
1808,0.9359,0.0,0.0641,280.14,57.78,0.1,0.0428,0.0554,0.0538,0.0565,0.3026,0.3316,1.7164,0.1912,0.1259,0.1205,-0.0127
1809,0.9356,0.0,0.0644,276.04,57.88,0.1,0.0459,0.06,0.0544,0.0569,0.3023,0.3312,1.7264,0.1933,0.1269,0.1215,-0.0139
1810,0.9355,0.0,0.0645,236.76,47.76,0.1,0.0383,0.0485,0.0542,0.0571,0.3049,0.3306,1.6411,0.1895,0.1226,0.1174,-0.0079
1811,0.9372,0.0,0.0628,277.13,56.9,0.1,0.0421,0.0557,0.0541,0.0569,0.3032,0.3344,1.6778,0.1919,0.1247,0.1194,-0.0103
1812,0.9377,0.0,0.0623,257.39,52.17,0.1,0.047,0.0831,0.0539,0.0559,0.2994,0.3325,1.6248,0.1859,0.1213,0.1162,-0.0208
1813,0.938,0.0,0.062,254.48,52.43,0.1,0.0396,0.0553,0.0542,0.0567,0.3059,0.3292,1.7106,0.1944,0.1266,0.1212,-0.0097
1814,0.9385,0.0,0.0615,251.93,51.04,0.1,0.0438,0.0606,0.0544,0.0564,0.3026,0.3314,1.617,0.1877,0.1213,0.1161,-0.0137
1815,0.9375,0.0,0.0625,245.33,49.29,0.1,0.0472,0.065,0.0543,0.0564,0.302,0.3294,1.7012,0.1957,0.1269,0.1215,-0.0164
1816,0.9358,0.0,0.0642,268.57,55.4,0.1,0.0424,0.0652,0.0546,0.0566,0.303,0.3324,1.6871,0.1903,0.1243,0.119,-0.0148
1817,0.935,0.0,0.065,268.08,54.65,0.1,0.0401,0.0588,0.055,0.0571,0.3063,0.3311,1.6553,0.1929,0.1241,0.1188,-0.0094
1818,0.9372,0.0,0.0628,274.36,57.05,0.1,0.0418,0.0472,0.0552,0.0571,0.3081,0.3325,1.7317,0.1972,0.1276,0.1221,-0.0086
1819,0.9382,0.0,0.0618,280.63,57.95,0.1,0.0442,0.0481,0.0548,0.0572,0.3052,0.3344,1.8106,0.2049,0.1333,0.1276,-0.0093
1820,0.9368,0.0,0.0632,279.78,57.64,0.1,0.0438,0.0643,0.0547,0.0563,0.3049,0.3295,1.7495,0.2012,0.1292,0.1237,-0.0148
1821,0.936,0.0,0.064,274.48,56.44,0.1,0.0408,0.0503,0.0551,0.0571,0.3075,0.3331,1.6765,0.189,0.1236,0.1182,-0.0088
1822,0.9392,0.0,0.0608,286.84,59.41,0.1,0.0429,0.0522,0.0547,0.0571,0.3062,0.3338,1.7271,0.1981,0.1279,0.1224,-0.0107
1823,0.9397,0.0,0.0603,270.37,54.66,0.1,0.038,0.0438,0.0549,0.058,0.3078,0.3331,1.742,0.2,0.1288,0.1233,-0.0072
1824,0.941,0.0,0.059,258.96,52.92,0.1,0.039,0.0486,0.0551,0.0577,0.3058,0.3367,1.7267,0.1979,0.1275,0.122,-0.0093
1825,0.9416,0.0,0.0584,261.06,53.42,0.1,0.0392,0.0601,0.0551,0.0577,0.3079,0.3371,1.6529,0.1925,0.1233,0.118,-0.0106
1826,0.9433,0.0,0.0567,285.49,58.58,0.1,0.0416,0.0489,0.0548,0.0573,0.3064,0.3334,1.6195,0.1905,0.1218,0.1166,-0.0099
1827,0.9424,0.0,0.0576,269.59,55.97,0.1,0.041,0.0552,0.0551,0.0579,0.3039,0.3364,1.6247,0.1911,0.1217,0.1165,-0.0129
1828,0.942,0.0,0.058,248.35,50.86,0.1,0.044,0.0607,0.0556,0.0577,0.3064,0.3334,1.6875,0.1974,0.1264,0.121,-0.0128
1829,0.9412,0.0,0.0588,272.39,56.04,0.1,0.0394,0.0503,0.0556,0.0582,0.3102,0.3369,1.7105,0.1997,0.1273,0.1218,-0.0086
1830,0.9439,0.0,0.0561,284.77,59.57,0.1,0.0405,0.0571,0.0553,0.058,0.3076,0.3395,1.7362,0.2002,0.128,0.1225,-0.0111
1831,0.9447,0.0,0.0553,271.59,55.56,0.1,0.0426,0.0456,0.0551,0.0589,0.3085,0.339,1.7137,0.1982,0.127,0.1215,-0.0086
1832,0.9464,0.0,0.0536,276.65,57.51,0.1,0.0444,0.053,0.0556,0.0583,0.3088,0.3387,1.7148,0.1977,0.1274,0.1219,-0.0115
1833,0.946,0.0,0.054,256.66,52.34,0.1,0.0359,0.0492,0.0557,0.059,0.3075,0.3402,1.6341,0.1946,0.1223,0.117,-0.0076
1834,0.9473,0.0,0.0527,272.37,56.13,0.1,0.0394,0.0515,0.0557,0.0586,0.3085,0.3376,1.7355,0.1973,0.1276,0.122,-0.0106
1835,0.9464,0.0,0.0536,269.68,55.62,0.1,0.0391,0.0555,0.0558,0.0588,0.3115,0.3431,1.6637,0.1909,0.123,0.1176,-0.0114
1836,0.9468,0.0,0.0532,268.63,54.71,0.1,0.039,0.0562,0.0556,0.0582,0.3107,0.3415,1.7258,0.2003,0.1276,0.1221,-0.0091
1837,0.947,0.0,0.053,261.33,53.79,0.1,0.0377,0.0529,0.0554,0.0591,0.3098,0.3406,1.6652,0.1927,0.1239,0.1185,-0.0098
1838,0.9471,0.0,0.0529,254.1,52.36,0.1,0.0422,0.0571,0.0558,0.0583,0.3092,0.3369,1.6934,0.1959,0.1256,0.1201,-0.0124
1839,0.9482,0.0,0.0518,267.73,54.61,0.1,0.0436,0.0578,0.0562,0.0586,0.3074,0.3413,1.7246,0.2024,0.1284,0.1228,-0.0134
1840,0.9481,0.0,0.0519,314.11,66.03,0.1,0.0411,0.0638,0.0559,0.0588,0.3089,0.3438,1.7544,0.2021,0.1296,0.124,-0.0133
1841,0.946,0.0,0.054,291.87,60.96,0.1,0.0397,0.0595,0.0558,0.0588,0.3092,0.3464,1.7794,0.2041,0.1309,0.1252,-0.0125
1842,0.9464,0.0,0.0536,259.6,53.5,0.1,0.0344,0.046,0.056,0.0588,0.3146,0.3367,1.668,0.1957,0.1241,0.1187,-0.0067
1843,0.9475,0.0,0.0525,281.43,59.29,0.1,0.0375,0.0621,0.056,0.0592,0.3126,0.3454,1.7406,0.2011,0.1278,0.1221,-0.0118
1844,0.9467,0.0,0.0533,272.83,56.45,0.1,0.0409,0.0487,0.0562,0.0584,0.3123,0.34,1.6965,0.1972,0.1258,0.1203,-0.0102
1845,0.9443,0.0,0.0557,251.56,51.96,0.1,0.0429,0.0552,0.0567,0.0585,0.3122,0.3398,1.8342,0.2092,0.1336,0.1278,-0.0111
1846,0.9444,0.0,0.0556,270.91,55.66,0.1,0.0387,0.0411,0.0564,0.0591,0.315,0.3412,1.6551,0.1955,0.1236,0.1181,-0.0057
1847,0.9456,0.0,0.0544,289.28,60.83,0.1,0.0391,0.0531,0.0563,0.0585,0.3121,0.338,1.7493,0.2036,0.1294,0.1238,-0.0098
1848,0.9469,0.0,0.0531,250.79,51.29,0.1,0.0384,0.0456,0.0563,0.059,0.3167,0.3393,1.7493,0.2005,0.1284,0.1227,-0.0083
1849,0.9466,0.0,0.0534,246.91,49.95,0.1,0.0381,0.0493,0.0564,0.0595,0.3156,0.3423,1.6865,0.1971,0.125,0.1195,-0.0095
1850,0.9476,0.0,0.0524,255.87,52.94,0.1,0.0375,0.0451,0.0564,0.059,0.3133,0.3391,1.6104,0.1919,0.1206,0.1153,-0.0081
1851,0.9479,0.0,0.0521,272.12,56.82,0.1,0.0408,0.0648,0.0558,0.0594,0.3103,0.3403,1.7401,0.1997,0.1278,0.1221,-0.0137
1852,0.9478,0.0,0.0522,280.47,57.59,0.1,0.0389,0.0495,0.0561,0.0585,0.3155,0.3409,1.7246,0.1989,0.1271,0.1215,-0.0087
1853,0.9492,0.0,0.0508,279.35,56.9,0.1,0.0427,0.0492,0.0562,0.0594,0.3135,0.3422,1.8157,0.2095,0.1337,0.1279,-0.0096
1854,0.9494,0.0,0.0506,263.31,54.11,0.1,0.0397,0.0524,0.0562,0.0591,0.3116,0.3431,1.7013,0.1984,0.1262,0.1207,-0.0104
1855,0.9479,0.0,0.0521,252.46,51.9,0.1,0.0392,0.0549,0.056,0.0584,0.3118,0.3397,1.6559,0.1921,0.1225,0.1171,-0.0116
1856,0.9475,0.0,0.0525,256.11,51.8,0.1,0.0418,0.0616,0.056,0.0585,0.3125,0.3429,1.7459,0.2019,0.1287,0.1231,-0.014
1857,0.9464,0.0,0.0536,262.68,54.73,0.1,0.0352,0.0469,0.0563,0.0589,0.3158,0.3392,1.7829,0.2022,0.1292,0.1234,-0.0073
1858,0.9477,0.0,0.0523,266.42,54.79,0.1,0.0391,0.0491,0.0563,0.0588,0.3146,0.341,1.6018,0.1886,0.1196,0.1143,-0.0093
1859,0.9486,0.0,0.0514,282.56,58.81,0.1,0.0367,0.0488,0.056,0.0591,0.3179,0.3433,1.729,0.2026,0.128,0.1222,-0.0066
1860,0.9477,0.0,0.0523,277.55,57.26,0.1,0.0403,0.0619,0.0564,0.0585,0.3134,0.3414,1.659,0.1942,0.1238,0.1183,-0.0109
1861,0.9465,0.0,0.0535,253.56,51.53,0.1,0.0459,0.0645,0.0558,0.0582,0.3103,0.3397,1.6477,0.1906,0.1222,0.1169,-0.0184
1862,0.9452,0.0,0.0548,274.34,57.06,0.1,0.0393,0.0572,0.0562,0.0592,0.3156,0.3434,1.6536,0.1944,0.1228,0.1174,-0.0111
1863,0.9439,0.0,0.0561,274.86,57.62,0.1,0.0398,0.0613,0.056,0.0584,0.3132,0.344,1.6936,0.1941,0.1248,0.1193,-0.0127
1864,0.9433,0.0,0.0567,279.89,58.46,0.1,0.039,0.0448,0.0567,0.059,0.3161,0.3401,1.7678,0.2026,0.1297,0.1239,-0.0071
1865,0.9448,0.0,0.0552,286.09,59.4,0.1,0.0404,0.0461,0.056,0.059,0.3132,0.3421,1.7182,0.2,0.127,0.1214,-0.0084
1866,0.9457,0.0,0.0543,283.08,58.31,0.1,0.0391,0.0508,0.0568,0.0592,0.3138,0.3406,1.6136,0.1929,0.1211,0.1159,-0.0097
1867,0.9457,0.0,0.0543,265.3,55.12,0.1,0.0406,0.0507,0.0565,0.0593,0.3134,0.345,1.7665,0.2043,0.1295,0.1239,-0.0099
1868,0.9452,0.0,0.0548,272.7,56.9,0.1,0.0396,0.0676,0.0565,0.059,0.3153,0.3452,1.6743,0.1906,0.1228,0.1173,-0.0144
1869,0.9444,0.0,0.0556,267.93,55.46,0.1,0.0387,0.0492,0.0565,0.0595,0.3133,0.3441,1.6505,0.1939,0.1227,0.1173,-0.0102
1870,0.9423,0.0,0.0577,253.95,52.06,0.1,0.0423,0.0619,0.057,0.059,0.3137,0.3439,1.7312,0.2005,0.127,0.1214,-0.0136
1871,0.9422,0.0,0.0578,273.56,57.12,0.1,0.0375,0.0502,0.0571,0.0595,0.3152,0.3435,1.569,0.1855,0.1171,0.1118,-0.0094
1872,0.9424,0.0,0.0576,281.11,58.31,0.1,0.0396,0.054,0.0565,0.0595,0.3161,0.3423,1.7912,0.2059,0.1312,0.1254,-0.01
1873,0.9425,0.0,0.0575,243.8,50.2,0.1,0.0396,0.0455,0.0568,0.0589,0.3174,0.3409,1.7485,0.2019,0.1281,0.1225,-0.0084
1874,0.9433,0.0,0.0567,237.68,48.18,0.1,0.0385,0.0491,0.0571,0.0593,0.3149,0.341,1.6087,0.1911,0.1202,0.1149,-0.01
1875,0.942,0.0,0.058,285.14,60.15,0.1,0.0402,0.0564,0.0571,0.0589,0.3147,0.3403,1.8471,0.2085,0.1333,0.1273,-0.0112
1876,0.9413,0.0,0.0587,258.68,53.33,0.1,0.0384,0.0435,0.0568,0.0592,0.3202,0.3418,1.7233,0.2003,0.127,0.1213,-0.0076
1877,0.9412,0.0,0.0588,281.69,59.11,0.1,0.0411,0.0547,0.0578,0.0595,0.3145,0.3458,1.7741,0.2062,0.1301,0.1244,-0.0112
1878,0.9428,0.0,0.0572,253.16,51.49,0.1,0.0393,0.0569,0.0574,0.0593,0.3134,0.3438,1.6567,0.1956,0.123,0.1176,-0.0113
1879,0.9429,0.0,0.0571,267.19,55.94,0.1,0.038,0.0541,0.0572,0.0601,0.3175,0.3468,1.7259,0.1996,0.1263,0.1207,-0.01
1880,0.943,0.0,0.057,264.16,54.83,0.1,0.0397,0.0519,0.0575,0.0602,0.3155,0.3473,1.6814,0.1965,0.1239,0.1184,-0.0109
1881,0.9436,0.0,0.0564,269.14,55.51,0.1,0.0397,0.0477,0.0579,0.0596,0.3165,0.3452,1.7796,0.2059,0.1305,0.1248,-0.0104
1882,0.9453,0.0,0.0547,244.47,48.53,0.1,0.0435,0.052,0.0576,0.059,0.3163,0.3423,1.7234,0.2038,0.1284,0.1228,-0.0108
1883,0.9454,0.0,0.0546,252.05,50.99,0.1,0.0411,0.0557,0.0578,0.0595,0.3152,0.3428,1.6051,0.1916,0.1203,0.115,-0.0112
1884,0.945,0.0,0.055,251.73,52.55,0.1,0.0371,0.0518,0.0582,0.0612,0.3178,0.351,1.6904,0.1955,0.1239,0.1183,-0.0084
1885,0.9452,0.0,0.0548,290.04,60.64,0.1,0.0378,0.0444,0.0583,0.0601,0.3185,0.3441,1.8315,0.2115,0.1336,0.1277,-0.007
1886,0.9455,0.0,0.0545,262.99,54.61,0.1,0.0442,0.0593,0.0584,0.0592,0.3158,0.3462,1.7386,0.2015,0.1276,0.122,-0.0133
1887,0.9465,0.0,0.0535,274.87,56.7,0.1,0.0417,0.0489,0.0585,0.06,0.3192,0.3401,1.7976,0.2068,0.1311,0.1253,-0.009
1888,0.9456,0.0,0.0544,263.83,54.34,0.1,0.0423,0.0577,0.0581,0.0602,0.3165,0.3447,1.8059,0.2076,0.132,0.1261,-0.0119
1889,0.946,0.0,0.054,264.61,54.54,0.1,0.0381,0.0426,0.0584,0.0601,0.3212,0.3442,1.7672,0.205,0.1295,0.1238,-0.0068
1890,0.949,0.0,0.051,249.78,50.95,0.1,0.0388,0.0464,0.0588,0.0606,0.319,0.3462,1.6772,0.1969,0.1245,0.1189,-0.008
1891,0.9507,0.0,0.0493,261.81,53.8,0.1,0.0387,0.0491,0.0583,0.0601,0.321,0.3441,1.5796,0.1895,0.1184,0.1131,-0.0085
1892,0.951,0.0,0.049,256.28,53.14,0.1,0.039,0.0558,0.0585,0.0605,0.3199,0.3451,1.6958,0.2006,0.1251,0.1196,-0.0107
1893,0.9503,0.0,0.0497,284.38,59.69,0.1,0.0387,0.05,0.0589,0.0606,0.3217,0.3462,1.8547,0.2142,0.1347,0.1287,-0.008
1894,0.9504,0.0,0.0496,252.41,50.83,0.1,0.0408,0.0624,0.0588,0.0603,0.3212,0.3444,1.6521,0.199,0.1238,0.1184,-0.0137
1895,0.9502,0.0,0.0498,278.98,58.36,0.1,0.0394,0.0559,0.059,0.0609,0.3196,0.35,1.7205,0.2033,0.1268,0.1212,-0.0114
1896,0.9497,0.0,0.0503,237.58,48.36,0.1,0.039,0.0506,0.0591,0.0617,0.3222,0.3508,1.7195,0.2016,0.1264,0.1207,-0.0083
1897,0.9495,0.0,0.0505,228.68,45.72,0.1,0.0402,0.0539,0.0593,0.0612,0.3205,0.3505,1.6353,0.1927,0.1214,0.116,-0.0119
1898,0.9487,0.0,0.0513,277.71,58.39,0.1,0.0387,0.0485,0.059,0.0608,0.3222,0.3479,1.7507,0.2039,0.1281,0.1224,-0.0092
1899,0.9487,0.0,0.0513,255.42,52.13,0.1,0.0371,0.0495,0.0594,0.0612,0.3239,0.3479,1.7114,0.2025,0.1263,0.1207,-0.009
1900,0.9486,0.0,0.0514,262.85,54.11,0.1,0.0397,0.0426,0.059,0.0611,0.3232,0.3472,1.8265,0.2129,0.1338,0.1279,-0.0074
1901,0.9472,0.0,0.0528,276.66,58.45,0.1,0.0396,0.0526,0.0599,0.0613,0.3217,0.3508,1.7402,0.2033,0.1276,0.122,-0.0109
1902,0.9477,0.0,0.0523,252.02,51.57,0.1,0.0391,0.0546,0.0597,0.0609,0.3216,0.3466,1.6474,0.1958,0.1223,0.1168,-0.0106
1903,0.9485,0.0,0.0515,258.21,52.97,0.1,0.0399,0.0529,0.0596,0.0606,0.323,0.3472,1.7491,0.2056,0.1291,0.1233,-0.0103
1904,0.9486,0.0,0.0514,285.62,60.15,0.1,0.04,0.0511,0.0598,0.0616,0.3256,0.3522,1.8229,0.2129,0.1329,0.127,-0.0095
1905,0.95,0.0,0.05,270.11,55.7,0.1,0.0361,0.048,0.0603,0.0616,0.3255,0.3502,1.6972,0.2025,0.1259,0.1203,-0.0075
1906,0.9516,0.0,0.0484,246.7,50.21,0.1,0.0367,0.0493,0.0606,0.0615,0.324,0.3495,1.6306,0.1958,0.1209,0.1155,-0.0076
1907,0.9529,0.0,0.0471,299.0,62.93,0.1,0.0385,0.0514,0.0602,0.062,0.3252,0.3518,1.8165,0.2099,0.1317,0.1258,-0.0083
1908,0.9547,0.0,0.0453,247.85,50.58,0.1,0.0406,0.0544,0.0603,0.0622,0.3246,0.3506,1.7222,0.2054,0.1267,0.121,-0.0097
1909,0.9548,0.0,0.0452,275.06,56.68,0.1,0.0412,0.0478,0.0608,0.0617,0.3251,0.3467,1.7099,0.205,0.1268,0.1212,-0.0085
1910,0.9558,0.0,0.0442,248.23,51.11,0.1,0.0379,0.0477,0.0602,0.0622,0.3239,0.3486,1.6056,0.1921,0.119,0.1137,-0.0099
1911,0.9564,0.0,0.0436,281.8,58.96,0.1,0.0397,0.0471,0.0603,0.0624,0.3278,0.351,1.7694,0.2079,0.1297,0.1239,-0.0076
1912,0.9561,0.0,0.0439,263.87,54.6,0.1,0.0376,0.0492,0.0603,0.0628,0.3268,0.3515,1.7924,0.2109,0.1312,0.1254,-0.0079
1913,0.9537,0.0,0.0463,253.28,52.33,0.1,0.0395,0.0493,0.0609,0.0622,0.3266,0.3498,1.669,0.1997,0.1231,0.1177,-0.0098
1914,0.9531,0.0,0.0469,281.93,58.52,0.1,0.0341,0.0476,0.0606,0.0629,0.3266,0.351,1.6947,0.201,0.1251,0.1195,-0.0068
1915,0.9541,0.0,0.0459,267.93,55.23,0.1,0.0341,0.0446,0.061,0.0626,0.3284,0.3496,1.6561,0.1996,0.1223,0.1168,-0.0062
1916,0.9547,0.0,0.0453,266.1,54.46,0.1,0.0385,0.0544,0.0613,0.0623,0.3251,0.3509,1.6845,0.1975,0.1236,0.118,-0.0109
1917,0.9551,0.0,0.0449,255.78,52.91,0.1,0.0399,0.0469,0.0611,0.0629,0.3269,0.3537,1.7894,0.2088,0.1303,0.1245,-0.009
1918,0.9567,0.0,0.0433,267.67,55.09,0.1,0.0363,0.0434,0.0613,0.0626,0.3304,0.3502,1.6919,0.2008,0.1249,0.1193,-0.0049
1919,0.9585,0.0,0.0415,248.46,51.45,0.1,0.036,0.0466,0.0615,0.0633,0.3301,0.3552,1.73,0.203,0.1262,0.1205,-0.0073
1920,0.9604,0.0,0.0396,264.54,54.75,0.1,0.0406,0.0451,0.0612,0.0625,0.3268,0.3479,1.7018,0.2022,0.1257,0.1201,-0.008
1921,0.9595,0.0,0.0405,264.96,54.45,0.1,0.0418,0.0559,0.0617,0.062,0.326,0.349,1.717,0.2039,0.1261,0.1205,-0.01
1922,0.9574,0.0,0.0426,258.46,53.61,0.1,0.0441,0.0565,0.0616,0.0633,0.3263,0.3533,1.794,0.2099,0.1301,0.1243,-0.0128
1923,0.9574,0.0,0.0426,264.98,53.88,0.1,0.0366,0.042,0.062,0.0631,0.3287,0.3488,1.7028,0.2051,0.1259,0.1203,-0.0063
1924,0.9579,0.0,0.0421,253.63,51.84,0.1,0.0381,0.049,0.062,0.0632,0.3312,0.3524,1.7789,0.2106,0.1308,0.125,-0.0079
1925,0.9582,0.0,0.0418,284.07,59.4,0.1,0.039,0.0448,0.0622,0.0624,0.3284,0.3478,1.6993,0.2028,0.1252,0.1197,-0.0085
1926,0.9562,0.0,0.0438,258.66,53.5,0.1,0.0413,0.0445,0.0624,0.0628,0.3294,0.3484,1.7164,0.2032,0.1262,0.1205,-0.0085
1927,0.9561,0.0,0.0439,283.42,59.73,0.1,0.0429,0.0573,0.0622,0.0632,0.3287,0.35,1.7486,0.2061,0.1276,0.1219,-0.0135
1928,0.9537,0.0,0.0463,256.0,53.18,0.1,0.0408,0.0527,0.0622,0.0625,0.3304,0.3472,1.7042,0.2011,0.1243,0.1188,-0.0109
1929,0.9526,0.0,0.0474,276.93,57.93,0.1,0.0419,0.0515,0.062,0.063,0.3296,0.3503,1.762,0.2091,0.1287,0.123,-0.0096
1930,0.9506,0.0,0.0494,291.07,61.75,0.1,0.0454,0.0605,0.0627,0.0637,0.3288,0.3573,1.8165,0.2114,0.1315,0.1256,-0.0132
1931,0.951,0.0,0.049,252.11,51.55,0.1,0.0407,0.0464,0.0623,0.0633,0.3311,0.3528,1.65,0.1976,0.1218,0.1163,-0.0082
1932,0.951,0.0,0.049,281.95,58.68,0.1,0.0378,0.0459,0.0629,0.0643,0.3307,0.3572,1.6853,0.202,0.1247,0.1191,-0.0066
1933,0.9537,0.0,0.0463,249.37,52.03,0.1,0.0358,0.0403,0.063,0.0644,0.3326,0.3548,1.716,0.2041,0.1253,0.1196,-0.0035
1934,0.9549,0.0,0.0451,281.7,59.56,0.1,0.0419,0.0452,0.0627,0.0632,0.3324,0.3502,1.8066,0.2096,0.1306,0.1247,-0.0097
1935,0.955,0.0,0.045,280.52,59.27,0.1,0.0344,0.0392,0.0628,0.0644,0.336,0.3563,1.7285,0.2054,0.1262,0.1204,-0.0039
1936,0.9569,0.0,0.0431,289.76,61.36,0.1,0.0393,0.0447,0.0631,0.0648,0.333,0.353,1.7662,0.2081,0.1287,0.1229,-0.0074
1937,0.9566,0.0,0.0434,271.07,55.8,0.1,0.0419,0.0591,0.0634,0.0633,0.3311,0.3502,1.7452,0.2078,0.1287,0.123,-0.0125
1938,0.9555,0.0,0.0445,279.76,59.13,0.1,0.0393,0.0562,0.0635,0.0648,0.3316,0.3573,1.8125,0.2125,0.1314,0.1255,-0.0102
1939,0.9548,0.0,0.0452,268.67,56.16,0.1,0.0391,0.0433,0.0637,0.0642,0.3324,0.3515,1.8139,0.2144,0.1322,0.1263,-0.0061
1940,0.9555,0.0,0.0445,267.46,55.99,0.1,0.0405,0.0455,0.0636,0.0642,0.3329,0.3533,1.6724,0.2,0.1226,0.1172,-0.0093
1941,0.9575,0.0,0.0425,277.16,57.77,0.1,0.0401,0.0487,0.0642,0.0643,0.3342,0.3558,1.6632,0.2017,0.1229,0.1174,-0.0087
1942,0.9579,0.0,0.0421,268.51,56.3,0.1,0.0417,0.0505,0.0638,0.0644,0.3324,0.3567,1.7784,0.2086,0.1293,0.1234,-0.0087
1943,0.9561,0.0,0.0439,282.81,60.05,0.1,0.0414,0.0577,0.0635,0.064,0.3308,0.3529,1.7446,0.2023,0.1263,0.1205,-0.0134
1944,0.9544,0.0,0.0456,259.65,54.14,0.1,0.0387,0.0427,0.064,0.0641,0.3363,0.3538,1.7753,0.2084,0.1288,0.1229,-0.0062
1945,0.956,0.0,0.044,274.29,57.37,0.1,0.0363,0.0454,0.064,0.0653,0.3355,0.358,1.8161,0.2141,0.1323,0.1264,-0.0072
1946,0.9568,0.0,0.0432,281.12,58.84,0.1,0.0426,0.0474,0.0638,0.0646,0.3356,0.3537,1.8013,0.213,0.1312,0.1253,-0.0089
1947,0.9571,0.0,0.0429,300.25,63.64,0.1,0.0406,0.0447,0.0637,0.0643,0.3353,0.3559,1.8364,0.2149,0.1326,0.1266,-0.0073
1948,0.9571,0.0,0.0429,270.47,56.11,0.1,0.0419,0.0403,0.0647,0.0648,0.3359,0.3551,1.7219,0.2062,0.1266,0.1209,-0.0066
1949,0.9568,0.0,0.0432,257.57,52.74,0.1,0.0432,0.0493,0.0643,0.0642,0.3354,0.3545,1.8088,0.2122,0.1312,0.1253,-0.008
1950,0.9566,0.0,0.0434,285.73,59.89,0.1,0.0414,0.0444,0.0645,0.0641,0.3356,0.3534,1.7015,0.2055,0.1253,0.1197,-0.0079
1951,0.9574,0.0,0.0426,270.26,55.76,0.1,0.0434,0.0495,0.0644,0.0647,0.3363,0.3534,1.6773,0.2023,0.124,0.1185,-0.009
1952,0.9571,0.0,0.0429,242.27,50.25,0.1,0.0394,0.0416,0.0643,0.064,0.3366,0.3553,1.6538,0.1992,0.1218,0.1163,-0.0076
1953,0.9567,0.0,0.0433,262.29,54.81,0.1,0.0444,0.051,0.0643,0.0647,0.3361,0.3559,1.8013,0.2098,0.1306,0.1246,-0.0106
1954,0.956,0.0,0.044,259.1,53.25,0.1,0.0424,0.0532,0.0644,0.0651,0.3341,0.3592,1.8228,0.2141,0.1319,0.126,-0.0105
1955,0.9566,0.0,0.0434,293.11,62.03,0.1,0.0406,0.0463,0.0653,0.0651,0.3383,0.3572,1.722,0.2063,0.1259,0.1202,-0.0074
1956,0.9566,0.0,0.0434,274.33,56.57,0.1,0.0435,0.0488,0.0653,0.0643,0.3388,0.353,1.7324,0.209,0.1275,0.1219,-0.0089
1957,0.9563,0.0,0.0437,310.47,65.6,0.1,0.0415,0.046,0.0651,0.0649,0.3359,0.3589,1.7324,0.2051,0.1265,0.1207,-0.0074
1958,0.9556,0.0,0.0444,246.83,50.9,0.1,0.041,0.0502,0.0656,0.0647,0.337,0.3556,1.6568,0.1986,0.1214,0.1159,-0.0098
1959,0.9556,0.0,0.0444,256.94,53.31,0.1,0.0384,0.0514,0.0654,0.0648,0.3378,0.3569,1.7138,0.2021,0.1244,0.1188,-0.0081
1960,0.9556,0.0,0.0444,266.19,55.3,0.1,0.0394,0.046,0.0652,0.0659,0.3374,0.3586,1.6521,0.2005,0.1216,0.1161,-0.0074
1961,0.9561,0.0,0.0439,242.41,49.79,0.1,0.0393,0.0471,0.0661,0.0654,0.3407,0.3582,1.7033,0.2051,0.1249,0.1193,-0.0079
1962,0.9564,0.0,0.0436,275.53,57.01,0.1,0.0396,0.0472,0.065,0.0649,0.3374,0.3565,1.6467,0.2004,0.1223,0.1167,-0.0096
1963,0.9539,0.0,0.0461,269.88,56.36,0.1,0.0428,0.0581,0.0653,0.0653,0.3399,0.3572,1.6526,0.1975,0.1215,0.116,-0.0117
1964,0.9534,0.0,0.0466,243.1,49.97,0.1,0.0411,0.0471,0.0661,0.0654,0.3387,0.355,1.6723,0.2004,0.123,0.1173,-0.0077
1965,0.9544,0.0,0.0456,265.75,55.46,0.1,0.0392,0.0414,0.0659,0.0662,0.3427,0.3579,1.7303,0.2049,0.1261,0.1203,-0.0052
1966,0.9563,0.0,0.0437,298.39,63.23,0.1,0.0393,0.0414,0.0661,0.066,0.3419,0.3596,1.8225,0.2146,0.1317,0.1257,-0.0051
1967,0.9583,0.0,0.0417,254.81,52.66,0.1,0.0403,0.0469,0.0657,0.0661,0.3422,0.359,1.7724,0.2101,0.1288,0.1229,-0.0071
1968,0.9591,0.0,0.0409,274.53,57.42,0.1,0.0438,0.0487,0.0653,0.0655,0.3414,0.3552,1.7589,0.21,0.1283,0.1226,-0.0098
1969,0.9588,0.0,0.0412,260.44,54.0,0.1,0.0413,0.0467,0.0659,0.0664,0.3416,0.362,1.7909,0.2142,0.1305,0.1247,-0.0076
1970,0.9588,0.0,0.0412,280.37,59.35,0.1,0.0417,0.0432,0.0657,0.066,0.3399,0.3579,1.7962,0.2131,0.13,0.124,-0.0074
1971,0.9584,0.0,0.0416,293.42,61.92,0.1,0.0391,0.0457,0.066,0.0668,0.3428,0.3597,1.7189,0.2061,0.1252,0.1194,-0.0069
1972,0.9583,0.0,0.0417,262.63,54.39,0.1,0.0413,0.044,0.0658,0.0661,0.3438,0.3586,1.7886,0.2132,0.1307,0.1248,-0.0061
1973,0.9587,0.0,0.0413,260.24,54.74,0.1,0.0406,0.0551,0.0656,0.0663,0.3401,0.36,1.6471,0.1993,0.1208,0.1152,-0.0108
1974,0.9599,0.0,0.0401,272.26,57.92,0.1,0.0419,0.0477,0.0653,0.0654,0.3406,0.3579,1.7442,0.2034,0.1255,0.1197,-0.0093
1975,0.9589,0.0,0.0411,271.42,56.71,0.1,0.041,0.0512,0.0663,0.0663,0.34,0.3641,1.6722,0.2008,0.1226,0.117,-0.0087
1976,0.9592,0.0,0.0408,259.66,53.77,0.1,0.0429,0.0448,0.0663,0.0658,0.3421,0.3571,1.7336,0.2085,0.1273,0.1215,-0.0066
1977,0.9592,0.0,0.0408,269.31,56.37,0.1,0.0441,0.0497,0.0663,0.0664,0.3427,0.3596,1.7947,0.2118,0.1297,0.1238,-0.0083
1978,0.9604,0.0,0.0396,272.33,57.61,0.1,0.041,0.0424,0.0659,0.0673,0.344,0.3616,1.6647,0.2008,0.1223,0.1167,-0.0067
1979,0.9612,0.0,0.0388,274.59,57.56,0.1,0.0402,0.0457,0.0662,0.0657,0.3414,0.3588,1.6535,0.2014,0.1221,0.1165,-0.0086
1980,0.9622,0.0,0.0378,267.12,56.33,0.1,0.0382,0.0392,0.0664,0.0668,0.3472,0.3587,1.7781,0.2113,0.1288,0.1229,-0.0054
1981,0.9642,0.0,0.0358,279.38,58.79,0.1,0.037,0.0358,0.0666,0.0672,0.349,0.3614,1.6626,0.2038,0.1228,0.1172,-0.0034
1982,0.965,0.0,0.035,274.8,57.65,0.1,0.04,0.0552,0.067,0.0668,0.3445,0.3619,1.7315,0.2061,0.1261,0.1203,-0.0097
1983,0.9646,0.0,0.0354,264.24,54.86,0.1,0.0416,0.051,0.0666,0.0667,0.3457,0.3595,1.7173,0.2063,0.1249,0.1191,-0.009
1984,0.9647,0.0,0.0353,274.3,57.75,0.1,0.0396,0.0524,0.0669,0.0677,0.3458,0.3673,1.7366,0.2078,0.1265,0.1207,-0.008
1985,0.9648,0.0,0.0352,260.82,54.71,0.1,0.0407,0.0421,0.067,0.0667,0.3469,0.3588,1.7635,0.2126,0.1287,0.1228,-0.0062
1986,0.9636,0.0,0.0364,245.62,50.13,0.1,0.0398,0.0421,0.067,0.0677,0.3479,0.3653,1.8019,0.2144,0.1311,0.125,-0.005
1987,0.9635,0.0,0.0365,264.83,54.63,0.1,0.0413,0.0405,0.0668,0.0675,0.3515,0.3602,1.6836,0.2045,0.1242,0.1185,-0.0049
1988,0.9632,0.0,0.0368,266.4,54.93,0.1,0.0454,0.0628,0.0676,0.068,0.3461,0.3658,1.7434,0.2083,0.1275,0.1217,-0.0113
1989,0.962,0.0,0.038,259.14,54.43,0.1,0.0385,0.0434,0.0675,0.0672,0.3495,0.3587,1.7066,0.2023,0.1237,0.1178,-0.0057
1990,0.9633,0.0,0.0367,273.06,57.37,0.1,0.0411,0.0416,0.0675,0.0671,0.3487,0.3582,1.7999,0.2112,0.1299,0.1238,-0.005
1991,0.9641,0.0,0.0359,293.4,62.96,0.1,0.0394,0.0501,0.0667,0.0681,0.3506,0.3636,1.7577,0.2075,0.1267,0.1208,-0.0092
1992,0.9615,0.0,0.0385,271.98,57.03,0.1,0.0417,0.0641,0.067,0.0671,0.3455,0.3603,1.6968,0.2022,0.1238,0.118,-0.0133
1993,0.9601,0.0,0.0399,247.94,51.3,0.1,0.0377,0.0366,0.0679,0.068,0.3505,0.3623,1.6908,0.2029,0.1231,0.1173,-0.0036
1994,0.9615,0.0,0.0385,272.76,57.2,0.1,0.0414,0.0416,0.0675,0.0682,0.3517,0.362,1.7782,0.2119,0.1292,0.1233,-0.0053
1995,0.9619,0.0,0.0381,270.59,56.83,0.1,0.0414,0.0468,0.0677,0.0676,0.3491,0.3591,1.694,0.2027,0.1231,0.1174,-0.0082
1996,0.9606,0.0,0.0394,277.19,58.31,0.1,0.0405,0.0531,0.0683,0.0689,0.3453,0.3658,1.698,0.2043,0.1239,0.1181,-0.0099
1997,0.9579,0.0,0.0421,281.05,59.73,0.1,0.041,0.0471,0.0672,0.0676,0.3492,0.3598,1.8371,0.2183,0.1322,0.1261,-0.009
1998,0.9568,0.0,0.0432,258.57,53.99,0.1,0.0449,0.0461,0.0675,0.0681,0.3507,0.3598,1.7629,0.2084,0.1272,0.1213,-0.0088
1999,0.9558,0.0,0.0442,275.71,57.69,0.1,0.0428,0.0477,0.0679,0.0689,0.3503,0.3651,1.7875,0.2105,0.1285,0.1225,-0.0078
2000,0.9568,0.0,0.0432,243.08,50.81,0.1,0.0403,0.0528,0.0682,0.0687,0.3483,0.3637,1.6266,0.1944,0.1181,0.1126,-0.0102
2001,0.9578,0.0,0.0422,262.4,55.53,0.1,0.0404,0.0428,0.0686,0.0688,0.351,0.365,1.7622,0.2052,0.1261,0.1202,-0.0058
2002,0.9603,0.0,0.0397,271.21,57.75,0.1,0.0403,0.0411,0.0685,0.0694,0.3515,0.3684,1.8035,0.2111,0.1294,0.1234,-0.0047
2003,0.9613,0.0,0.0387,256.51,53.89,0.1,0.0446,0.0521,0.0684,0.0683,0.3476,0.3618,1.7463,0.2056,0.1254,0.1195,-0.0125
2004,0.9618,0.0,0.0382,260.99,54.51,0.1,0.04,0.0503,0.069,0.0704,0.3499,0.3712,1.7626,0.2066,0.1265,0.1206,-0.0085
2005,0.9611,0.0,0.0389,252.58,52.37,0.1,0.0421,0.0399,0.0684,0.0693,0.3513,0.3654,1.6234,0.1978,0.1192,0.1136,-0.0066
2006,0.9623,0.0,0.0377,281.66,59.73,0.1,0.0404,0.0446,0.0693,0.0694,0.3527,0.3671,1.8016,0.2105,0.1293,0.1233,-0.0065
2007,0.9616,0.0,0.0384,284.41,60.34,0.1,0.0446,0.0538,0.0701,0.0685,0.3503,0.3664,1.7772,0.2101,0.1279,0.122,-0.0109
2008,0.9615,0.0,0.0385,280.09,58.89,0.1,0.0395,0.0393,0.0692,0.0701,0.3557,0.3675,1.7463,0.2079,0.1264,0.1205,-0.0033
2009,0.9619,0.0,0.0381,269.12,56.77,0.1,0.0401,0.0472,0.0691,0.0692,0.3531,0.3655,1.8122,0.2137,0.1304,0.1243,-0.0076
2010,0.9628,0.0,0.0372,251.72,52.22,0.1,0.0425,0.0466,0.0694,0.0687,0.3507,0.3643,1.668,0.201,0.1222,0.1166,-0.0097
2011,0.9616,0.0,0.0384,286.61,61.07,0.1,0.041,0.0499,0.0701,0.0706,0.3526,0.3705,1.7544,0.2076,0.1261,0.1201,-0.0078
2012,0.9615,0.0,0.0385,271.1,56.93,0.1,0.0384,0.0482,0.0705,0.0698,0.3502,0.3699,1.7253,0.206,0.1254,0.1196,-0.0076
2013,0.9602,0.0,0.0398,264.66,55.58,0.1,0.0421,0.0513,0.0696,0.0705,0.3518,0.372,1.6297,0.199,0.12,0.1144,-0.0091
2014,0.9603,0.0,0.0397,260.87,54.31,0.1,0.043,0.0442,0.0703,0.0704,0.3538,0.365,1.7962,0.2137,0.1297,0.1237,-0.0074
2015,0.9595,0.0,0.0405,270.73,56.87,0.1,0.0425,0.043,0.07,0.0699,0.3545,0.3643,1.8524,0.2198,0.1336,0.1275,-0.0084
2016,0.9592,0.0,0.0408,284.84,60.79,0.1,0.0418,0.0501,0.0708,0.0712,0.3543,0.3684,1.7986,0.2148,0.13,0.1239,-0.0074
2017,0.9607,0.0,0.0393,270.17,56.95,0.1,0.0403,0.0386,0.0703,0.0704,0.3545,0.3685,1.7935,0.2109,0.1285,0.1225,-0.0051
2018,0.963,0.0,0.037,236.23,48.95,0.1,0.0397,0.0403,0.0706,0.0704,0.3558,0.3652,1.7616,0.2104,0.1278,0.1219,-0.0062
2019,0.9649,0.0,0.0351,261.86,55.12,0.1,0.0406,0.0383,0.0708,0.0705,0.3538,0.365,1.7232,0.2034,0.124,0.1183,-0.0065
2020,0.9637,0.0,0.0363,264.37,55.34,0.1,0.0422,0.0496,0.0704,0.07,0.3546,0.3668,1.6635,0.2019,0.1217,0.116,-0.0101
2021,0.9612,0.0,0.0388,271.99,57.75,0.1,0.0414,0.0441,0.0705,0.07,0.3539,0.3635,1.7923,0.2149,0.1295,0.1235,-0.0083
2022,0.9602,0.0,0.0398,255.48,53.31,0.1,0.0406,0.0432,0.0703,0.0712,0.3577,0.3694,1.7194,0.2064,0.1249,0.1191,-0.0065
2023,0.9602,0.0,0.0398,286.67,60.67,0.1,0.0434,0.0505,0.0709,0.0707,0.3551,0.3677,1.8113,0.216,0.1309,0.1249,-0.0084
2024,0.9593,0.0,0.0407,278.82,59.2,0.1,0.0414,0.0382,0.0707,0.0706,0.3563,0.3667,1.8153,0.2157,0.1301,0.124,-0.0054
2025,0.9598,0.0,0.0402,272.73,57.27,0.1,0.0397,0.0494,0.0714,0.071,0.3572,0.3704,1.8136,0.2146,0.1305,0.1243,-0.0078
2026,0.9601,0.0,0.0399,258.31,54.3,0.1,0.0429,0.0495,0.071,0.0714,0.3557,0.3703,1.6534,0.2024,0.1212,0.1156,-0.0085
2027,0.9601,0.0,0.0399,255.04,53.36,0.1,0.039,0.0463,0.0706,0.0705,0.3561,0.3636,1.6503,0.1984,0.1198,0.1142,-0.0068
2028,0.9599,0.0,0.0401,303.61,64.52,0.1,0.0458,0.0613,0.0711,0.0705,0.3535,0.3684,1.9228,0.2214,0.1358,0.1295,-0.0135
2029,0.9597,0.0,0.0403,275.03,57.36,0.1,0.0438,0.0591,0.0714,0.0697,0.3518,0.3661,1.6686,0.203,0.1218,0.1161,-0.0127
2030,0.9596,0.0,0.0404,249.71,52.16,0.1,0.0396,0.0359,0.0712,0.0712,0.3596,0.3657,1.7072,0.2066,0.1241,0.1183,-0.0043
2031,0.9607,0.0,0.0393,290.07,62.41,0.1,0.0409,0.0447,0.0717,0.0711,0.3585,0.3694,1.8579,0.2182,0.1325,0.1263,-0.0052
2032,0.9614,0.0,0.0386,273.48,57.66,0.1,0.0413,0.0416,0.0714,0.0713,0.3589,0.3688,1.8242,0.2173,0.1309,0.1248,-0.0061
2033,0.9623,0.0,0.0377,260.17,55.24,0.1,0.0412,0.0438,0.0715,0.0715,0.3579,0.3692,1.7931,0.2118,0.1284,0.1223,-0.0057
2034,0.9631,0.0,0.0369,270.15,57.86,0.1,0.0415,0.0501,0.0713,0.0712,0.3566,0.3684,1.7868,0.2088,0.1275,0.1215,-0.0082
2035,0.9636,0.0,0.0364,263.2,55.03,0.1,0.0433,0.043,0.072,0.0707,0.3563,0.368,1.7342,0.209,0.1266,0.1207,-0.0054
2036,0.9642,0.0,0.0358,269.6,56.57,0.1,0.0441,0.0399,0.0718,0.0712,0.3561,0.3682,1.7481,0.2083,0.1261,0.1202,-0.0062
2037,0.9647,0.0,0.0353,284.14,60.44,0.1,0.0456,0.0371,0.0719,0.0715,0.3569,0.3685,1.7397,0.2057,0.1251,0.1192,-0.0055
2038,0.9641,0.0,0.0359,263.49,55.08,0.1,0.0483,0.0392,0.0721,0.0713,0.3594,0.368,1.7357,0.2084,0.1259,0.12,-0.0063
2039,0.965,0.0,0.035,251.11,52.14,0.1,0.042,0.0386,0.0723,0.072,0.357,0.3697,1.7362,0.2069,0.125,0.1191,-0.0043
2040,0.9659,0.0,0.0341,262.5,54.43,0.1,0.0449,0.0421,0.0717,0.0714,0.3561,0.3655,1.671,0.2018,0.1218,0.1161,-0.0081
2041,0.9658,0.0,0.0342,265.19,56.36,0.1,0.0434,0.0451,0.0727,0.0717,0.3572,0.3714,1.7399,0.2077,0.1257,0.1198,-0.0069
2042,0.9648,0.0,0.0352,281.31,59.56,0.1,0.0443,0.0459,0.0724,0.0713,0.3564,0.3701,1.7492,0.2076,0.1259,0.12,-0.0089
2043,0.9644,0.0,0.0356,243.59,50.1,0.1,0.0445,0.0418,0.0727,0.0717,0.3576,0.3702,1.6504,0.2013,0.121,0.1154,-0.0061
2044,0.9646,0.0,0.0354,269.81,57.16,0.1,0.0442,0.0411,0.0722,0.0718,0.36,0.37,1.7462,0.2078,0.1257,0.1197,-0.007
2045,0.9652,0.0,0.0348,279.11,58.57,0.1,0.046,0.0478,0.0726,0.0721,0.3575,0.3704,1.6993,0.2048,0.1237,0.1179,-0.0078
2046,0.965,0.0,0.035,248.12,52.26,0.1,0.0444,0.0431,0.0723,0.0713,0.3594,0.3697,1.8306,0.2147,0.1302,0.124,-0.0062
2047,0.9659,0.0,0.0341,279.62,59.75,0.1,0.0415,0.0339,0.0727,0.0724,0.3597,0.3699,1.7509,0.2113,0.1267,0.1207,-0.0025
2048,0.9666,0.0,0.0334,271.32,57.52,0.1,0.0451,0.042,0.0724,0.0719,0.3586,0.3714,1.6792,0.2028,0.1215,0.1158,-0.0073
2049,0.9663,0.0,0.0337,285.05,59.88,0.1,0.0444,0.0465,0.0726,0.0723,0.3586,0.3731,1.784,0.2139,0.1286,0.1226,-0.0078
2050,0.9668,0.0,0.0332,275.91,58.74,0.1,0.0422,0.0424,0.0728,0.0727,0.3587,0.3708,1.7075,0.2029,0.1228,0.1169,-0.0064
2051,0.9681,0.0,0.0319,259.82,54.43,0.1,0.0452,0.0517,0.0726,0.0722,0.3587,0.3711,1.7987,0.2153,0.1296,0.1235,-0.0089
2052,0.9692,0.0,0.0308,257.01,53.89,0.1,0.0438,0.0349,0.0728,0.0723,0.3618,0.3714,1.7893,0.2126,0.1284,0.1224,-0.0031
2053,0.9681,0.0,0.0319,275.18,58.52,0.1,0.0462,0.0489,0.0728,0.0722,0.3585,0.3766,1.7878,0.2115,0.1283,0.1222,-0.0097
2054,0.9651,0.0,0.0349,284.49,59.0,0.1,0.0517,0.0558,0.0718,0.0711,0.3559,0.3687,1.7572,0.2085,0.1272,0.1212,-0.0131
2055,0.9628,0.0,0.0372,243.51,50.81,0.1,0.0449,0.0352,0.0735,0.0721,0.3616,0.3701,1.6847,0.204,0.1223,0.1165,-0.0046
2056,0.9625,0.0,0.0375,256.31,53.15,0.1,0.0485,0.0372,0.0727,0.0717,0.3608,0.3705,1.7045,0.2059,0.1239,0.118,-0.0055
2057,0.9624,0.0,0.0376,277.93,58.4,0.1,0.0457,0.0457,0.0731,0.0721,0.3606,0.3699,1.75,0.2089,0.1258,0.1198,-0.0075
2058,0.9624,0.0,0.0376,275.36,57.88,0.1,0.0478,0.05,0.0732,0.0717,0.3606,0.3717,1.7992,0.2148,0.1292,0.1232,-0.0093
2059,0.9626,0.0,0.0374,270.57,57.25,0.1,0.0479,0.0423,0.0737,0.0726,0.3615,0.371,1.7995,0.2132,0.129,0.123,-0.0058
2060,0.962,0.0,0.038,289.73,61.53,0.1,0.049,0.0513,0.0737,0.072,0.3615,0.373,1.796,0.2112,0.1285,0.1224,-0.0088
2061,0.9611,0.0,0.0389,259.32,55.43,0.1,0.0469,0.0462,0.0731,0.0717,0.3605,0.3732,1.7993,0.2123,0.1284,0.1222,-0.0089
2062,0.9601,0.0,0.0399,277.78,59.08,0.1,0.0508,0.0467,0.0742,0.0726,0.3608,0.3727,1.8877,0.2211,0.134,0.1276,-0.0072
2063,0.9596,0.0,0.0404,261.52,55.37,0.1,0.0489,0.0401,0.0735,0.072,0.3625,0.3686,1.7979,0.2134,0.129,0.1229,-0.0053
2064,0.9598,0.0,0.0402,301.0,65.81,0.1,0.0474,0.043,0.0736,0.0725,0.3615,0.3717,1.8649,0.2155,0.1318,0.1256,-0.0066
2065,0.9602,0.0,0.0398,283.76,60.08,0.1,0.0493,0.0517,0.0734,0.0722,0.3557,0.3732,1.8351,0.2161,0.1309,0.1247,-0.01
2066,0.9602,0.0,0.0398,291.58,62.14,0.1,0.0474,0.0501,0.0739,0.0725,0.3577,0.3724,1.7827,0.2102,0.1277,0.1217,-0.0089
2067,0.9602,0.0,0.0398,261.13,54.15,0.1,0.0501,0.0377,0.074,0.0731,0.3617,0.3717,1.7328,0.2079,0.1253,0.1193,-0.0043
2068,0.9613,0.0,0.0387,272.51,58.07,0.1,0.047,0.0371,0.0743,0.0731,0.3626,0.3716,1.7638,0.2099,0.1264,0.1204,-0.0045
2069,0.9627,0.0,0.0373,289.78,61.92,0.1,0.0476,0.0434,0.0737,0.0729,0.3615,0.371,1.8739,0.2188,0.133,0.1267,-0.0065
2070,0.9634,0.0,0.0366,286.39,61.69,0.1,0.0459,0.0436,0.0747,0.073,0.3638,0.3724,1.7112,0.2046,0.1232,0.1173,-0.0072
2071,0.9636,0.0,0.0364,273.08,57.74,0.1,0.05,0.0496,0.0745,0.0726,0.3604,0.3741,1.842,0.2174,0.1314,0.1252,-0.0093
2072,0.9634,0.0,0.0366,267.04,57.11,0.1,0.0485,0.0444,0.0749,0.072,0.3622,0.3699,1.7469,0.2103,0.1258,0.1198,-0.0079
2073,0.9645,0.0,0.0355,248.02,51.99,0.1,0.046,0.0349,0.0746,0.073,0.3646,0.3701,1.5901,0.1955,0.1168,0.1113,-0.005
2074,0.9646,0.0,0.0354,267.85,56.79,0.1,0.0488,0.0382,0.075,0.0741,0.3663,0.3769,1.7999,0.2118,0.1286,0.1225,-0.0052
2075,0.9644,0.0,0.0356,281.96,60.22,0.1,0.0472,0.0398,0.075,0.0736,0.365,0.3738,1.7828,0.2125,0.1279,0.1219,-0.006
2076,0.9638,0.0,0.0362,276.23,58.44,0.1,0.0502,0.0388,0.075,0.0737,0.3674,0.3743,1.8542,0.2217,0.133,0.1268,-0.0056
2077,0.9648,0.0,0.0352,280.27,59.9,0.1,0.0454,0.0385,0.0752,0.0743,0.3685,0.3742,1.8172,0.2176,0.1304,0.1242,-0.0037
2078,0.9657,0.0,0.0343,290.37,61.8,0.1,0.0459,0.0356,0.0751,0.0742,0.3684,0.3742,1.8809,0.221,0.1333,0.1269,-0.0043
2079,0.9658,0.0,0.0342,276.55,59.08,0.1,0.0472,0.038,0.0746,0.0734,0.3678,0.3737,1.729,0.2068,0.1244,0.1184,-0.0056
2080,0.9653,0.0,0.0347,240.89,50.78,0.1,0.0467,0.0389,0.0751,0.0741,0.3689,0.3761,1.7684,0.2089,0.126,0.1199,-0.0044
2081,0.9669,0.0,0.0331,291.23,63.06,0.1,0.0466,0.0445,0.0752,0.0739,0.3673,0.3714,1.7378,0.2047,0.1242,0.1183,-0.007
2082,0.9667,0.0,0.0333,279.42,58.89,0.1,0.0463,0.04,0.0752,0.0744,0.3691,0.375,1.7779,0.2137,0.1279,0.1219,-0.0051
2083,0.9675,0.0,0.0325,268.69,57.59,0.1,0.0495,0.0369,0.0752,0.0736,0.368,0.3759,1.8493,0.2173,0.1308,0.1245,-0.0049
2084,0.9685,0.0,0.0315,270.77,57.68,0.1,0.0489,0.037,0.0751,0.0739,0.3665,0.3735,1.7254,0.2077,0.1242,0.1183,-0.0048
2085,0.9692,0.0,0.0308,274.04,58.4,0.1,0.0496,0.0462,0.075,0.0735,0.3674,0.3781,1.7247,0.2055,0.1239,0.1179,-0.0074
2086,0.9692,0.0,0.0308,278.25,59.49,0.1,0.0495,0.0367,0.0758,0.0747,0.3686,0.3748,1.7627,0.2074,0.1257,0.1196,-0.0039
2087,0.9694,0.0,0.0306,276.32,58.78,0.1,0.0537,0.0428,0.0755,0.0733,0.3671,0.375,1.8883,0.2202,0.1337,0.1273,-0.0083
2088,0.9687,0.0,0.0313,266.77,57.02,0.1,0.051,0.0469,0.076,0.0739,0.3689,0.3753,1.772,0.2094,0.1267,0.1206,-0.0075
2089,0.968,0.0,0.032,278.86,59.46,0.1,0.0492,0.0418,0.0756,0.0733,0.3739,0.3727,1.6933,0.2026,0.1219,0.1159,-0.0057
2090,0.9672,0.0,0.0328,290.82,61.98,0.1,0.0539,0.0433,0.0756,0.0729,0.3682,0.3722,1.8131,0.2117,0.129,0.1228,-0.0084
2091,0.9671,0.0,0.0329,273.51,57.59,0.1,0.0528,0.0436,0.0761,0.0734,0.3696,0.3724,1.7793,0.2108,0.1275,0.1214,-0.0071
2092,0.9688,0.0,0.0312,256.44,54.28,0.1,0.0507,0.0351,0.0758,0.0739,0.3699,0.3766,1.8273,0.2171,0.131,0.1247,-0.0051
2093,0.9682,0.0,0.0318,255.31,53.15,0.1,0.0519,0.0465,0.0765,0.0741,0.3692,0.3784,1.7356,0.2052,0.1245,0.1185,-0.0076
2094,0.9667,0.0,0.0333,263.11,55.58,0.1,0.055,0.0536,0.0767,0.074,0.3677,0.3756,1.6813,0.1988,0.1208,0.115,-0.0099
2095,0.9646,0.0,0.0354,273.41,58.51,0.1,0.0536,0.0485,0.0767,0.0744,0.3706,0.3791,1.8171,0.2132,0.1288,0.1226,-0.0083
2096,0.9649,0.0,0.0351,284.31,60.85,0.1,0.051,0.0458,0.0775,0.0748,0.3706,0.3798,1.742,0.2079,0.1251,0.119,-0.0065
2097,0.9645,0.0,0.0355,248.5,51.81,0.1,0.0538,0.0428,0.0767,0.0748,0.372,0.3777,1.7371,0.2053,0.1243,0.1183,-0.0075
2098,0.9641,0.0,0.0359,288.01,61.11,0.1,0.0533,0.0445,0.0769,0.0755,0.3727,0.3793,1.847,0.215,0.1311,0.1247,-0.0072
2099,0.964,0.0,0.036,285.89,60.4,0.1,0.0542,0.0391,0.0774,0.0752,0.3719,0.3814,1.808,0.2176,0.1302,0.1241,-0.0061
2100,0.9626,0.0,0.0374,270.53,58.23,0.1,0.0518,0.0446,0.0772,0.0745,0.3682,0.3753,1.7816,0.2082,0.1264,0.1202,-0.0088
2101,0.9631,0.0,0.0369,287.23,61.39,0.1,0.0538,0.0378,0.0773,0.0757,0.3737,0.3797,1.9342,0.223,0.136,0.1295,-0.0059
2102,0.9634,0.0,0.0366,259.08,54.9,0.1,0.0518,0.0457,0.0778,0.0748,0.3724,0.3774,1.6242,0.1988,0.1183,0.1126,-0.0071
2103,0.9637,0.0,0.0363,272.28,58.09,0.1,0.0503,0.0448,0.0784,0.076,0.3716,0.3817,1.6585,0.1985,0.12,0.1141,-0.0066
2104,0.9657,0.0,0.0343,272.83,58.0,0.1,0.0509,0.0376,0.0781,0.0759,0.3728,0.3794,1.9045,0.2226,0.135,0.1285,-0.0059
2105,0.9593,0.0,0.0407,278.37,59.77,0.05,0.056,0.1392,0.0744,0.0704,0.3552,0.3663,1.7877,0.2056,0.1256,0.1196,-0.0351
2106,0.9422,0.0,0.0578,274.83,58.86,0.05,0.0554,0.1759,0.0723,0.0674,0.3561,0.3599,1.8589,0.2088,0.1288,0.1227,-0.0439
2107,0.9245,0.0,0.0755,255.16,53.2,0.05,0.0518,0.1893,0.0728,0.0685,0.3568,0.3629,1.7469,0.2006,0.1238,0.118,-0.0399
2108,0.9068,0.0,0.0932,253.4,53.3,0.05,0.0513,0.2025,0.0726,0.0689,0.3551,0.3636,1.8637,0.2065,0.1301,0.1239,-0.0424
2109,0.8891,0.0,0.1109,266.74,55.18,0.05,0.0511,0.1804,0.0736,0.0692,0.3565,0.3646,1.6859,0.1874,0.1197,0.114,-0.0369
2110,0.8767,0.0,0.1233,231.22,47.44,0.05,0.0529,0.206,0.072,0.0683,0.3522,0.3618,1.6513,0.1812,0.1176,0.112,-0.0438
2111,0.8659,0.0,0.1341,248.66,51.7,0.05,0.0494,0.1887,0.0737,0.0676,0.3584,0.3573,1.694,0.1833,0.1198,0.1141,-0.0393
2112,0.8565,0.0,0.1435,251.65,52.83,0.05,0.0518,0.2105,0.072,0.0681,0.3552,0.3557,1.7678,0.1887,0.125,0.1191,-0.0444
2113,0.8453,0.0,0.1547,261.7,54.94,0.05,0.0504,0.1811,0.0737,0.069,0.3581,0.3618,1.6562,0.1764,0.1178,0.1121,-0.0375
2114,0.8383,0.0,0.1617,234.85,48.97,0.05,0.052,0.1886,0.074,0.0704,0.3541,0.3666,1.621,0.174,0.1163,0.1107,-0.0383
2115,0.834,0.0,0.166,280.18,57.97,0.05,0.0543,0.1958,0.0737,0.0679,0.3573,0.3609,1.6498,0.1748,0.118,0.1124,-0.0409
2116,0.8248,0.0,0.1752,257.98,53.16,0.05,0.0555,0.1945,0.075,0.0689,0.353,0.3635,1.6107,0.1702,0.1156,0.1101,-0.0423
2117,0.8196,0.0,0.1804,242.08,49.95,0.05,0.0548,0.2005,0.0747,0.0676,0.3532,0.3608,1.605,0.1726,0.1164,0.1109,-0.0421
2118,0.8092,0.0,0.1908,263.09,54.47,0.05,0.0552,0.2079,0.0721,0.0677,0.3515,0.3578,1.6464,0.1686,0.1171,0.1115,-0.0476
2119,0.8003,0.0,0.1997,256.11,51.77,0.05,0.0555,0.1906,0.075,0.0683,0.3551,0.3571,1.6101,0.1725,0.1163,0.1108,-0.043
2120,0.7947,0.0,0.2053,255.25,52.37,0.05,0.0581,0.2116,0.0737,0.0674,0.3489,0.3609,1.6008,0.1674,0.1155,0.11,-0.0477
2121,0.792,0.0,0.208,289.22,61.02,0.05,0.0593,0.1951,0.0746,0.0688,0.352,0.3573,1.8105,0.1833,0.1286,0.1226,-0.0429
2122,0.7928,0.0,0.2072,280.66,58.61,0.05,0.0574,0.1715,0.075,0.0701,0.3557,0.3634,1.7764,0.1787,0.1268,0.1208,-0.0369
2123,0.7931,0.0,0.2069,272.49,55.98,0.05,0.0514,0.1929,0.0742,0.0685,0.3593,0.3634,1.7061,0.1765,0.123,0.1172,-0.0396
2124,0.7923,0.0,0.2077,253.48,51.68,0.05,0.0515,0.1973,0.0747,0.0682,0.3569,0.3611,1.7222,0.1731,0.1219,0.116,-0.0404
2125,0.7915,0.0,0.2085,233.55,46.9,0.05,0.0559,0.194,0.0746,0.0684,0.3553,0.3554,1.7123,0.1753,0.1228,0.117,-0.0409
2126,0.7948,0.0,0.2052,270.75,56.15,0.05,0.0533,0.1457,0.076,0.0718,0.3641,0.3667,1.6403,0.17,0.1184,0.1127,-0.0268
2127,0.8013,0.0,0.1987,259.65,53.04,0.05,0.0501,0.1771,0.0764,0.0705,0.3611,0.3669,1.6925,0.1802,0.1239,0.1181,-0.0339
2128,0.8039,0.0,0.1961,276.93,57.34,0.05,0.0523,0.1708,0.0757,0.0707,0.3591,0.3665,1.7957,0.1857,0.1295,0.1233,-0.0331
2129,0.8079,0.0,0.1921,282.14,56.83,0.05,0.0517,0.165,0.0743,0.0705,0.3606,0.362,1.746,0.1849,0.1275,0.1215,-0.0326
2130,0.8066,0.0,0.1934,284.35,58.15,0.05,0.0525,0.165,0.0753,0.0711,0.3613,0.3686,1.8604,0.1921,0.1341,0.1278,-0.0317
2131,0.8091,0.0,0.1909,278.0,56.64,0.05,0.0518,0.1602,0.0766,0.0721,0.3614,0.3719,1.7796,0.1876,0.1292,0.123,-0.0295
2132,0.8109,0.0,0.1891,277.81,57.51,0.05,0.0505,0.1613,0.076,0.0711,0.3632,0.3648,1.6692,0.1778,0.1217,0.1159,-0.0309
2133,0.815,0.0,0.185,283.22,58.61,0.05,0.0507,0.1712,0.076,0.072,0.362,0.3685,1.7975,0.1887,0.1299,0.1238,-0.031
2134,0.8181,0.0,0.1819,270.72,54.89,0.05,0.049,0.1608,0.0756,0.0721,0.3629,0.3684,1.6909,0.1811,0.1237,0.1178,-0.0298
2135,0.8195,0.0,0.1805,279.57,57.85,0.05,0.0539,0.158,0.0756,0.0713,0.3625,0.3654,1.7682,0.1857,0.1285,0.1225,-0.0304
2136,0.8234,0.0002,0.1766,277.63,56.52,0.05,0.0542,0.1641,0.0769,0.0711,0.362,0.3675,1.7005,0.1818,0.126,0.1201,-0.0314
2137,0.8259,0.0002,0.1741,260.07,52.38,0.05,0.0536,0.1521,0.0773,0.0725,0.3638,0.3697,1.9052,0.2036,0.139,0.1326,-0.0268
2138,0.8307,0.0002,0.1693,256.72,52.03,0.05,0.0506,0.1428,0.0771,0.0737,0.3652,0.3731,1.7221,0.1833,0.126,0.1201,-0.024
2139,0.8346,0.0002,0.1654,284.27,58.41,0.05,0.0537,0.1723,0.0756,0.072,0.3607,0.3661,1.8291,0.1911,0.1316,0.1254,-0.0335
2140,0.8365,0.0,0.1635,269.89,54.37,0.05,0.0521,0.1582,0.0767,0.073,0.3617,0.3736,1.8036,0.1924,0.1324,0.1262,-0.0281
2141,0.8416,0.0,0.1584,278.74,56.7,0.05,0.0518,0.1476,0.076,0.0733,0.3625,0.3731,1.7777,0.1873,0.1286,0.1225,-0.0266
2142,0.8465,0.0,0.1535,283.78,57.44,0.05,0.051,0.1402,0.0776,0.0731,0.3663,0.3694,1.8214,0.1922,0.1329,0.1267,-0.0238
2143,0.8508,0.0,0.1492,306.36,63.64,0.05,0.0502,0.1439,0.0776,0.0736,0.3647,0.3715,1.7849,0.1896,0.1303,0.1241,-0.0243
2144,0.856,0.0,0.144,254.55,52.07,0.05,0.0493,0.1413,0.0779,0.0728,0.364,0.3698,1.6615,0.1782,0.1218,0.1159,-0.0257
2145,0.8583,0.0,0.1417,280.06,56.67,0.05,0.0526,0.1428,0.0772,0.0733,0.3649,0.3708,1.7282,0.1825,0.1257,0.1197,-0.0255
2146,0.8622,0.0,0.1378,300.53,60.99,0.05,0.0533,0.1344,0.078,0.0743,0.3646,0.3755,1.7813,0.1906,0.1303,0.1242,-0.0239
2147,0.8631,0.0,0.1369,270.45,55.89,0.05,0.0525,0.1422,0.0781,0.0736,0.3655,0.3683,1.8072,0.1882,0.1295,0.1234,-0.0238
2148,0.8662,0.0,0.1338,268.49,55.08,0.05,0.0485,0.129,0.0781,0.0746,0.3699,0.3757,1.7656,0.1893,0.1285,0.1224,-0.0208
2149,0.869,0.0,0.131,304.07,62.35,0.05,0.0525,0.1504,0.0777,0.0731,0.3663,0.3716,1.8072,0.1916,0.1318,0.1256,-0.0254
2150,0.8706,0.0,0.1294,260.49,52.65,0.05,0.0492,0.1332,0.0779,0.0743,0.3653,0.3746,1.7883,0.1924,0.1307,0.1245,-0.0226
2151,0.869,0.0,0.131,254.11,52.19,0.05,0.0534,0.1523,0.077,0.0732,0.3621,0.369,1.7087,0.1836,0.1247,0.1188,-0.0303
2152,0.8677,0.0,0.1323,288.93,57.95,0.05,0.0485,0.1333,0.0782,0.0749,0.3671,0.3772,1.7453,0.1928,0.1291,0.123,-0.0216
2153,0.8676,0.0,0.1324,273.29,56.07,0.05,0.0536,0.1574,0.0781,0.0735,0.3625,0.3694,1.7864,0.1928,0.1314,0.1254,-0.0289
2154,0.8689,0.0,0.1311,310.13,63.89,0.05,0.0507,0.1316,0.0782,0.0746,0.3641,0.3718,1.9267,0.2068,0.1408,0.1342,-0.0223
2155,0.8676,0.0,0.1324,272.24,56.03,0.05,0.055,0.1557,0.0786,0.0733,0.3602,0.3693,1.7947,0.1931,0.132,0.1258,-0.0294
2156,0.8654,0.0,0.1346,290.58,60.45,0.05,0.0525,0.1297,0.0779,0.0745,0.3661,0.3736,1.7896,0.1911,0.1306,0.1245,-0.0218
2157,0.8651,0.0,0.1349,277.49,56.63,0.05,0.0539,0.1411,0.0784,0.0731,0.3616,0.3675,1.7658,0.1874,0.1288,0.1226,-0.0257
2158,0.8631,0.0,0.1369,281.76,58.42,0.05,0.0553,0.1681,0.0781,0.0719,0.3577,0.364,1.7159,0.1859,0.1257,0.1199,-0.034
2159,0.863,0.0,0.137,278.58,56.94,0.05,0.0532,0.1369,0.0779,0.074,0.3658,0.3718,1.8098,0.1939,0.1322,0.126,-0.0243
2160,0.8618,0.0,0.1382,295.01,60.95,0.05,0.0497,0.135,0.0781,0.0749,0.3667,0.3768,1.8089,0.1882,0.13,0.1238,-0.0224
2161,0.8617,0.0,0.1383,282.25,58.75,0.05,0.0511,0.1299,0.0787,0.0747,0.3698,0.3735,1.9013,0.1955,0.1355,0.129,-0.0213
2162,0.8632,0.0,0.1368,253.62,50.91,0.05,0.0507,0.1401,0.0792,0.0749,0.3656,0.3738,1.7138,0.1867,0.1261,0.1201,-0.0241
2163,0.8636,0.0,0.1364,261.87,52.49,0.05,0.0543,0.147,0.0799,0.0753,0.3648,0.3761,1.7346,0.1872,0.1272,0.1212,-0.0263
2164,0.8613,0.0,0.1387,275.76,56.1,0.05,0.0556,0.1549,0.0794,0.0738,0.3632,0.3733,1.7778,0.1871,0.1289,0.1229,-0.0302
2165,0.8615,0.0,0.1385,264.62,54.05,0.05,0.0505,0.148,0.0795,0.0747,0.3648,0.3796,1.7643,0.1871,0.1287,0.1226,-0.0257
2166,0.8627,0.0,0.1373,286.83,59.12,0.05,0.0513,0.1468,0.0798,0.0746,0.3645,0.374,1.8604,0.1956,0.1349,0.1286,-0.0254
2167,0.8634,0.0,0.1366,283.17,57.72,0.05,0.0531,0.135,0.0797,0.0749,0.364,0.3777,1.7514,0.1895,0.1287,0.1227,-0.0238
2168,0.8656,0.0,0.1344,276.7,56.43,0.05,0.0505,0.1447,0.0804,0.075,0.3661,0.3725,1.7522,0.1878,0.1277,0.1217,-0.0246
2169,0.8668,0.0,0.1332,282.78,57.07,0.05,0.056,0.1543,0.0812,0.0746,0.3639,0.3764,1.8157,0.1957,0.1336,0.1275,-0.0269
2170,0.8659,0.0,0.1341,268.5,54.69,0.05,0.0572,0.1448,0.0797,0.0747,0.3631,0.3745,1.7229,0.1846,0.1269,0.121,-0.027
2171,0.8655,0.0,0.1345,280.28,57.18,0.05,0.0543,0.1514,0.0793,0.0754,0.3631,0.3745,1.8288,0.1907,0.1321,0.1258,-0.0281
2172,0.8635,0.0,0.1365,291.24,60.72,0.05,0.053,0.1397,0.0799,0.0755,0.3653,0.3748,1.7662,0.186,0.1277,0.1217,-0.0241
2173,0.8647,0.0,0.1353,304.57,62.97,0.05,0.0539,0.1502,0.0796,0.0739,0.3642,0.3728,1.6988,0.1838,0.1246,0.1188,-0.0297
2174,0.8645,0.0,0.1355,281.52,57.34,0.05,0.0525,0.1423,0.0802,0.076,0.3675,0.3791,1.843,0.1936,0.1335,0.1273,-0.0251
2175,0.8643,0.0,0.1357,281.07,58.05,0.05,0.0463,0.1316,0.0814,0.0772,0.3703,0.3785,1.797,0.1916,0.1308,0.1246,-0.0186
2176,0.8667,0.0,0.1333,277.06,56.68,0.05,0.0486,0.1246,0.0802,0.0762,0.3737,0.3794,1.678,0.1849,0.1237,0.1179,-0.0195
2177,0.8687,0.0,0.1313,260.51,52.51,0.05,0.0532,0.1578,0.0795,0.0748,0.3656,0.3731,1.6617,0.1802,0.1218,0.1161,-0.0292
2178,0.8682,0.0,0.1318,269.47,54.31,0.05,0.0564,0.1418,0.0813,0.0751,0.3683,0.3765,1.658,0.1834,0.1238,0.1181,-0.0247
2179,0.8711,0.0,0.1289,265.14,54.66,0.05,0.0511,0.1366,0.0811,0.0771,0.3696,0.3798,1.7897,0.1981,0.1313,0.1253,-0.0224
2180,0.8732,0.0,0.1268,296.76,61.59,0.05,0.0513,0.1306,0.0817,0.0763,0.3699,0.3792,1.8363,0.1914,0.1319,0.1257,-0.0201
2181,0.8758,0.0,0.1242,268.89,54.93,0.05,0.0538,0.1408,0.0812,0.0753,0.3668,0.3734,1.7599,0.1908,0.1284,0.1225,-0.0244
2182,0.8751,0.0,0.1249,290.56,58.74,0.05,0.0552,0.1402,0.0806,0.0755,0.3672,0.3726,1.8136,0.1921,0.1321,0.126,-0.0262
2183,0.8774,0.0,0.1226,278.29,57.12,0.05,0.0468,0.1326,0.0813,0.0774,0.3705,0.3797,1.8225,0.1949,0.1323,0.1261,-0.0193
2184,0.8771,0.0,0.1229,286.44,58.34,0.05,0.053,0.1397,0.0805,0.0771,0.3677,0.378,1.9052,0.2033,0.1384,0.1319,-0.0238
2185,0.8783,0.0,0.1217,286.29,58.73,0.05,0.0514,0.1422,0.0809,0.0753,0.3703,0.375,1.7368,0.187,0.1264,0.1204,-0.0258
2186,0.8753,0.0,0.1247,259.73,54.55,0.05,0.0492,0.1435,0.0812,0.0769,0.3668,0.3784,1.838,0.1933,0.1312,0.125,-0.0258
2187,0.8761,0.0,0.1239,264.84,53.63,0.05,0.0481,0.1319,0.0826,0.0776,0.3702,0.3818,1.7265,0.1867,0.1266,0.1206,-0.0205
2188,0.8778,0.0,0.1222,313.56,65.56,0.05,0.0542,0.1393,0.0818,0.0759,0.3671,0.3751,1.8842,0.1991,0.1354,0.1291,-0.0262
2189,0.8778,0.0,0.1222,292.72,60.57,0.05,0.0497,0.147,0.0818,0.0758,0.3695,0.3762,1.7798,0.1888,0.1284,0.1223,-0.0265
2190,0.8783,0.0,0.1217,306.59,63.58,0.05,0.049,0.1221,0.0833,0.0781,0.3777,0.3822,1.8746,0.2062,0.1379,0.1314,-0.0156
2191,0.88,0.0,0.12,271.88,56.0,0.05,0.0492,0.1241,0.083,0.0777,0.3768,0.3773,1.7925,0.1982,0.1322,0.126,-0.0178
2192,0.8829,0.0,0.1171,277.03,55.86,0.05,0.0488,0.1252,0.0829,0.0782,0.3742,0.3839,1.7984,0.1969,0.1316,0.1254,-0.0178
2193,0.8836,0.0,0.1164,280.99,57.26,0.05,0.0511,0.1417,0.0823,0.0781,0.3738,0.3834,1.8316,0.1946,0.1332,0.1269,-0.0218
2194,0.8832,0.0,0.1168,284.77,59.12,0.05,0.0495,0.1093,0.0833,0.0791,0.3801,0.384,1.7665,0.1921,0.1289,0.1229,-0.0154
2195,0.8825,0.0,0.1175,273.7,55.76,0.05,0.0517,0.1368,0.0833,0.0779,0.3745,0.3815,1.7262,0.193,0.1277,0.1218,-0.0223
2196,0.8836,0.0,0.1164,274.54,54.96,0.05,0.0476,0.1291,0.0833,0.0782,0.3762,0.3793,1.7183,0.1882,0.1263,0.1202,-0.0197
2197,0.8874,0.0,0.1126,263.99,53.42,0.05,0.0516,0.1358,0.0838,0.077,0.3765,0.3767,1.7878,0.1918,0.1312,0.125,-0.0226
2198,0.8917,0.0,0.1083,290.87,58.67,0.05,0.0528,0.1299,0.0844,0.079,0.3797,0.3794,1.8334,0.1964,0.1339,0.1276,-0.0191
2199,0.8923,0.0,0.1077,250.65,49.98,0.05,0.0514,0.1327,0.0832,0.0774,0.3716,0.3791,1.7391,0.19,0.1274,0.1213,-0.0224
2200,0.8908,0.0,0.1092,283.02,58.17,0.05,0.0506,0.1374,0.0823,0.0776,0.3758,0.3788,1.828,0.1949,0.1323,0.126,-0.0251
2201,0.8918,0.0,0.1082,298.62,62.48,0.05,0.0513,0.125,0.0848,0.0782,0.377,0.3821,1.8744,0.1979,0.135,0.1286,-0.0193
2202,0.8946,0.0,0.1054,296.38,61.7,0.05,0.0482,0.1324,0.085,0.0791,0.3793,0.3825,1.8416,0.1985,0.133,0.1267,-0.019
2203,0.8954,0.0,0.1046,283.38,57.91,0.05,0.0484,0.122,0.0839,0.0785,0.3813,0.3844,1.7392,0.1935,0.129,0.1228,-0.0184
2204,0.8964,0.0,0.1036,276.32,56.57,0.05,0.0486,0.1364,0.0836,0.0776,0.3775,0.379,1.7233,0.1879,0.1263,0.1203,-0.0235
2205,0.8943,0.0,0.1057,280.79,56.95,0.05,0.0541,0.1316,0.0846,0.0782,0.3767,0.381,1.731,0.1913,0.1284,0.1225,-0.022
2206,0.8943,0.0,0.1057,287.47,58.29,0.05,0.0517,0.1291,0.0851,0.0788,0.3797,0.3845,1.8118,0.1967,0.1324,0.1261,-0.0194
2207,0.8936,0.0,0.1064,269.85,54.5,0.05,0.0537,0.1359,0.0847,0.0778,0.3776,0.3798,1.7561,0.1911,0.1288,0.1228,-0.0229
2208,0.8902,0.0,0.1098,295.2,61.41,0.05,0.0514,0.1375,0.0849,0.0786,0.3766,0.3786,1.933,0.2065,0.1382,0.1316,-0.0214
2209,0.8912,0.0,0.1088,294.61,60.68,0.05,0.0484,0.1266,0.0861,0.079,0.3815,0.3819,1.8746,0.2062,0.1365,0.1302,-0.018
2210,0.8936,0.0,0.1064,285.26,58.55,0.05,0.0498,0.1379,0.0849,0.0786,0.3772,0.3834,1.8136,0.1956,0.1315,0.1253,-0.0224
2211,0.8921,0.0,0.1079,288.08,59.24,0.05,0.0507,0.1362,0.0849,0.08,0.381,0.3853,1.8812,0.2015,0.1364,0.1299,-0.0212
2212,0.8928,0.0,0.1072,271.7,56.11,0.05,0.0487,0.132,0.0845,0.0791,0.3769,0.383,1.6626,0.1806,0.1226,0.1168,-0.0223
2213,0.8971,0.0,0.1029,273.92,55.76,0.05,0.0448,0.1079,0.0864,0.0807,0.384,0.3888,1.6748,0.1863,0.1229,0.117,-0.0147
2214,0.8977,0.0,0.1023,285.06,57.72,0.05,0.049,0.1411,0.0851,0.0789,0.3808,0.3795,1.7064,0.1893,0.1261,0.1202,-0.0221
2215,0.8966,0.0,0.1034,297.7,62.23,0.05,0.0441,0.1299,0.0858,0.0806,0.3805,0.3883,1.7118,0.188,0.1245,0.1185,-0.0189
2216,0.8977,0.0,0.1023,285.91,57.99,0.05,0.0482,0.1237,0.0869,0.0802,0.3813,0.3891,1.7686,0.1944,0.1292,0.123,-0.0174
2217,0.8966,0.0,0.1034,267.62,54.26,0.05,0.0473,0.1294,0.086,0.0801,0.3815,0.3884,1.8245,0.1952,0.1323,0.1261,-0.019
2218,0.8954,0.0,0.1046,267.88,55.06,0.05,0.0487,0.1191,0.0862,0.0807,0.3829,0.3827,1.6623,0.1833,0.122,0.1162,-0.0168
2219,0.8955,0.0,0.1045,282.16,58.26,0.05,0.051,0.128,0.0857,0.0797,0.3809,0.3876,1.9606,0.2127,0.1414,0.1347,-0.0206
2220,0.8957,0.0,0.1043,272.86,55.87,0.05,0.0462,0.1229,0.0858,0.0805,0.3832,0.3883,1.8311,0.197,0.1326,0.1262,-0.0179
2221,0.8964,0.0,0.1036,263.88,54.14,0.05,0.0469,0.1211,0.0864,0.0806,0.3842,0.3849,1.7555,0.193,0.1284,0.1224,-0.0172
2222,0.8979,0.0,0.1021,285.41,59.02,0.05,0.0444,0.1139,0.0865,0.0814,0.3878,0.3896,1.846,0.2011,0.1339,0.1274,-0.0137
2223,0.8995,0.0,0.1005,272.57,56.52,0.05,0.0494,0.1307,0.0853,0.0796,0.3829,0.3834,1.8023,0.1983,0.1319,0.1256,-0.0217
2224,0.9,0.0,0.1,296.96,61.22,0.05,0.0474,0.1203,0.0874,0.0812,0.3839,0.3869,1.881,0.2018,0.1345,0.128,-0.0169
2225,0.8989,0.0,0.1011,286.15,59.41,0.05,0.048,0.1264,0.0857,0.0803,0.3836,0.3854,1.7605,0.1905,0.128,0.1218,-0.0203
2226,0.899,0.0,0.101,294.27,60.31,0.05,0.0503,0.1437,0.0866,0.0798,0.3802,0.386,1.754,0.1921,0.1291,0.1231,-0.0242
2227,0.8978,0.0,0.1022,287.09,58.21,0.05,0.0467,0.1173,0.0877,0.0818,0.3885,0.3927,1.8636,0.2059,0.1354,0.1289,-0.0133
2228,0.9,0.0001,0.1,291.97,60.07,0.05,0.0482,0.1128,0.0872,0.0821,0.3863,0.3876,1.8613,0.2019,0.1355,0.129,-0.0149
2229,0.8981,0.0002,0.1019,302.38,62.23,0.05,0.0521,0.1418,0.0856,0.0796,0.3832,0.3824,1.8116,0.1943,0.1311,0.1249,-0.024
2230,0.8989,0.0002,0.1011,299.05,62.65,0.05,0.0481,0.1074,0.0878,0.0815,0.3875,0.3895,1.8402,0.2,0.1339,0.1276,-0.0142
2231,0.8983,0.0002,0.1016,300.17,62.73,0.05,0.0478,0.1211,0.0871,0.0809,0.3858,0.3844,1.8828,0.2036,0.1364,0.1299,-0.0186
2232,0.8983,0.0002,0.1015,309.54,64.41,0.05,0.0523,0.1355,0.0859,0.0799,0.3821,0.384,1.9276,0.2018,0.1381,0.1315,-0.0211
2233,0.8992,0.0002,0.1006,290.57,59.4,0.05,0.0458,0.1141,0.0881,0.0818,0.3886,0.3905,1.7267,0.1896,0.1252,0.1191,-0.0142
2234,0.901,0.0002,0.0988,290.95,60.76,0.05,0.0522,0.115,0.088,0.0812,0.3852,0.3888,1.8864,0.2048,0.1358,0.1293,-0.0173
2235,0.9029,0.0002,0.0968,266.44,54.75,0.05,0.0511,0.1296,0.0868,0.0822,0.3846,0.3923,1.9217,0.2076,0.1376,0.1311,-0.0204
2236,0.9057,0.0002,0.094,297.99,62.53,0.05,0.0503,0.1152,0.0886,0.0819,0.3892,0.3901,1.9181,0.208,0.1394,0.1327,-0.0145
2237,0.9082,0.0001,0.0917,309.44,64.07,0.05,0.0482,0.1128,0.0878,0.0822,0.39,0.3935,1.9264,0.207,0.1397,0.133,-0.0143
2238,0.9097,0.0,0.0903,272.51,55.04,0.05,0.0503,0.1411,0.0875,0.0807,0.3841,0.3858,1.8369,0.1995,0.1336,0.1272,-0.0236
2239,0.9075,0.0,0.0925,290.64,60.43,0.05,0.0553,0.1233,0.0883,0.0811,0.3857,0.3875,1.8069,0.1956,0.1302,0.1239,-0.0195
2240,0.9068,0.0,0.0932,301.06,61.76,0.05,0.0495,0.1185,0.0887,0.0823,0.3878,0.3919,1.8181,0.1998,0.1327,0.1264,-0.0159
2241,0.9065,0.0,0.0935,265.09,54.43,0.05,0.047,0.115,0.0883,0.082,0.3916,0.3921,1.7803,0.1972,0.1305,0.1242,-0.0161
2242,0.909,0.0,0.091,247.88,50.71,0.05,0.0471,0.1146,0.0887,0.0813,0.3911,0.3899,1.7274,0.1878,0.125,0.1189,-0.0163
2243,0.9093,0.0,0.0907,286.98,59.0,0.05,0.0434,0.1117,0.0887,0.0821,0.3947,0.3904,1.685,0.1879,0.1236,0.1176,-0.0138
2244,0.9114,0.0,0.0886,307.62,65.09,0.05,0.0458,0.1041,0.0894,0.0824,0.394,0.3929,1.8843,0.2038,0.1363,0.1297,-0.0123
2245,0.9111,0.0,0.0889,274.57,56.7,0.05,0.0485,0.1172,0.0886,0.0821,0.3886,0.3895,1.7732,0.1984,0.1301,0.1238,-0.0156
2246,0.9112,0.0,0.0888,291.66,60.24,0.05,0.0458,0.1118,0.0888,0.0819,0.3903,0.3888,1.887,0.2045,0.1368,0.1301,-0.0158
2247,0.9123,0.0002,0.0875,284.58,58.11,0.05,0.0472,0.1137,0.0886,0.0818,0.3883,0.3889,1.7542,0.1948,0.1288,0.1226,-0.0182
2248,0.9129,0.0002,0.0869,286.16,59.09,0.05,0.0498,0.1084,0.089,0.0819,0.3872,0.3913,1.7188,0.1937,0.1266,0.1205,-0.0148
2249,0.9123,0.0002,0.0875,296.41,62.35,0.05,0.0489,0.1287,0.0887,0.0822,0.3886,0.3876,1.8715,0.198,0.134,0.1275,-0.0183
2250,0.9132,0.0002,0.0865,266.63,55.12,0.05,0.0529,0.1227,0.0888,0.0815,0.3886,0.3853,1.8483,0.2003,0.134,0.1276,-0.0194
2251,0.9138,0.0002,0.086,280.56,57.61,0.05,0.0462,0.1141,0.0899,0.0826,0.3922,0.3925,1.8156,0.2002,0.1316,0.1253,-0.0145
2252,0.9152,0.0002,0.0845,279.22,57.43,0.05,0.0468,0.1083,0.0904,0.0831,0.3936,0.3926,1.7619,0.1909,0.1278,0.1217,-0.0118
2253,0.9161,0.0002,0.0836,300.32,63.38,0.05,0.0494,0.1253,0.0894,0.0832,0.3881,0.3907,1.8548,0.1994,0.1333,0.1268,-0.0184
2254,0.9156,0.0002,0.0841,280.42,57.98,0.05,0.0504,0.1245,0.0894,0.0815,0.392,0.3902,1.9592,0.2086,0.1409,0.1343,-0.0172
2255,0.917,0.0002,0.0828,281.69,58.98,0.05,0.0489,0.1065,0.0911,0.0833,0.3935,0.3922,1.969,0.2117,0.1416,0.135,-0.0118
2256,0.9173,0.0002,0.0824,286.46,59.97,0.05,0.0477,0.1126,0.0901,0.0828,0.3949,0.3908,1.7899,0.1945,0.1305,0.1243,-0.0153
2257,0.9165,0.0002,0.0833,280.84,57.61,0.05,0.0453,0.1118,0.091,0.0837,0.3936,0.3911,1.8239,0.1983,0.1324,0.126,-0.0135
2258,0.9171,0.0002,0.0827,269.8,55.25,0.05,0.0497,0.1219,0.0907,0.0821,0.391,0.3892,1.88,0.2005,0.1347,0.1282,-0.0171
2259,0.9178,0.0002,0.0819,284.67,57.63,0.05,0.0511,0.1213,0.0899,0.0817,0.39,0.3875,1.8395,0.2024,0.1345,0.1281,-0.0198
2260,0.9174,0.0002,0.0824,277.84,56.71,0.05,0.048,0.1148,0.0906,0.0825,0.3936,0.3902,1.7433,0.1936,0.128,0.1219,-0.017
2261,0.9193,0.0,0.0807,277.68,55.77,0.05,0.0468,0.107,0.0922,0.0842,0.3968,0.3952,1.841,0.2011,0.1358,0.1294,-0.011
2262,0.9189,0.0,0.0811,277.63,55.58,0.05,0.0505,0.1227,0.0915,0.0831,0.3911,0.3944,1.8959,0.2041,0.1378,0.1313,-0.0179
2263,0.9191,0.0,0.0809,297.97,61.58,0.05,0.0498,0.1167,0.091,0.0836,0.3936,0.3909,1.9965,0.2113,0.1437,0.1369,-0.0154
2264,0.9193,0.0,0.0807,271.09,55.87,0.05,0.0491,0.1143,0.0914,0.0834,0.3937,0.3966,1.9409,0.2103,0.1396,0.133,-0.0156
2265,0.917,0.0,0.083,289.54,58.7,0.05,0.0535,0.1249,0.0896,0.0814,0.3892,0.3888,1.875,0.2042,0.1356,0.1292,-0.0212
2266,0.917,0.0,0.083,324.1,66.82,0.05,0.0497,0.11,0.0923,0.0835,0.3982,0.3944,1.8636,0.2047,0.1358,0.1293,-0.0122
2267,0.9167,0.0,0.0833,282.05,58.03,0.05,0.048,0.1186,0.0912,0.0828,0.3922,0.3896,1.8842,0.2037,0.1359,0.1294,-0.0157
2268,0.9175,0.0,0.0825,274.87,56.52,0.05,0.0495,0.1245,0.0914,0.0829,0.3901,0.3923,1.8894,0.2056,0.1367,0.1302,-0.0169
2269,0.9187,0.0,0.0813,265.61,54.47,0.05,0.0433,0.1084,0.0928,0.0835,0.3968,0.3939,1.7947,0.197,0.1296,0.1233,-0.0122
2270,0.9204,0.0,0.0796,282.52,58.19,0.05,0.048,0.1272,0.091,0.0823,0.3889,0.3916,1.7846,0.1962,0.1296,0.1234,-0.0198
2271,0.9218,0.0,0.0782,287.16,58.24,0.05,0.0475,0.1088,0.0932,0.0845,0.3964,0.3961,1.8869,0.2062,0.1371,0.1305,-0.0115
2272,0.9207,0.0,0.0793,277.77,58.02,0.05,0.0463,0.1148,0.092,0.0828,0.391,0.3921,1.7423,0.1934,0.127,0.1208,-0.0146
2273,0.9202,0.0,0.0798,255.05,51.64,0.05,0.0477,0.1196,0.0922,0.0823,0.3932,0.3918,1.718,0.1918,0.1252,0.1191,-0.0171
2274,0.9193,0.0,0.0807,288.64,60.24,0.05,0.0462,0.1182,0.0918,0.0828,0.3935,0.3916,1.8399,0.2016,0.1339,0.1274,-0.0164
2275,0.9164,0.0,0.0836,285.84,58.81,0.05,0.0514,0.1224,0.0913,0.082,0.3888,0.3891,1.8548,0.2014,0.1343,0.1279,-0.0188
2276,0.9171,0.0,0.0829,297.32,62.11,0.05,0.0448,0.1207,0.0921,0.083,0.3953,0.3933,1.9267,0.206,0.1376,0.1309,-0.0154
2277,0.9167,0.0,0.0833,287.8,59.82,0.05,0.0498,0.1262,0.0909,0.0819,0.3908,0.3878,1.7732,0.1944,0.1279,0.1217,-0.0205
2278,0.9154,0.0,0.0846,296.35,61.65,0.05,0.0455,0.1096,0.0924,0.0826,0.3933,0.3958,1.8267,0.2,0.1318,0.1255,-0.0134
2279,0.9152,0.0,0.0848,280.48,58.49,0.05,0.049,0.1116,0.0918,0.0833,0.3941,0.3935,1.9535,0.2132,0.14,0.1333,-0.0147
2280,0.9167,0.0,0.0833,283.7,59.51,0.05,0.0427,0.1024,0.0934,0.0845,0.3964,0.395,1.7692,0.1965,0.1285,0.1223,-0.0106
2281,0.9191,0.0,0.0809,290.91,59.22,0.05,0.0463,0.1113,0.0925,0.0835,0.3944,0.3933,1.7932,0.1996,0.1308,0.1245,-0.0151
2282,0.9196,0.0,0.0804,302.16,63.12,0.05,0.0463,0.1161,0.0921,0.0832,0.3948,0.3939,1.8611,0.1984,0.1342,0.1277,-0.0159
2283,0.9198,0.0,0.0802,284.32,58.61,0.05,0.0463,0.1278,0.0918,0.0832,0.3909,0.3933,1.7738,0.1931,0.1271,0.1209,-0.0198
2284,0.9196,0.0,0.0804,307.87,62.96,0.05,0.049,0.1191,0.0933,0.0832,0.3946,0.3937,1.8659,0.2032,0.1357,0.1292,-0.0157
2285,0.9189,0.0,0.0811,315.85,65.61,0.05,0.0495,0.1192,0.0925,0.0832,0.3934,0.3919,1.9105,0.2074,0.1383,0.1317,-0.0175
2286,0.9193,0.0,0.0807,271.8,55.52,0.05,0.0439,0.1085,0.093,0.084,0.3953,0.3965,1.8432,0.2012,0.1334,0.127,-0.0134
2287,0.9179,0.0,0.0821,298.94,61.9,0.05,0.0503,0.1304,0.0917,0.082,0.3891,0.3873,1.892,0.207,0.1367,0.1302,-0.0214
2288,0.9158,0.0,0.0842,302.5,62.02,0.05,0.0478,0.1253,0.0928,0.0831,0.3948,0.3932,1.8729,0.2047,0.1358,0.1294,-0.0187
2289,0.9117,0.0,0.0883,280.22,56.99,0.05,0.0463,0.1283,0.0923,0.0832,0.3945,0.3948,1.9083,0.2035,0.1365,0.1299,-0.0187
2290,0.9116,0.0,0.0884,310.02,64.84,0.05,0.0405,0.1153,0.0948,0.0849,0.4011,0.3989,1.9155,0.2086,0.1376,0.131,-0.0125
2291,0.9134,0.0,0.0866,284.77,59.82,0.05,0.0451,0.1101,0.0945,0.0843,0.3985,0.3953,1.8202,0.1994,0.1314,0.125,-0.0134
2292,0.9132,0.0,0.0868,271.67,56.21,0.05,0.0444,0.1151,0.094,0.0833,0.395,0.3961,1.868,0.2014,0.1345,0.1281,-0.0162
2293,0.9139,0.0,0.0861,316.43,65.84,0.05,0.0455,0.1352,0.093,0.0832,0.3931,0.3927,1.9255,0.2111,0.1392,0.1326,-0.0197
2294,0.9154,0.0,0.0846,302.95,62.2,0.05,0.0443,0.1119,0.0945,0.0843,0.3989,0.3951,1.8668,0.2049,0.1356,0.1291,-0.0133
2295,0.9179,0.0,0.0821,286.99,59.52,0.05,0.0461,0.1018,0.0947,0.0848,0.4009,0.3937,1.9334,0.2086,0.1388,0.1322,-0.0127
2296,0.9197,0.0,0.0803,298.69,62.13,0.05,0.0444,0.1089,0.0956,0.0849,0.4021,0.4004,1.8611,0.2039,0.1345,0.1281,-0.0109
2297,0.9208,0.0,0.0792,269.79,54.92,0.05,0.0466,0.1261,0.0942,0.0836,0.3961,0.3921,1.7856,0.1965,0.1292,0.123,-0.0187
2298,0.9215,0.0,0.0785,282.15,57.34,0.05,0.0492,0.1137,0.095,0.0832,0.3975,0.3942,1.9889,0.2195,0.1443,0.1375,-0.0158
2299,0.9195,0.0,0.0805,299.57,62.91,0.05,0.0445,0.1238,0.0946,0.0847,0.3999,0.396,1.9135,0.2102,0.1368,0.1302,-0.0159
2300,0.9201,0.0,0.0799,297.53,61.28,0.05,0.0439,0.1155,0.0949,0.0847,0.3984,0.3978,1.8413,0.2052,0.1345,0.1281,-0.0145
2301,0.9198,0.0,0.0802,250.29,51.36,0.05,0.0433,0.1071,0.096,0.085,0.4027,0.3978,1.7789,0.1972,0.1312,0.125,-0.0131
2302,0.9188,0.0,0.0812,301.25,62.5,0.05,0.0472,0.1201,0.0944,0.0831,0.3985,0.3927,1.8946,0.2057,0.1365,0.13,-0.0168
2303,0.9174,0.0,0.0826,288.95,60.04,0.05,0.0456,0.1306,0.0943,0.0835,0.3987,0.3931,1.861,0.2021,0.1336,0.1272,-0.018
2304,0.9159,0.0,0.0841,276.84,57.35,0.05,0.0452,0.1263,0.0942,0.0828,0.4002,0.3888,1.7831,0.196,0.1299,0.1237,-0.0181
2305,0.9165,0.0,0.0835,256.71,52.2,0.05,0.0418,0.113,0.0966,0.0856,0.4005,0.3997,1.7651,0.1974,0.1284,0.1222,-0.0125
2306,0.9182,0.0,0.0818,285.96,59.56,0.05,0.0468,0.1087,0.0962,0.0847,0.3995,0.3961,1.9286,0.2102,0.1391,0.1325,-0.0134
2307,0.9192,0.0,0.0808,324.98,68.56,0.05,0.0446,0.1188,0.096,0.0842,0.4018,0.3941,1.9609,0.2115,0.1399,0.1332,-0.0144
2308,0.9187,0.0,0.0813,286.8,58.65,0.05,0.0468,0.1318,0.0948,0.0843,0.3984,0.394,1.9451,0.2114,0.1393,0.1327,-0.0182
2309,0.9173,0.0,0.0827,302.49,62.84,0.05,0.0484,0.1278,0.0951,0.0842,0.3981,0.3921,1.9146,0.2085,0.1374,0.1308,-0.0194
2310,0.9196,0.0,0.0804,261.08,53.73,0.05,0.0428,0.1015,0.0973,0.0857,0.4045,0.3977,1.808,0.2017,0.1309,0.1246,-0.0094
2311,0.9191,0.0,0.0809,313.93,65.43,0.05,0.0458,0.1154,0.0966,0.0855,0.4038,0.3969,1.9878,0.2183,0.1435,0.1367,-0.0138
2312,0.9197,0.0,0.0803,311.76,64.72,0.05,0.0467,0.1249,0.0963,0.0845,0.3996,0.3948,1.8641,0.2049,0.1359,0.1295,-0.0151
2313,0.92,0.0,0.08,282.84,58.49,0.05,0.0425,0.1191,0.0974,0.0864,0.4058,0.3966,1.9334,0.2119,0.1399,0.1333,-0.012
2314,0.9199,0.0,0.0801,295.08,61.12,0.05,0.0464,0.13,0.0953,0.0855,0.4015,0.395,1.8937,0.2074,0.1375,0.131,-0.0184
2315,0.9185,0.0,0.0815,277.95,56.8,0.05,0.0408,0.1176,0.0972,0.0859,0.4041,0.3983,1.9082,0.2117,0.138,0.1314,-0.0131
2316,0.9199,0.0,0.0801,282.48,57.75,0.05,0.0465,0.1123,0.097,0.0848,0.4019,0.3928,1.8942,0.2094,0.1371,0.1306,-0.0162
2317,0.9223,0.0,0.0777,291.21,60.45,0.05,0.0427,0.1076,0.097,0.086,0.4068,0.3998,1.9544,0.2137,0.1409,0.1343,-0.0122
2318,0.9218,0.0,0.0782,292.48,61.31,0.05,0.042,0.1135,0.0967,0.0868,0.4058,0.3949,1.9027,0.2094,0.1375,0.131,-0.0118
2319,0.9231,0.0,0.0769,293.05,59.32,0.05,0.0473,0.1229,0.0959,0.0847,0.3996,0.3928,1.8204,0.2036,0.1335,0.1272,-0.0191
2320,0.9214,0.0,0.0786,305.35,62.85,0.05,0.0461,0.1099,0.097,0.0849,0.4032,0.3941,1.8632,0.2035,0.1345,0.1281,-0.0147
2321,0.9222,0.0,0.0778,275.44,56.92,0.05,0.0439,0.1263,0.0975,0.0866,0.4046,0.3973,1.8234,0.2025,0.1325,0.1262,-0.0148
2322,0.924,0.0,0.076,269.49,55.14,0.05,0.0435,0.12,0.0971,0.0849,0.4031,0.3932,1.7785,0.2017,0.1297,0.1235,-0.0155
2323,0.9244,0.0,0.0756,291.17,60.98,0.05,0.0416,0.1114,0.098,0.087,0.4052,0.3966,1.9371,0.2126,0.1396,0.1329,-0.0119
2324,0.9241,0.0,0.0759,285.09,59.18,0.05,0.0446,0.1147,0.0977,0.0856,0.4043,0.3963,1.8912,0.2073,0.1365,0.13,-0.0141
2325,0.9251,0.0,0.0749,273.01,55.77,0.05,0.0461,0.1233,0.0976,0.086,0.4054,0.3953,1.8739,0.2072,0.1363,0.1299,-0.0146
2326,0.9255,0.0,0.0745,308.62,64.04,0.05,0.0487,0.1257,0.0959,0.0839,0.4,0.3894,1.9583,0.2145,0.1405,0.1339,-0.0212
2327,0.9255,0.0,0.0745,302.6,63.18,0.05,0.0445,0.113,0.0978,0.0856,0.4034,0.3972,1.8707,0.206,0.1363,0.1298,-0.0133
2328,0.9266,0.0,0.0734,286.53,59.82,0.05,0.0412,0.1116,0.0992,0.0866,0.4082,0.3969,1.9984,0.2159,0.1421,0.1353,-0.0111
2329,0.9265,0.0,0.0735,280.82,58.23,0.05,0.0449,0.1243,0.0974,0.0853,0.4009,0.3924,1.8438,0.2029,0.1333,0.1269,-0.0163
2330,0.9266,0.0,0.0734,323.93,67.5,0.05,0.0462,0.1104,0.099,0.0863,0.4067,0.3907,1.9514,0.2156,0.1408,0.1341,-0.0121
2331,0.926,0.0,0.074,257.54,52.37,0.05,0.0456,0.1111,0.0982,0.0858,0.4052,0.3939,1.7741,0.1993,0.1292,0.1231,-0.0143
2332,0.9242,0.0,0.0758,327.45,69.16,0.05,0.0481,0.1213,0.0976,0.0857,0.4011,0.3946,1.9689,0.216,0.141,0.1342,-0.0181
2333,0.9234,0.0,0.0766,267.75,55.39,0.05,0.0452,0.1104,0.0997,0.0869,0.4101,0.394,1.7836,0.1988,0.129,0.1227,-0.0112
2334,0.9258,0.0,0.0742,294.4,61.3,0.05,0.0397,0.0987,0.1006,0.0885,0.415,0.4032,1.8457,0.2032,0.1323,0.1259,-0.006
2335,0.9302,0.0,0.0698,303.06,62.6,0.05,0.0457,0.1144,0.0998,0.0866,0.4066,0.3972,1.8602,0.2094,0.1363,0.1299,-0.0126
2336,0.9305,0.0,0.0695,294.15,60.61,0.05,0.0438,0.1175,0.099,0.0871,0.4069,0.3919,1.8618,0.2091,0.1352,0.1288,-0.0133
2337,0.9323,0.0,0.0677,258.26,53.04,0.05,0.0409,0.1013,0.1011,0.0876,0.4127,0.3942,1.7922,0.2006,0.1294,0.1231,-0.0087
2338,0.9333,0.0,0.0667,318.21,65.04,0.05,0.0422,0.1006,0.1006,0.0883,0.4139,0.4003,2.0296,0.2241,0.1461,0.1392,-0.0077
2339,0.9357,0.0,0.0643,294.05,61.24,0.05,0.046,0.1111,0.1,0.0881,0.4099,0.4003,1.9477,0.215,0.141,0.1343,-0.0115
2340,0.9375,0.0,0.0625,292.05,60.18,0.05,0.0413,0.1054,0.1012,0.0877,0.4104,0.3966,1.9444,0.2111,0.1396,0.1328,-0.009
2341,0.94,0.0,0.06,282.51,58.6,0.05,0.0447,0.1082,0.1005,0.0873,0.4122,0.3957,1.9476,0.2168,0.141,0.1342,-0.011
2342,0.9412,0.0,0.0588,283.09,59.39,0.05,0.0439,0.1191,0.0997,0.0865,0.4061,0.3932,1.9219,0.2071,0.1371,0.1304,-0.0137
2343,0.9378,0.0,0.0622,314.24,65.44,0.05,0.0445,0.1237,0.0992,0.0863,0.4045,0.3952,1.9891,0.2136,0.1413,0.1345,-0.0171
2344,0.9366,0.0,0.0634,293.25,60.62,0.05,0.0456,0.1179,0.0996,0.0862,0.4087,0.3959,1.9427,0.2123,0.1403,0.1335,-0.0142
2345,0.9347,0.0,0.0653,265.97,54.8,0.05,0.0451,0.1173,0.0993,0.0865,0.4049,0.3949,1.8155,0.2048,0.1317,0.1253,-0.0155
2346,0.9332,0.0,0.0668,270.4,55.42,0.05,0.0428,0.1241,0.1,0.0867,0.4036,0.3944,1.809,0.2018,0.1307,0.1244,-0.0165
2347,0.9321,0.0,0.0679,265.15,53.47,0.05,0.0423,0.1183,0.0999,0.0882,0.4052,0.3959,1.7596,0.1991,0.1295,0.1234,-0.0148
2348,0.9314,0.0,0.0686,284.91,58.89,0.05,0.0414,0.1172,0.101,0.0879,0.4078,0.3944,1.7953,0.2011,0.1301,0.1238,-0.0129
2349,0.9331,0.0,0.0669,279.95,59.34,0.05,0.0457,0.1213,0.0999,0.0867,0.407,0.3916,1.9248,0.209,0.1374,0.1307,-0.0157
2350,0.9305,0.0,0.0695,323.91,67.9,0.05,0.0475,0.1178,0.1003,0.0859,0.4055,0.3911,2.0833,0.2222,0.149,0.1419,-0.0167
2351,0.9309,0.0,0.0691,290.16,59.61,0.05,0.044,0.11,0.101,0.0879,0.4128,0.3965,1.8241,0.2047,0.1332,0.1268,-0.0106
2352,0.9307,0.0,0.0693,290.66,60.67,0.05,0.0413,0.1086,0.1016,0.088,0.4141,0.3972,1.834,0.2028,0.1326,0.1261,-0.0101
2353,0.9313,0.0,0.0687,279.47,57.67,0.05,0.0389,0.104,0.102,0.0887,0.4092,0.3979,1.7773,0.1996,0.1292,0.123,-0.0088
2354,0.9336,0.0,0.0664,285.15,59.29,0.05,0.0405,0.1063,0.1017,0.0887,0.4152,0.3981,1.8411,0.2036,0.1323,0.1259,-0.0093
2355,0.9343,0.0,0.0657,286.35,59.34,0.05,0.0444,0.1081,0.1005,0.0869,0.4069,0.3938,1.8744,0.2057,0.1349,0.1284,-0.0135
2356,0.9329,0.0,0.0671,294.06,61.09,0.05,0.0415,0.1241,0.1004,0.0873,0.407,0.3937,1.7584,0.2004,0.1282,0.122,-0.0165
2357,0.9337,0.0,0.0663,298.43,62.32,0.05,0.0398,0.1026,0.1023,0.0884,0.4136,0.3959,1.8658,0.2051,0.1339,0.1274,-0.0088
2358,0.9345,0.0,0.0655,312.77,64.91,0.05,0.0433,0.1058,0.1016,0.0878,0.4121,0.3959,1.9761,0.2179,0.1425,0.1358,-0.0118
2359,0.9369,0.0,0.0631,290.86,60.36,0.05,0.0405,0.1123,0.1018,0.0883,0.413,0.3978,1.9063,0.21,0.1368,0.1302,-0.0105
2360,0.9394,0.0,0.0606,288.75,59.22,0.05,0.0408,0.0986,0.1032,0.089,0.4158,0.3996,1.7209,0.1969,0.1261,0.12,-0.0071
2361,0.9429,0.0,0.0571,297.85,61.19,0.05,0.038,0.1012,0.1029,0.0888,0.4165,0.3995,1.8158,0.2058,0.1336,0.1272,-0.0068
2362,0.9429,0.0,0.0571,288.13,60.25,0.05,0.0406,0.1197,0.101,0.0884,0.4108,0.3976,1.8469,0.2031,0.133,0.1265,-0.0144
2363,0.9426,0.0,0.0574,311.8,65.38,0.05,0.0469,0.1129,0.1016,0.0873,0.4101,0.3958,2.0248,0.2193,0.1448,0.1379,-0.013
2364,0.943,0.0,0.057,273.72,56.4,0.05,0.0415,0.1145,0.1026,0.0886,0.4145,0.3965,1.8176,0.2042,0.1315,0.1252,-0.01
2365,0.9458,0.0,0.0542,316.32,66.11,0.05,0.0404,0.1029,0.1037,0.0897,0.4164,0.3993,2.0258,0.2213,0.145,0.1381,-0.0069
2366,0.9462,0.0,0.0538,302.51,62.75,0.05,0.0418,0.1113,0.1029,0.0883,0.4154,0.3943,1.8422,0.2051,0.1327,0.1263,-0.0119
2367,0.9455,0.0,0.0545,310.2,64.15,0.05,0.0447,0.1254,0.1021,0.0867,0.4122,0.3914,1.8704,0.2101,0.1364,0.13,-0.0156
2368,0.9452,0.0,0.0548,302.37,62.58,0.05,0.0409,0.1037,0.1039,0.0891,0.4186,0.3974,1.9017,0.2092,0.1371,0.1306,-0.0084
2369,0.9447,0.0,0.0553,299.72,62.62,0.05,0.0462,0.1204,0.1026,0.0877,0.416,0.3955,1.9329,0.2082,0.1391,0.1325,-0.0137
2370,0.9449,0.0,0.0551,282.86,58.77,0.05,0.0449,0.123,0.1022,0.0883,0.4129,0.395,1.8959,0.21,0.1364,0.1298,-0.0159
2371,0.9433,0.0,0.0567,292.17,61.14,0.05,0.0455,0.1212,0.1027,0.0888,0.4117,0.3977,1.912,0.2123,0.1378,0.1312,-0.0139
2372,0.942,0.0,0.058,265.23,54.49,0.05,0.0433,0.1083,0.1045,0.0896,0.4179,0.3991,1.8601,0.2058,0.1343,0.1278,-0.0088
2373,0.9412,0.0,0.0588,295.58,61.84,0.05,0.0458,0.118,0.1034,0.0887,0.4154,0.3968,1.9435,0.2131,0.139,0.1323,-0.0132
2374,0.9397,0.0,0.0603,275.7,56.71,0.05,0.044,0.1186,0.1027,0.0878,0.4149,0.3927,1.8386,0.2053,0.1328,0.1265,-0.0157
2375,0.9371,0.0,0.0629,272.44,56.39,0.05,0.045,0.1083,0.104,0.0884,0.4159,0.3947,1.8835,0.2097,0.1352,0.1286,-0.0124
2376,0.9354,0.0,0.0646,285.55,57.83,0.05,0.0478,0.119,0.1032,0.0879,0.4128,0.3955,1.869,0.2104,0.1359,0.1295,-0.0152
2377,0.9343,0.0,0.0657,294.71,61.69,0.05,0.0468,0.118,0.1045,0.089,0.4126,0.3957,1.9426,0.2167,0.1399,0.1334,-0.0154
2378,0.936,0.0,0.064,301.68,61.3,0.05,0.0435,0.1126,0.1032,0.0889,0.4151,0.3953,1.7971,0.2031,0.1311,0.1249,-0.0144
2379,0.9355,0.0,0.0645,289.9,59.97,0.05,0.0472,0.1178,0.1036,0.0883,0.4139,0.3935,1.9881,0.2195,0.1418,0.135,-0.0147
2380,0.934,0.0,0.066,311.69,65.46,0.05,0.0455,0.114,0.1041,0.0898,0.4163,0.3983,1.9858,0.2191,0.1417,0.1348,-0.0115
2381,0.9338,0.0,0.0662,299.87,62.65,0.05,0.0425,0.1081,0.1056,0.0906,0.4216,0.4007,1.9848,0.2176,0.1418,0.1349,-0.0085
2382,0.9339,0.0,0.0661,301.77,62.71,0.05,0.0426,0.122,0.1039,0.0889,0.4161,0.398,1.8319,0.2008,0.131,0.1246,-0.0152
2383,0.9332,0.0,0.0668,277.35,57.38,0.05,0.041,0.1043,0.1057,0.0903,0.4219,0.3987,1.8689,0.2089,0.1344,0.1279,-0.0081
2384,0.933,0.0,0.067,290.56,60.13,0.05,0.0444,0.1164,0.1049,0.0899,0.4178,0.3974,1.9214,0.2133,0.139,0.1324,-0.0122
2385,0.9337,0.0,0.0663,286.64,59.14,0.05,0.0394,0.1047,0.1064,0.0912,0.4243,0.4031,1.7196,0.1935,0.1243,0.1181,-0.0076
2386,0.9345,0.0,0.0655,294.38,61.32,0.05,0.0411,0.1142,0.1062,0.0898,0.4211,0.3978,1.8133,0.2017,0.1299,0.1236,-0.0106
2387,0.9348,0.0,0.0652,284.14,58.68,0.05,0.0466,0.1119,0.105,0.0892,0.4207,0.3959,1.8249,0.2049,0.1327,0.1263,-0.014
2388,0.9335,0.0,0.0665,316.07,65.87,0.05,0.0458,0.1246,0.1048,0.0891,0.4166,0.3952,2.0656,0.2247,0.1474,0.1403,-0.015
2389,0.9319,0.0,0.0681,320.73,66.1,0.05,0.0429,0.1305,0.1039,0.089,0.4174,0.393,1.9681,0.2157,0.1408,0.134,-0.0167
2390,0.9306,0.0,0.0694,320.77,65.99,0.05,0.0416,0.1024,0.1072,0.091,0.4285,0.3998,1.9901,0.2211,0.1424,0.1355,-0.0071
2391,0.9297,0.0,0.0703,306.04,63.13,0.05,0.0427,0.1201,0.1055,0.0902,0.4189,0.4033,1.9112,0.2106,0.1375,0.1307,-0.0137
2392,0.9295,0.0,0.0705,302.42,62.96,0.05,0.0422,0.1091,0.1072,0.0912,0.4263,0.4019,1.9217,0.2117,0.1383,0.1315,-0.0074
2393,0.9312,0.0,0.0688,306.38,63.69,0.05,0.0411,0.1108,0.1058,0.0901,0.4229,0.3982,1.8343,0.2067,0.1326,0.126,-0.0105
2394,0.9337,0.0,0.0663,293.8,61.04,0.05,0.0379,0.1001,0.1072,0.0917,0.4248,0.404,1.8764,0.2098,0.1344,0.1276,-0.0059
2395,0.9359,0.0,0.0641,308.17,63.16,0.05,0.0446,0.1122,0.1057,0.0899,0.4203,0.3936,1.9637,0.2193,0.1421,0.1353,-0.0122
2396,0.9356,0.0,0.0644,269.4,55.69,0.05,0.0453,0.1265,0.1052,0.0898,0.4148,0.3977,1.8235,0.2036,0.1311,0.1246,-0.0161
2397,0.9346,0.0,0.0654,352.4,75.22,0.05,0.0431,0.1241,0.1052,0.0907,0.4169,0.4009,2.0718,0.2267,0.1465,0.1393,-0.014
2398,0.9332,0.0,0.0668,298.19,62.07,0.05,0.0466,0.1375,0.1043,0.0894,0.4126,0.3959,1.8814,0.2096,0.1362,0.1296,-0.0196
2399,0.932,0.0,0.068,311.97,64.52,0.05,0.041,0.1172,0.1066,0.0907,0.4206,0.3984,1.9682,0.215,0.1402,0.1334,-0.0115
2400,0.9305,0.0,0.0695,297.07,62.31,0.05,0.043,0.1304,0.1046,0.0896,0.4137,0.3975,1.867,0.2071,0.1341,0.1276,-0.0171
2401,0.9306,0.0,0.0694,310.7,64.53,0.05,0.0408,0.1133,0.1067,0.0906,0.4211,0.3988,1.9868,0.22,0.1423,0.1353,-0.0102
2402,0.934,0.0,0.066,284.21,58.63,0.05,0.0389,0.1121,0.1064,0.0905,0.4215,0.3967,1.8377,0.2058,0.1325,0.126,-0.0111
2403,0.9358,0.0,0.0642,303.08,63.24,0.05,0.0414,0.1139,0.1061,0.0904,0.4211,0.3983,1.9748,0.2182,0.1417,0.1349,-0.0117
2404,0.937,0.0,0.063,298.66,61.58,0.05,0.0456,0.1228,0.106,0.0901,0.4173,0.3979,1.9079,0.2116,0.1364,0.1297,-0.0148
2405,0.9374,0.0,0.0626,282.34,57.85,0.05,0.0435,0.1172,0.1065,0.0899,0.4165,0.3976,1.8172,0.2045,0.1313,0.1248,-0.0142
2406,0.9374,0.0,0.0626,261.84,54.16,0.05,0.0399,0.1084,0.1073,0.0908,0.4235,0.3973,1.7904,0.2016,0.1289,0.1225,-0.0103
2407,0.9382,0.0,0.0618,295.22,61.9,0.05,0.0418,0.1077,0.1081,0.0909,0.4245,0.4048,2.0333,0.2237,0.1449,0.1378,-0.0094
2408,0.9381,0.0002,0.0619,295.75,61.47,0.05,0.0451,0.1204,0.1067,0.0901,0.4198,0.3967,1.8457,0.2102,0.1343,0.1277,-0.0128
2409,0.9369,0.0002,0.0631,276.29,56.8,0.05,0.0469,0.1216,0.1055,0.0898,0.4143,0.3951,1.7902,0.2033,0.1306,0.1243,-0.0162
2410,0.937,0.0002,0.063,290.33,59.9,0.05,0.0398,0.1029,0.1078,0.0914,0.4238,0.4014,1.7949,0.2041,0.1301,0.1237,-0.0075
2411,0.9379,0.0002,0.0621,298.58,63.45,0.05,0.04,0.1091,0.1078,0.0914,0.4228,0.4009,1.9685,0.2165,0.1402,0.1332,-0.0082
2412,0.9389,0.0002,0.0611,274.58,57.78,0.05,0.0419,0.1158,0.1072,0.0898,0.4176,0.3975,1.8362,0.2069,0.1316,0.1251,-0.0123
2413,0.9386,0.0002,0.0614,284.12,59.24,0.05,0.0435,0.1111,0.1077,0.0909,0.4226,0.3986,1.8466,0.2071,0.1337,0.1272,-0.0106
2414,0.9374,0.0002,0.0626,278.53,57.72,0.05,0.046,0.1196,0.1068,0.0906,0.4208,0.3968,1.8711,0.208,0.1351,0.1285,-0.0135
2415,0.9364,0.0002,0.0636,298.57,62.55,0.05,0.0439,0.1145,0.107,0.0909,0.4179,0.3976,1.9215,0.2141,0.1368,0.1302,-0.0127
2416,0.9385,0.0002,0.0615,298.61,61.37,0.05,0.0436,0.1146,0.1088,0.0915,0.4219,0.3993,1.9589,0.2188,0.1413,0.1346,-0.0097
2417,0.9388,0.0002,0.0612,308.13,64.4,0.05,0.0414,0.1267,0.1073,0.0906,0.4205,0.396,1.7694,0.2008,0.1287,0.1225,-0.0149
2418,0.9379,0.0002,0.0621,301.83,62.91,0.05,0.0422,0.1073,0.1093,0.0922,0.4245,0.4001,1.9166,0.2144,0.1374,0.1308,-0.009
2419,0.9394,0.0002,0.0606,311.34,66.93,0.05,0.0419,0.1094,0.1092,0.0916,0.4249,0.4016,2.0014,0.221,0.1413,0.1343,-0.0098
2420,0.9396,0.0002,0.0604,272.89,56.21,0.05,0.0444,0.1216,0.1073,0.0908,0.4184,0.4011,1.7615,0.1986,0.1266,0.1203,-0.0157
2421,0.94,0.0002,0.06,294.93,61.9,0.05,0.0417,0.1113,0.1096,0.0921,0.4251,0.4013,1.8724,0.2122,0.1348,0.1283,-0.0089
2422,0.9409,0.0002,0.0591,322.77,67.38,0.05,0.0414,0.1083,0.1097,0.0924,0.4261,0.4044,2.0358,0.2268,0.1446,0.1375,-0.0085
2423,0.9417,0.0002,0.0583,323.89,67.11,0.05,0.0431,0.1085,0.1096,0.0919,0.43,0.3997,1.9484,0.2182,0.1395,0.1327,-0.0092
2424,0.9439,0.0002,0.0561,307.97,64.59,0.05,0.0446,0.1139,0.108,0.091,0.4231,0.3987,1.8829,0.2137,0.1358,0.1291,-0.014
2425,0.9442,0.0002,0.0558,289.45,60.06,0.05,0.0409,0.1133,0.1084,0.0917,0.4244,0.4009,1.8164,0.2081,0.1318,0.1253,-0.0118
2426,0.9433,0.0002,0.0567,292.41,61.05,0.05,0.0432,0.1127,0.109,0.0919,0.4274,0.4019,2.0416,0.2275,0.1447,0.1375,-0.0102
2427,0.9439,0.0002,0.0561,290.6,60.38,0.05,0.0405,0.1015,0.1101,0.0922,0.4291,0.4004,1.9321,0.2202,0.1387,0.1318,-0.0067
2428,0.9428,0.0002,0.0572,273.51,56.23,0.05,0.046,0.1159,0.1085,0.0914,0.4215,0.4025,1.8871,0.2122,0.1354,0.1287,-0.014
2429,0.9417,0.0,0.0583,276.29,57.39,0.05,0.0429,0.1123,0.1091,0.0916,0.426,0.3982,1.8102,0.2043,0.1293,0.1228,-0.0118
2430,0.9412,0.0,0.0588,281.92,58.88,0.05,0.0424,0.1181,0.109,0.0916,0.4263,0.4025,1.8666,0.211,0.1332,0.1265,-0.0109
2431,0.9406,0.0,0.0594,313.68,64.84,0.05,0.0435,0.1092,0.1099,0.0926,0.4276,0.4001,1.9918,0.2228,0.1429,0.1359,-0.0091
2432,0.9415,0.0,0.0585,314.06,65.63,0.05,0.0401,0.1105,0.1103,0.0926,0.4292,0.4002,1.8866,0.2131,0.1355,0.1288,-0.0085
2433,0.9423,0.0,0.0577,321.53,67.12,0.05,0.0431,0.1134,0.11,0.0918,0.4279,0.3999,2.0232,0.2272,0.1439,0.1367,-0.0106
2434,0.9422,0.0,0.0578,291.77,59.99,0.05,0.0427,0.1093,0.11,0.0922,0.4287,0.3977,1.8277,0.2092,0.1318,0.1253,-0.0096
2435,0.9427,0.0,0.0573,287.65,59.33,0.05,0.0407,0.1081,0.1108,0.0923,0.4293,0.4008,1.8834,0.2143,0.1354,0.1286,-0.0089
2436,0.9442,0.0,0.0558,326.87,68.6,0.05,0.042,0.1069,0.1106,0.0923,0.4283,0.3995,2.0091,0.2273,0.1447,0.1376,-0.0088
2437,0.9465,0.0,0.0535,284.52,57.75,0.05,0.0409,0.1099,0.1104,0.0921,0.4289,0.3965,1.7658,0.2068,0.1296,0.1233,-0.0101
2438,0.9485,0.0,0.0515,296.33,61.51,0.05,0.0394,0.1097,0.1106,0.0926,0.4315,0.3982,1.9082,0.216,0.1361,0.1292,-0.0095
2439,0.9493,0.0,0.0507,296.96,62.17,0.05,0.0406,0.1103,0.11,0.0911,0.43,0.397,1.9385,0.2187,0.1385,0.1316,-0.0103
2440,0.9485,0.0,0.0515,282.32,59.6,0.05,0.0459,0.1125,0.1095,0.0911,0.4251,0.4006,1.8102,0.2033,0.1303,0.1238,-0.0138
2441,0.9467,0.0,0.0533,288.26,60.01,0.05,0.0415,0.1138,0.1105,0.0913,0.4242,0.3987,1.8469,0.2064,0.1319,0.1253,-0.013
2442,0.9445,0.0,0.0555,298.97,63.37,0.05,0.0437,0.106,0.1098,0.0912,0.4262,0.396,2.0928,0.2264,0.1464,0.139,-0.0095
2443,0.9464,0.0,0.0536,296.77,62.21,0.05,0.0387,0.1073,0.1106,0.0918,0.429,0.3989,1.888,0.2132,0.136,0.1292,-0.0095
2444,0.9475,0.0,0.0525,284.5,58.64,0.05,0.0422,0.1053,0.1106,0.092,0.4298,0.3984,1.9899,0.2233,0.143,0.1358,-0.0075
2445,0.9492,0.0,0.0508,282.49,58.15,0.05,0.0434,0.1079,0.1096,0.0911,0.4252,0.3982,1.8775,0.2117,0.1347,0.128,-0.0114
2446,0.9498,0.0,0.0502,296.16,61.38,0.05,0.0451,0.1216,0.1087,0.0906,0.4239,0.395,1.8052,0.205,0.1305,0.124,-0.0151
2447,0.9488,0.0,0.0512,310.52,64.65,0.05,0.0433,0.1088,0.111,0.0919,0.4292,0.4002,2.0156,0.222,0.1441,0.1369,-0.0094
2448,0.9482,0.0,0.0518,323.67,68.14,0.05,0.0407,0.1065,0.1104,0.0917,0.4321,0.3973,1.9401,0.2148,0.1381,0.1312,-0.0094
2449,0.9467,0.0,0.0533,305.21,63.8,0.05,0.0437,0.1145,0.11,0.0912,0.4241,0.3989,1.914,0.2103,0.1362,0.1294,-0.013
2450,0.9483,0.0,0.0517,294.74,62.33,0.05,0.0422,0.1136,0.1109,0.092,0.4283,0.3953,1.8767,0.2102,0.134,0.1272,-0.0109
2451,0.9464,0.0,0.0536,300.1,62.1,0.05,0.0439,0.1165,0.1106,0.0921,0.4298,0.3983,1.9582,0.2168,0.1385,0.1315,-0.0112
2452,0.9473,0.0,0.0527,294.98,61.43,0.05,0.0412,0.1049,0.1123,0.0922,0.4325,0.4015,1.8614,0.2108,0.1334,0.1268,-0.0075
2453,0.9483,0.0,0.0517,321.0,67.73,0.05,0.0417,0.1138,0.1113,0.0932,0.4327,0.3992,2.0303,0.2256,0.1443,0.1371,-0.0091
2454,0.9485,0.0,0.0515,298.87,62.74,0.05,0.0436,0.1126,0.1105,0.0912,0.4302,0.396,1.9527,0.2192,0.1397,0.1328,-0.0112
2455,0.9451,0.0,0.0549,300.21,62.69,0.05,0.0435,0.1086,0.1108,0.0919,0.4307,0.3969,1.9543,0.2183,0.1393,0.1324,-0.0118
2456,0.943,0.0,0.057,292.93,62.52,0.05,0.0428,0.1196,0.111,0.0924,0.4278,0.3973,2.0063,0.2205,0.1415,0.1344,-0.0121
2457,0.9428,0.0,0.0572,307.98,64.66,0.05,0.0435,0.1235,0.1109,0.0911,0.4296,0.3947,2.0296,0.2261,0.1451,0.1379,-0.0135
2458,0.9411,0.0,0.0589,305.05,62.85,0.05,0.0424,0.1137,0.1114,0.0921,0.4307,0.3966,1.9644,0.2216,0.1421,0.1352,-0.0107
2459,0.9413,0.0,0.0587,279.2,58.35,0.05,0.0403,0.1065,0.112,0.0923,0.4324,0.3954,1.7825,0.2032,0.1274,0.1209,-0.0082
2460,0.9407,0.0,0.0593,260.56,53.63,0.05,0.0439,0.1208,0.1104,0.0916,0.4292,0.3953,1.8884,0.2125,0.1357,0.1289,-0.0134
2461,0.9374,0.0,0.0626,293.51,61.52,0.05,0.0409,0.1211,0.1109,0.0926,0.4291,0.3989,1.8928,0.2144,0.1361,0.1293,-0.0124
2462,0.9378,0.0,0.0622,266.88,55.67,0.05,0.038,0.1087,0.1124,0.0928,0.4346,0.3997,1.7978,0.2028,0.1283,0.1218,-0.0087
2463,0.9383,0.0,0.0617,303.43,64.07,0.05,0.043,0.1133,0.1103,0.0917,0.4308,0.3978,1.9101,0.2154,0.137,0.1301,-0.0126
2464,0.9388,0.0,0.0612,302.08,63.66,0.05,0.0408,0.1105,0.1117,0.0934,0.4327,0.3997,1.9313,0.2139,0.1359,0.129,-0.0098
2465,0.9405,0.0,0.0595,286.55,59.55,0.05,0.0427,0.1107,0.1117,0.0925,0.4334,0.3998,1.9857,0.2217,0.1424,0.1353,-0.0097
2466,0.9414,0.0,0.0586,305.9,64.36,0.05,0.0397,0.1138,0.1125,0.0931,0.4348,0.401,1.9837,0.2249,0.1408,0.1336,-0.0087
2467,0.9411,0.0,0.0589,307.48,63.68,0.05,0.0435,0.131,0.1109,0.092,0.4264,0.3958,2.0091,0.2249,0.1427,0.1355,-0.0147
2468,0.9428,0.0,0.0572,301.85,64.09,0.05,0.0399,0.1064,0.1122,0.093,0.4351,0.4,1.9828,0.221,0.1395,0.1324,-0.0086
2469,0.9437,0.0,0.0563,306.51,64.25,0.05,0.0385,0.1115,0.112,0.0936,0.433,0.4001,1.99,0.2215,0.1409,0.1338,-0.0089
2470,0.9451,0.0,0.0549,303.48,64.63,0.05,0.037,0.1068,0.1129,0.094,0.4397,0.4018,1.8913,0.2131,0.1338,0.1269,-0.0068
2471,0.9459,0.0,0.0541,293.71,62.18,0.05,0.0436,0.1115,0.1108,0.0916,0.4296,0.3967,1.8854,0.2124,0.1349,0.1281,-0.0138
2472,0.9443,0.0,0.0557,294.87,61.35,0.05,0.0438,0.1197,0.1117,0.0919,0.4322,0.3972,1.8519,0.2114,0.1328,0.1262,-0.014
2473,0.9415,0.0,0.0585,287.33,60.37,0.05,0.0408,0.1236,0.1109,0.0927,0.4332,0.3979,1.8064,0.207,0.1293,0.1227,-0.0126
2474,0.9418,0.0,0.0582,294.91,62.14,0.05,0.0404,0.0997,0.1138,0.094,0.4387,0.3996,1.99,0.2228,0.1418,0.1347,-0.0058
2475,0.9431,0.0,0.0569,308.12,63.91,0.05,0.0442,0.1145,0.1133,0.0928,0.4348,0.4004,1.9175,0.2149,0.1372,0.1303,-0.0107
2476,0.9434,0.0,0.0566,292.09,62.09,0.05,0.0423,0.118,0.1129,0.0938,0.4351,0.4001,1.9999,0.2239,0.1423,0.1352,-0.0101
2477,0.9453,0.0,0.0547,321.4,67.06,0.05,0.0416,0.1084,0.1126,0.0925,0.4369,0.3956,1.9336,0.2183,0.1379,0.1309,-0.0097
2478,0.9459,0.0,0.0541,265.95,54.95,0.05,0.0418,0.1064,0.1134,0.0929,0.4371,0.3968,1.8188,0.2082,0.131,0.1244,-0.0086
2479,0.9479,0.0,0.0521,292.47,61.06,0.05,0.0382,0.1006,0.1147,0.0947,0.4419,0.4022,1.9038,0.2168,0.136,0.1292,-0.0042
2480,0.9481,0.0,0.0519,290.82,59.84,0.05,0.0417,0.1112,0.1127,0.0933,0.4352,0.4007,1.8906,0.2123,0.1354,0.1287,-0.0106
2481,0.9483,0.0,0.0517,275.12,55.85,0.05,0.0439,0.1151,0.1121,0.0926,0.4319,0.4,1.938,0.2188,0.1395,0.1325,-0.0126
2482,0.9479,0.0,0.0521,304.45,64.3,0.05,0.0445,0.1129,0.1128,0.092,0.4334,0.3986,2.094,0.2306,0.1481,0.1407,-0.0124
2483,0.9455,0.0,0.0545,304.04,63.81,0.05,0.0446,0.1293,0.1117,0.0921,0.4297,0.3955,1.882,0.2124,0.1343,0.1275,-0.0156
2484,0.943,0.0,0.057,269.65,56.02,0.05,0.0412,0.1155,0.1141,0.0933,0.4404,0.3995,1.7985,0.2049,0.1286,0.1221,-0.0088
2485,0.9442,0.0,0.0558,298.35,62.61,0.05,0.0426,0.1037,0.1152,0.0937,0.4411,0.4028,1.993,0.2222,0.1417,0.1346,-0.0063
2486,0.9462,0.0,0.0538,294.03,61.11,0.05,0.0392,0.1043,0.1145,0.0935,0.4389,0.4,1.8372,0.2083,0.1321,0.1255,-0.0078
2487,0.9446,0.0,0.0554,309.95,63.54,0.05,0.0449,0.1269,0.1125,0.0916,0.4307,0.395,1.9786,0.2222,0.1421,0.135,-0.0151
2488,0.9456,0.0,0.0544,321.51,67.9,0.05,0.0426,0.113,0.1149,0.0938,0.4382,0.399,1.9458,0.2194,0.1395,0.1325,-0.009
2489,0.9464,0.0,0.0536,299.48,63.04,0.05,0.0437,0.1161,0.1145,0.093,0.4402,0.4002,1.8871,0.2127,0.1342,0.1275,-0.0098
2490,0.9466,0.0,0.0534,273.19,55.78,0.05,0.0386,0.1246,0.1132,0.0931,0.4369,0.4018,1.8109,0.2052,0.13,0.1234,-0.0129
2491,0.9448,0.0,0.0552,294.51,61.84,0.05,0.0437,0.1244,0.1133,0.093,0.4383,0.3995,1.895,0.2132,0.1354,0.1286,-0.0127
2492,0.9448,0.0,0.0552,285.17,60.27,0.05,0.0443,0.1091,0.1149,0.0934,0.4403,0.3975,1.8933,0.2147,0.1356,0.1288,-0.008
2493,0.9453,0.0,0.0547,321.73,67.42,0.05,0.0459,0.1161,0.1139,0.0922,0.4341,0.3966,2.0129,0.2237,0.1428,0.1357,-0.0121
2494,0.9446,0.0,0.0554,313.59,66.47,0.05,0.0416,0.1204,0.1145,0.0937,0.4357,0.4021,2.0015,0.2196,0.1408,0.1337,-0.0111
2495,0.9451,0.0,0.0549,300.12,62.64,0.05,0.0428,0.1147,0.1138,0.0928,0.4386,0.3989,1.9302,0.214,0.1371,0.1303,-0.0113
2496,0.9432,0.0,0.0568,291.66,61.86,0.05,0.0439,0.1195,0.1141,0.0927,0.4362,0.4003,1.8911,0.2108,0.134,0.1271,-0.0114
2497,0.9437,0.0,0.0563,295.28,61.27,0.05,0.0453,0.1191,0.1149,0.0926,0.4399,0.3967,1.9533,0.2203,0.1392,0.1323,-0.0101
2498,0.9428,0.0,0.0572,288.58,60.98,0.05,0.0456,0.1174,0.114,0.0921,0.4344,0.3996,2.0105,0.2214,0.142,0.1349,-0.0129
2499,0.9434,0.0,0.0566,282.16,58.77,0.05,0.0442,0.1201,0.115,0.0929,0.4379,0.398,2.005,0.2265,0.1425,0.1353,-0.0101
2500,0.9381,0.0,0.0619,309.61,64.8,0.025,0.053,0.1873,0.1058,0.0862,0.4137,0.381,2.0431,0.2331,0.1446,0.1375,-0.0348
2501,0.9202,0.0,0.0798,274.14,56.47,0.025,0.0535,0.2341,0.1021,0.0829,0.3997,0.3686,1.782,0.2276,0.1287,0.1224,-0.0459
2502,0.9034,0.0,0.0966,260.02,53.73,0.025,0.0416,0.3009,0.0996,0.0836,0.3952,0.3651,1.6973,0.2244,0.1247,0.1185,-0.0462
2503,0.8873,0.0,0.1127,265.56,55.28,0.025,0.0448,0.2996,0.1009,0.0845,0.3948,0.3702,1.764,0.2393,0.1272,0.1208,-0.0429
2504,0.8763,0.0,0.1237,268.15,55.96,0.025,0.0369,0.2917,0.1037,0.0866,0.4051,0.3751,1.6972,0.2393,0.1226,0.1164,-0.0357
2505,0.8677,0.0,0.1323,260.65,54.4,0.025,0.0437,0.2973,0.1031,0.0853,0.3974,0.3719,1.6059,0.2449,0.1184,0.1125,-0.0399
2506,0.8542,0.0,0.1458,243.41,49.52,0.025,0.0437,0.3349,0.0987,0.0827,0.39,0.3649,1.6576,0.2542,0.1214,0.1154,-0.0509
2507,0.8423,0.0,0.1577,247.9,52.29,0.025,0.039,0.3195,0.1005,0.084,0.3989,0.3688,1.6539,0.2619,0.12,0.114,-0.0427
2508,0.8353,0.0,0.1647,264.28,56.0,0.025,0.0404,0.2974,0.1022,0.0858,0.3979,0.37,1.617,0.2671,0.1187,0.1128,-0.0393
2509,0.8307,0.0,0.1693,271.94,58.41,0.025,0.0391,0.3057,0.1036,0.0863,0.401,0.3751,1.6808,0.2814,0.1236,0.1175,-0.0361
2510,0.8273,0.0,0.1727,265.33,56.4,0.025,0.044,0.3076,0.1019,0.0837,0.3963,0.3724,1.642,0.2824,0.1194,0.1134,-0.0412
2511,0.8233,0.0001,0.1767,257.42,54.35,0.025,0.0416,0.305,0.1038,0.0858,0.4037,0.3736,1.7169,0.2976,0.124,0.1178,-0.0377
2512,0.8162,0.0002,0.1838,250.08,52.73,0.025,0.0446,0.3269,0.0999,0.0817,0.3929,0.3657,1.5987,0.2895,0.1171,0.1114,-0.0482
2513,0.8097,0.0002,0.1903,255.6,54.37,0.025,0.0394,0.3155,0.1013,0.0837,0.3948,0.37,1.6742,0.302,0.1213,0.1152,-0.0436
2514,0.8058,0.0002,0.1942,250.33,54.09,0.025,0.0431,0.2985,0.1037,0.0855,0.401,0.3695,1.5643,0.2946,0.1141,0.1083,-0.0373
2515,0.7998,0.0002,0.2002,246.38,53.69,0.025,0.041,0.3199,0.1005,0.0834,0.3927,0.3677,1.5933,0.3033,0.1163,0.1104,-0.0464
2516,0.7951,0.0002,0.2049,252.46,55.77,0.025,0.0389,0.2973,0.1049,0.0865,0.4024,0.3748,1.5711,0.3097,0.1149,0.109,-0.036
2517,0.7911,0.0002,0.2089,257.91,56.13,0.025,0.0421,0.3115,0.1025,0.0841,0.3974,0.3683,1.5872,0.3031,0.1157,0.1098,-0.0414
2518,0.7865,0.0002,0.2135,233.48,50.79,0.025,0.0418,0.3084,0.1025,0.085,0.4013,0.3704,1.6378,0.3195,0.1187,0.1126,-0.0414
2519,0.7847,0.0002,0.2153,257.45,55.71,0.025,0.0392,0.2998,0.1039,0.086,0.4018,0.3762,1.7624,0.3342,0.125,0.1185,-0.0352
2520,0.7839,0.0002,0.2161,253.13,55.77,0.025,0.044,0.3255,0.1016,0.0847,0.3953,0.3728,1.6413,0.3172,0.1174,0.1113,-0.0456
2521,0.7825,0.0002,0.2175,247.18,53.66,0.025,0.0394,0.2921,0.1058,0.0866,0.4048,0.3775,1.6193,0.3134,0.1165,0.1105,-0.0352
2522,0.7847,0.0002,0.2153,257.78,56.35,0.025,0.0388,0.2896,0.1071,0.087,0.4095,0.3775,1.6796,0.3311,0.1215,0.1153,-0.0313
2523,0.7906,0.0002,0.2094,249.5,53.96,0.025,0.0388,0.2755,0.1073,0.0876,0.4082,0.3772,1.6152,0.3254,0.1177,0.1117,-0.0302
2524,0.7964,0.0,0.2036,246.47,55.41,0.025,0.0394,0.2741,0.1069,0.0875,0.406,0.3782,1.654,0.3256,0.1188,0.1126,-0.0312
2525,0.7996,0.0,0.2004,243.01,52.48,0.025,0.0416,0.2756,0.1069,0.0878,0.4105,0.3785,1.6395,0.3285,0.1189,0.1128,-0.0305
2526,0.8038,0.0,0.1962,255.72,55.48,0.025,0.0418,0.2989,0.1049,0.0853,0.4038,0.377,1.6694,0.3276,0.1215,0.1153,-0.038
2527,0.8071,0.0,0.1929,241.26,51.23,0.025,0.0448,0.3157,0.1027,0.0847,0.3985,0.3728,1.6528,0.3277,0.119,0.1129,-0.0421
2528,0.807,0.0,0.193,243.74,52.47,0.025,0.043,0.2983,0.1049,0.0856,0.4005,0.3711,1.6552,0.3258,0.12,0.1139,-0.038
2529,0.8082,0.0,0.1918,246.21,54.28,0.025,0.0416,0.2855,0.1061,0.0857,0.4072,0.3773,1.5906,0.3243,0.1159,0.11,-0.0349
2530,0.811,0.0,0.189,270.53,59.59,0.025,0.0362,0.2785,0.1089,0.0886,0.4095,0.38,1.7199,0.3416,0.1245,0.1181,-0.0271
2531,0.8137,0.0002,0.1863,265.98,59.74,0.025,0.0381,0.2791,0.1072,0.087,0.408,0.3792,1.6906,0.3367,0.1203,0.1139,-0.031
2532,0.8144,0.0002,0.1856,260.24,57.05,0.025,0.0438,0.298,0.1051,0.0846,0.3998,0.3717,1.6264,0.3272,0.1187,0.1128,-0.0387
2533,0.8156,0.0002,0.1843,275.22,59.96,0.025,0.0411,0.2801,0.107,0.087,0.4048,0.373,1.6321,0.3282,0.119,0.1128,-0.0325
2534,0.8169,0.0002,0.1829,232.98,50.51,0.025,0.043,0.3018,0.1048,0.0843,0.4014,0.3726,1.6924,0.3332,0.1206,0.1144,-0.038
2535,0.8143,0.0003,0.1853,254.07,55.24,0.025,0.0407,0.3029,0.1051,0.0851,0.4002,0.3694,1.6605,0.3261,0.1185,0.1123,-0.0382
2536,0.8123,0.0005,0.1872,266.93,58.39,0.025,0.0403,0.2981,0.1061,0.0857,0.4,0.3768,1.6045,0.3153,0.1165,0.1105,-0.0369
2537,0.812,0.0005,0.1875,270.15,60.27,0.025,0.0429,0.3014,0.1054,0.0856,0.403,0.374,1.7317,0.3386,0.1236,0.1172,-0.0354
2538,0.8144,0.0005,0.1851,259.08,56.35,0.025,0.0448,0.2996,0.1068,0.0852,0.4053,0.3727,1.6419,0.3297,0.1185,0.1124,-0.0353
2539,0.8136,0.0004,0.1861,264.17,57.64,0.025,0.0486,0.3008,0.1051,0.0846,0.3969,0.372,1.5967,0.3171,0.116,0.11,-0.0406
2540,0.8087,0.0002,0.1911,275.38,60.6,0.025,0.0444,0.3156,0.1035,0.0847,0.3978,0.371,1.6271,0.3186,0.1166,0.1104,-0.0425
2541,0.8039,0.0002,0.1959,241.1,51.95,0.025,0.0452,0.3028,0.1056,0.0841,0.3997,0.3689,1.6489,0.3269,0.1199,0.1138,-0.0402
2542,0.8044,0.0,0.1955,290.08,64.82,0.025,0.0429,0.2741,0.1082,0.0868,0.4075,0.3791,1.701,0.3321,0.1227,0.1163,-0.029
2543,0.8087,0.0,0.1913,275.35,59.51,0.025,0.0393,0.2783,0.1085,0.0877,0.4103,0.3768,1.7443,0.3497,0.1263,0.1198,-0.0279
2544,0.8112,0.0,0.1888,252.5,55.17,0.025,0.0464,0.2851,0.1067,0.0854,0.4049,0.3704,1.6598,0.3284,0.1201,0.1139,-0.0345
2545,0.8125,0.0,0.1875,244.64,54.14,0.025,0.0436,0.2925,0.1073,0.0853,0.4029,0.3734,1.6605,0.3308,0.1191,0.1128,-0.0345
2546,0.8171,0.0,0.1829,249.63,55.03,0.025,0.0421,0.2764,0.1091,0.0871,0.4106,0.3784,1.5942,0.3192,0.1155,0.1094,-0.0277
2547,0.8218,0.0,0.1782,245.68,53.11,0.025,0.0418,0.2851,0.1075,0.0865,0.4046,0.3748,1.5049,0.3059,0.11,0.1042,-0.0332
2548,0.8232,0.0,0.1768,224.0,46.82,0.025,0.0421,0.2769,0.1086,0.0869,0.4098,0.3767,1.543,0.32,0.1136,0.1078,-0.0312
2549,0.8231,0.0,0.1769,264.75,56.47,0.025,0.0483,0.2955,0.1067,0.0851,0.4007,0.3716,1.6291,0.3326,0.1206,0.1145,-0.0361
2550,0.8238,0.0,0.1762,273.18,60.59,0.025,0.0439,0.2904,0.1073,0.0865,0.4044,0.3726,1.6722,0.3337,0.1213,0.1151,-0.0336
2551,0.8227,0.0,0.1773,267.23,58.52,0.025,0.0453,0.2828,0.1075,0.0863,0.4054,0.3754,1.7532,0.3436,0.125,0.1185,-0.032
2552,0.823,0.0002,0.177,241.36,52.23,0.025,0.0444,0.2918,0.1068,0.0854,0.4033,0.3754,1.649,0.3303,0.1191,0.113,-0.037
2553,0.8208,0.0002,0.1792,247.42,54.06,0.025,0.0423,0.283,0.1074,0.0858,0.4065,0.3737,1.682,0.3447,0.1219,0.1156,-0.034
2554,0.8202,0.0002,0.1798,254.38,56.33,0.025,0.0439,0.2621,0.1107,0.0874,0.4119,0.3778,1.7597,0.3478,0.1261,0.1196,-0.0269
2555,0.8254,0.0002,0.1746,259.39,55.92,0.025,0.0417,0.2679,0.1101,0.0881,0.4128,0.3767,1.7085,0.3417,0.1237,0.1173,-0.0257
2556,0.8262,0.0002,0.1738,255.64,57.32,0.025,0.044,0.2809,0.1082,0.0864,0.407,0.3727,1.6584,0.3364,0.1208,0.1145,-0.032
2557,0.8283,0.0002,0.1717,252.09,54.82,0.025,0.0423,0.2833,0.1093,0.0873,0.4028,0.3728,1.6582,0.3442,0.1203,0.1142,-0.0314
2558,0.8332,0.0002,0.1668,262.28,57.85,0.025,0.0409,0.2686,0.1103,0.0885,0.4139,0.3762,1.7009,0.3449,0.1226,0.1162,-0.0271
2559,0.8381,0.0002,0.1619,278.42,61.68,0.025,0.0416,0.2725,0.1091,0.0875,0.4069,0.3747,1.6743,0.3422,0.1214,0.1152,-0.0287
2560,0.8412,0.0002,0.1588,281.18,62.44,0.025,0.0464,0.2749,0.1099,0.0864,0.4053,0.3763,1.6758,0.3511,0.1222,0.116,-0.0323
2561,0.8417,0.0002,0.1583,288.18,65.29,0.025,0.0443,0.2646,0.1107,0.0885,0.4135,0.3772,1.8427,0.3735,0.1306,0.1237,-0.0253
2562,0.8437,0.0002,0.1563,261.35,57.17,0.025,0.0436,0.2748,0.1092,0.087,0.4067,0.3726,1.6206,0.3379,0.1185,0.1123,-0.0314
2563,0.8449,0.0002,0.1551,265.03,58.43,0.025,0.0438,0.2825,0.1088,0.0867,0.4036,0.3742,1.7352,0.3531,0.1251,0.1187,-0.0328
2564,0.8432,0.0002,0.1568,248.79,53.9,0.025,0.0426,0.2728,0.1087,0.0863,0.4093,0.3726,1.6608,0.3469,0.1202,0.114,-0.0326
2565,0.844,0.0002,0.156,258.92,56.73,0.025,0.0449,0.2669,0.1093,0.0881,0.4076,0.3731,1.6992,0.3518,0.1226,0.1163,-0.0286
2566,0.8443,0.0002,0.1557,289.85,64.35,0.025,0.0435,0.2804,0.1085,0.0865,0.4034,0.3701,1.7198,0.3498,0.1243,0.1179,-0.0334
2567,0.8429,0.0002,0.1571,255.36,56.22,0.025,0.0407,0.2706,0.1093,0.0872,0.4064,0.3761,1.5239,0.3267,0.113,0.1071,-0.0311
2568,0.8429,0.0003,0.1571,245.23,52.96,0.025,0.0482,0.2735,0.1093,0.0858,0.4026,0.373,1.6102,0.3331,0.1166,0.1105,-0.0328
2569,0.8428,0.0005,0.1572,273.6,60.64,0.025,0.0421,0.2773,0.1102,0.0876,0.4115,0.3759,1.7061,0.3484,0.1223,0.1159,-0.028
2570,0.8439,0.0005,0.1561,288.13,64.03,0.025,0.0422,0.258,0.1099,0.0874,0.4095,0.3772,1.767,0.3472,0.1255,0.1189,-0.0262
2571,0.8457,0.0003,0.1543,271.44,61.06,0.025,0.0463,0.2634,0.1095,0.0863,0.4094,0.3746,1.7516,0.3523,0.1253,0.1189,-0.0301
2572,0.8459,0.0003,0.1541,254.56,55.92,0.025,0.0421,0.2707,0.1097,0.0881,0.4109,0.3759,1.7016,0.3488,0.1227,0.1162,-0.0273
2573,0.8469,0.0005,0.1528,269.2,59.72,0.025,0.0447,0.2702,0.1108,0.088,0.4082,0.3785,1.7836,0.3614,0.1275,0.1209,-0.0288
2574,0.8486,0.0005,0.1512,255.65,56.05,0.025,0.0444,0.2822,0.1092,0.0867,0.4086,0.3775,1.7763,0.3626,0.1279,0.1212,-0.0303
2575,0.8454,0.0006,0.1544,233.01,51.51,0.025,0.0426,0.2639,0.11,0.0865,0.4118,0.3723,1.7542,0.3519,0.125,0.1184,-0.0318
2576,0.8481,0.0007,0.1517,283.06,61.94,0.025,0.0424,0.2606,0.1111,0.0881,0.4138,0.377,1.7449,0.3554,0.1267,0.1202,-0.0266
2577,0.8492,0.0007,0.1505,271.37,60.66,0.025,0.0431,0.2634,0.1104,0.087,0.4089,0.3757,1.6691,0.3483,0.1206,0.1142,-0.0283
2578,0.8506,0.0007,0.1492,256.6,54.63,0.025,0.0424,0.2856,0.1095,0.0873,0.4078,0.3698,1.7064,0.3482,0.1232,0.1168,-0.0316
2579,0.851,0.0007,0.1488,260.95,58.66,0.025,0.0423,0.2581,0.1116,0.088,0.4184,0.3787,1.7866,0.3687,0.1278,0.121,-0.0225
2580,0.8505,0.0003,0.1494,272.25,61.07,0.025,0.0437,0.275,0.1095,0.0862,0.4101,0.3738,1.7941,0.3694,0.1285,0.1218,-0.0301
2581,0.851,0.0,0.149,274.03,61.15,0.025,0.0423,0.2554,0.1117,0.0874,0.4158,0.3792,1.7592,0.3541,0.1259,0.1193,-0.0232
2582,0.8544,0.0,0.1456,259.08,57.4,0.025,0.0413,0.2534,0.1118,0.0873,0.4139,0.375,1.7221,0.356,0.1243,0.1177,-0.0239
2583,0.856,0.0,0.144,280.46,63.47,0.025,0.0438,0.2619,0.1118,0.0866,0.4137,0.3749,1.8696,0.3727,0.132,0.125,-0.0238
2584,0.857,0.0,0.143,289.0,63.76,0.025,0.0449,0.2678,0.1109,0.0877,0.4135,0.373,1.8167,0.3731,0.1319,0.1251,-0.0259
2585,0.8571,0.0,0.1429,256.41,55.42,0.025,0.0427,0.2651,0.1106,0.0871,0.4124,0.3756,1.6273,0.3385,0.1197,0.1135,-0.028
2586,0.8576,0.0,0.1424,244.81,53.57,0.025,0.0471,0.2642,0.1108,0.086,0.41,0.3736,1.7504,0.3553,0.1266,0.12,-0.0282
2587,0.86,0.0,0.14,277.7,61.63,0.025,0.0409,0.2546,0.1136,0.0885,0.4159,0.3781,1.7615,0.3643,0.1269,0.1202,-0.0209
2588,0.86,0.0,0.14,262.1,58.16,0.025,0.0429,0.2619,0.1116,0.0874,0.4155,0.38,1.7231,0.3598,0.1248,0.1181,-0.026
2589,0.8602,0.0,0.1398,240.1,53.07,0.025,0.0417,0.2568,0.1106,0.0877,0.4134,0.3747,1.7033,0.3547,0.1221,0.1156,-0.0245
2590,0.8643,0.0,0.1357,276.5,60.68,0.025,0.0422,0.2568,0.11,0.0867,0.4134,0.3755,1.675,0.3477,0.1219,0.1155,-0.0267
2591,0.8632,0.0,0.1368,264.08,57.74,0.025,0.043,0.2736,0.1093,0.0856,0.4057,0.3711,1.6071,0.3349,0.1166,0.1104,-0.031
2592,0.8598,0.0002,0.1402,289.66,64.68,0.025,0.0404,0.2481,0.1131,0.0897,0.4168,0.3749,1.7134,0.3552,0.1235,0.1169,-0.0212
2593,0.8607,0.0002,0.1393,274.66,61.33,0.025,0.0427,0.2696,0.1105,0.0867,0.4111,0.3741,1.7865,0.3665,0.1277,0.1209,-0.0265
2594,0.8629,0.0002,0.1371,289.06,64.53,0.025,0.0422,0.2651,0.1111,0.0871,0.4105,0.3702,1.7705,0.3652,0.1278,0.121,-0.0253
2595,0.8619,0.0004,0.1381,261.25,57.88,0.025,0.0475,0.2735,0.1089,0.085,0.4055,0.367,1.7335,0.3565,0.1242,0.1177,-0.0322
2596,0.8593,0.0005,0.1407,264.9,58.16,0.025,0.0427,0.2633,0.1106,0.0857,0.4113,0.3745,1.7073,0.3502,0.1225,0.116,-0.0278
2597,0.8565,0.0003,0.1435,269.4,58.99,0.025,0.0487,0.2754,0.1092,0.0851,0.4053,0.3696,1.7361,0.367,0.1261,0.1196,-0.0331
2598,0.8561,0.0002,0.1439,279.98,60.82,0.025,0.0486,0.2751,0.1089,0.0849,0.4038,0.3716,1.7779,0.3632,0.1279,0.1212,-0.0321
2599,0.8536,0.0002,0.1464,249.37,55.27,0.025,0.0463,0.2684,0.1093,0.085,0.4041,0.37,1.7004,0.3582,0.1234,0.1169,-0.0319
2600,0.8541,0.0002,0.1459,275.73,61.17,0.025,0.0389,0.2597,0.1118,0.0874,0.417,0.3733,1.7523,0.365,0.1271,0.1204,-0.0244
2601,0.8569,0.0002,0.1431,256.93,55.59,0.025,0.0436,0.2599,0.1121,0.0868,0.4083,0.3702,1.7395,0.3577,0.1262,0.1197,-0.0257
2602,0.8575,0.0002,0.1425,239.71,51.58,0.025,0.0485,0.2643,0.1105,0.0853,0.4082,0.3696,1.7567,0.3604,0.1264,0.1198,-0.0288
2603,0.8559,0.0002,0.1441,257.08,55.88,0.025,0.0458,0.2735,0.1098,0.0856,0.4091,0.3685,1.7085,0.3587,0.1251,0.1187,-0.0306
2604,0.8528,0.0002,0.1472,244.02,52.63,0.025,0.0462,0.2988,0.1087,0.0834,0.3999,0.3662,1.6914,0.3487,0.1222,0.1158,-0.0371
2605,0.8499,0.0,0.1501,301.26,68.03,0.025,0.0447,0.2538,0.1115,0.0856,0.4108,0.3705,1.7637,0.3627,0.1258,0.1192,-0.0237
2606,0.8509,0.0,0.1491,245.22,54.23,0.025,0.0443,0.2618,0.1113,0.0866,0.41,0.3737,1.7143,0.3484,0.1226,0.1161,-0.0285
2607,0.8478,0.0,0.1522,286.67,63.67,0.025,0.0502,0.2772,0.1091,0.084,0.4054,0.3655,1.6987,0.357,0.1236,0.1173,-0.0349
2608,0.8479,0.0,0.1521,257.7,56.95,0.025,0.0421,0.2599,0.1133,0.0878,0.4154,0.3729,1.7196,0.3602,0.1253,0.1187,-0.023
2609,0.849,0.0,0.151,281.18,61.93,0.025,0.0435,0.2476,0.1128,0.0882,0.4193,0.3747,1.7695,0.3597,0.1272,0.1206,-0.023
2610,0.8492,0.0002,0.1506,285.07,63.47,0.025,0.0429,0.2651,0.1114,0.0864,0.4143,0.3692,1.7545,0.3641,0.1262,0.1196,-0.0271
2611,0.8492,0.0,0.1508,292.04,64.34,0.025,0.045,0.2601,0.1128,0.0865,0.4164,0.3706,1.838,0.3772,0.1312,0.1244,-0.0249
2612,0.8515,0.0,0.1485,280.89,63.18,0.025,0.0424,0.2547,0.1119,0.0863,0.4125,0.3702,1.7052,0.3498,0.1227,0.1162,-0.0263
2613,0.8556,0.0,0.1444,278.2,62.0,0.025,0.0424,0.2486,0.114,0.0874,0.4194,0.3725,1.737,0.3673,0.1263,0.1198,-0.0218
2614,0.8574,0.0,0.1426,242.96,53.01,0.025,0.0438,0.2576,0.1123,0.087,0.417,0.371,1.7171,0.3571,0.1244,0.1179,-0.0264
2615,0.8585,0.0,0.1415,257.38,57.29,0.025,0.0438,0.2548,0.1133,0.0875,0.4174,0.3676,1.7864,0.3765,0.1298,0.1231,-0.023
2616,0.8609,0.0,0.1391,277.5,61.76,0.025,0.0431,0.2552,0.113,0.0867,0.4153,0.3723,1.8075,0.3768,0.1299,0.1231,-0.0226
2617,0.8632,0.0,0.1368,260.79,56.79,0.025,0.043,0.2495,0.1136,0.0872,0.4159,0.3702,1.7567,0.3654,0.1262,0.1195,-0.0221
2618,0.8632,0.0001,0.1368,272.41,60.6,0.025,0.044,0.2626,0.1122,0.086,0.4115,0.3666,1.7772,0.3747,0.1288,0.122,-0.0276
2619,0.8637,0.0002,0.136,249.31,53.71,0.025,0.046,0.2742,0.111,0.0856,0.4093,0.3662,1.7411,0.3617,0.1255,0.1189,-0.0287
2620,0.8639,0.0002,0.1358,261.57,57.99,0.025,0.0431,0.2652,0.1109,0.0865,0.4144,0.3665,1.6671,0.3485,0.1201,0.1138,-0.0273
2621,0.8636,0.0002,0.1362,285.85,63.09,0.025,0.0437,0.2584,0.1113,0.0867,0.4107,0.37,1.7166,0.3517,0.1234,0.1168,-0.0285
2622,0.862,0.0001,0.1379,278.16,62.14,0.025,0.0461,0.2572,0.1124,0.0861,0.413,0.3665,1.7975,0.3676,0.1298,0.123,-0.0267
2623,0.8643,0.0,0.1357,258.67,55.62,0.025,0.0437,0.2543,0.1136,0.0879,0.4146,0.3723,1.7382,0.3592,0.1252,0.1186,-0.0223
2624,0.8679,0.0,0.1321,280.18,61.98,0.025,0.0419,0.2468,0.1135,0.0878,0.4182,0.3738,1.7728,0.3689,0.128,0.1213,-0.0222
2625,0.87,0.0,0.13,274.63,59.36,0.025,0.0444,0.2528,0.113,0.0861,0.4112,0.3708,1.7457,0.3611,0.1272,0.1206,-0.0265
2626,0.8716,0.0,0.1284,265.54,57.52,0.025,0.042,0.2632,0.1126,0.087,0.4128,0.3714,1.6816,0.3522,0.1221,0.1157,-0.0237
2627,0.8744,0.0,0.1256,275.54,62.18,0.025,0.0424,0.2626,0.1125,0.0877,0.4127,0.372,1.7108,0.3566,0.1237,0.1172,-0.0248
2628,0.8758,0.0001,0.1241,294.24,65.78,0.025,0.0401,0.255,0.1144,0.089,0.4161,0.3704,1.9053,0.3867,0.1349,0.1278,-0.0219
2629,0.8755,0.0002,0.1242,273.6,61.37,0.025,0.0424,0.2597,0.1145,0.0886,0.4161,0.3719,1.7527,0.3593,0.1249,0.1182,-0.0217
2630,0.8783,0.0002,0.1215,240.16,52.32,0.025,0.0437,0.2402,0.1141,0.0879,0.4174,0.3743,1.7213,0.3598,0.1254,0.1189,-0.0213
2631,0.8796,0.0002,0.1201,287.51,65.53,0.025,0.0411,0.2551,0.114,0.0877,0.4147,0.3725,1.8002,0.367,0.1286,0.1218,-0.0225
2632,0.8769,0.0003,0.1229,295.0,65.64,0.025,0.0462,0.2656,0.1124,0.0867,0.4111,0.3674,1.7457,0.3617,0.1254,0.1188,-0.0278
2633,0.8774,0.0004,0.1225,267.9,57.85,0.025,0.0439,0.2499,0.1139,0.0877,0.4146,0.3723,1.7574,0.3566,0.1263,0.1196,-0.0218
2634,0.8799,0.0002,0.1201,238.88,51.6,0.025,0.0402,0.2571,0.1141,0.088,0.4144,0.3698,1.7601,0.3661,0.1274,0.1207,-0.0228
2635,0.8806,0.0002,0.1194,308.99,70.03,0.025,0.0412,0.2544,0.1152,0.0884,0.4142,0.3704,1.9228,0.3972,0.1386,0.1314,-0.0201
2636,0.8843,0.0002,0.1157,281.89,62.68,0.025,0.0437,0.2569,0.1131,0.0869,0.4131,0.3707,1.8398,0.37,0.1308,0.1238,-0.0231
2637,0.885,0.0002,0.115,297.25,65.86,0.025,0.0486,0.2585,0.1132,0.0876,0.4124,0.3674,1.8401,0.3807,0.134,0.1272,-0.0265
2638,0.8867,0.0002,0.1133,287.5,64.91,0.025,0.0448,0.2582,0.1144,0.0874,0.4127,0.3658,1.819,0.3773,0.1298,0.1229,-0.0235
2639,0.8859,0.0002,0.1141,239.66,52.65,0.025,0.0458,0.2526,0.114,0.0875,0.4159,0.3695,1.6824,0.3486,0.1221,0.1156,-0.0227
2640,0.8868,0.0002,0.1132,293.94,64.91,0.025,0.0438,0.2537,0.1135,0.0871,0.4138,0.3714,1.8298,0.3812,0.1324,0.1255,-0.0238
2641,0.8864,0.0002,0.1136,286.59,64.1,0.025,0.0409,0.2408,0.1152,0.088,0.4188,0.3748,1.7949,0.3738,0.1292,0.1224,-0.0207
2642,0.8864,0.0002,0.1136,271.81,60.82,0.025,0.0414,0.2564,0.1147,0.0885,0.4141,0.3726,1.8439,0.3692,0.1321,0.1252,-0.0211
2643,0.8891,0.0002,0.1109,271.78,59.14,0.025,0.0393,0.2515,0.1158,0.0894,0.4184,0.3754,1.804,0.374,0.129,0.1221,-0.019
2644,0.8877,0.0002,0.1123,273.1,60.13,0.025,0.0469,0.2568,0.1128,0.086,0.4105,0.3702,1.7553,0.3633,0.128,0.1213,-0.0277
2645,0.8889,0.0001,0.1111,267.09,58.69,0.025,0.0397,0.2444,0.1164,0.0885,0.4208,0.3768,1.8098,0.3703,0.1307,0.1239,-0.0174
2646,0.8884,0.0,0.1116,289.42,63.41,0.025,0.0444,0.2621,0.113,0.0877,0.4126,0.3697,1.8001,0.3731,0.1307,0.124,-0.0254
2647,0.8872,0.0,0.1128,270.0,60.32,0.025,0.0479,0.2623,0.113,0.0869,0.4103,0.3714,1.8036,0.3683,0.1289,0.1221,-0.0276
2648,0.8867,0.0002,0.113,261.27,58.38,0.025,0.0443,0.2477,0.1139,0.0871,0.4169,0.3718,1.7871,0.3672,0.1286,0.1217,-0.0237
2649,0.8886,0.0002,0.1112,277.33,60.74,0.025,0.0437,0.2524,0.1149,0.0872,0.4199,0.3719,1.848,0.3804,0.1325,0.1254,-0.0217
2650,0.886,0.0002,0.1137,279.19,62.67,0.025,0.0488,0.277,0.1112,0.0844,0.4099,0.3628,1.8058,0.3652,0.13,0.1232,-0.0311
2651,0.8858,0.0002,0.1139,242.11,53.07,0.025,0.0409,0.2425,0.115,0.0877,0.4195,0.3718,1.7863,0.3692,0.1289,0.122,-0.0207
2652,0.8863,0.0002,0.1134,279.2,62.73,0.025,0.0462,0.2627,0.1128,0.0862,0.4156,0.3714,1.8003,0.3709,0.1285,0.1217,-0.0262
2653,0.8845,0.0002,0.1153,261.55,58.21,0.025,0.0402,0.2407,0.1151,0.0877,0.4213,0.3694,1.689,0.3499,0.1221,0.1156,-0.0196
2654,0.886,0.0002,0.1137,251.91,55.81,0.025,0.0452,0.2523,0.1141,0.0869,0.4179,0.3717,1.7292,0.36,0.1265,0.1199,-0.0228
2655,0.8867,0.0002,0.113,297.39,66.1,0.025,0.0432,0.2511,0.1155,0.0876,0.4197,0.3719,1.8034,0.3775,0.1309,0.124,-0.02
2656,0.8865,0.0002,0.1132,265.03,59.18,0.025,0.0469,0.2566,0.1128,0.0864,0.4107,0.367,1.754,0.3594,0.127,0.1203,-0.028
2657,0.8856,0.0002,0.1142,303.92,67.34,0.025,0.0431,0.243,0.1153,0.088,0.4209,0.3722,1.8486,0.3784,0.1339,0.1269,-0.0185
2658,0.886,0.0002,0.1139,277.53,63.17,0.025,0.0435,0.2648,0.1131,0.0875,0.4154,0.3683,1.7622,0.3618,0.1266,0.1198,-0.0264
2659,0.8852,0.0002,0.1148,254.32,56.15,0.025,0.0397,0.2478,0.1162,0.0895,0.4202,0.373,1.712,0.354,0.1245,0.1178,-0.0185
2660,0.8848,0.0002,0.1152,290.63,63.24,0.025,0.0473,0.2628,0.1131,0.086,0.4135,0.3727,1.8493,0.3861,0.1335,0.1264,-0.0275
2661,0.8848,0.0002,0.1152,279.71,62.31,0.025,0.0446,0.2601,0.1139,0.0877,0.421,0.3724,1.8041,0.3672,0.1289,0.1219,-0.024
2662,0.882,0.0002,0.118,271.72,60.65,0.025,0.0442,0.2518,0.116,0.0882,0.419,0.3749,1.8213,0.372,0.1319,0.1249,-0.0215
2663,0.8853,0.0002,0.1147,245.18,54.22,0.025,0.0397,0.2482,0.1152,0.0883,0.4202,0.3701,1.8632,0.379,0.1324,0.1252,-0.0187
2664,0.8858,0.0002,0.1142,270.94,60.56,0.025,0.0426,0.2483,0.1162,0.088,0.4209,0.3687,1.735,0.3585,0.1242,0.1175,-0.0185
2665,0.8866,0.0,0.1134,271.69,61.26,0.025,0.0441,0.2504,0.1147,0.0871,0.4193,0.3748,1.8517,0.3701,0.1328,0.1257,-0.0217
2666,0.8857,0.0,0.1143,306.84,67.8,0.025,0.0492,0.2623,0.1118,0.0856,0.4149,0.3679,1.8356,0.3691,0.1313,0.1242,-0.0298
2667,0.8834,0.0,0.1166,283.41,62.96,0.025,0.0425,0.264,0.1139,0.0874,0.4186,0.3734,1.7915,0.3645,0.1284,0.1215,-0.0234
2668,0.8819,0.0,0.1181,260.73,57.26,0.025,0.0439,0.2554,0.1137,0.0872,0.4166,0.3703,1.841,0.377,0.1323,0.1252,-0.0247
2669,0.8791,0.0,0.1209,294.6,64.35,0.025,0.0437,0.2568,0.1144,0.0873,0.4203,0.3731,1.7744,0.3619,0.1282,0.1214,-0.024
2670,0.8783,0.0,0.1217,285.45,62.11,0.025,0.0453,0.2551,0.1148,0.0873,0.4169,0.3771,1.7609,0.3624,0.1279,0.1211,-0.0244
2671,0.8778,0.0,0.1222,292.75,66.37,0.025,0.0393,0.2481,0.1169,0.0899,0.4252,0.3779,1.9091,0.3831,0.1354,0.1281,-0.0155
2672,0.8796,0.0,0.1204,272.11,59.84,0.025,0.0429,0.2589,0.1156,0.0885,0.4225,0.3739,1.7817,0.3643,0.1282,0.1212,-0.0204
2673,0.8808,0.0,0.1192,288.38,64.02,0.025,0.0444,0.2424,0.117,0.0887,0.4262,0.3795,1.8945,0.3859,0.1359,0.1285,-0.0176
2674,0.8807,0.0,0.1193,293.81,65.48,0.025,0.043,0.2539,0.1164,0.0885,0.421,0.3765,1.8321,0.3702,0.1319,0.1249,-0.0218
2675,0.8835,0.0002,0.1163,277.32,61.62,0.025,0.0469,0.2575,0.116,0.0881,0.4221,0.372,1.8978,0.389,0.1353,0.128,-0.0256
2676,0.8832,0.0005,0.1166,278.72,61.78,0.025,0.0397,0.2369,0.1175,0.0892,0.425,0.3773,1.7298,0.3668,0.1252,0.1184,-0.0186
2677,0.8857,0.0005,0.114,291.36,66.22,0.025,0.0407,0.2379,0.1162,0.0883,0.424,0.3767,1.7399,0.362,0.1246,0.1178,-0.0204
2678,0.8859,0.0005,0.1139,283.16,63.06,0.025,0.0441,0.2404,0.1162,0.0887,0.4224,0.3737,1.686,0.3616,0.1233,0.1167,-0.0208
2679,0.8835,0.0005,0.1163,268.78,59.13,0.025,0.0473,0.2483,0.1157,0.0872,0.4226,0.3727,1.8183,0.3756,0.1322,0.1252,-0.0232
2680,0.881,0.0005,0.1188,284.61,63.4,0.025,0.0499,0.2471,0.1167,0.088,0.4207,0.374,1.8918,0.3891,0.1353,0.128,-0.0233
2681,0.8805,0.0007,0.1193,274.17,61.57,0.025,0.0412,0.2201,0.1181,0.0895,0.4306,0.3779,1.7146,0.3639,0.1244,0.1176,-0.0168
2682,0.8832,0.0005,0.1166,281.65,61.28,0.025,0.0455,0.2376,0.1174,0.0891,0.4275,0.3794,1.8615,0.3832,0.1343,0.1271,-0.0196
2683,0.8863,0.0005,0.1134,260.92,57.72,0.025,0.0421,0.2347,0.1172,0.0899,0.4294,0.3796,1.7843,0.3651,0.1275,0.1205,-0.0173
2684,0.8891,0.0008,0.1106,284.76,62.39,0.025,0.0432,0.2309,0.1182,0.0899,0.4311,0.3801,1.7979,0.3785,0.1295,0.1224,-0.0175
2685,0.8885,0.001,0.111,275.38,61.02,0.025,0.0436,0.2423,0.1162,0.0884,0.4226,0.3783,1.8103,0.3737,0.1297,0.1226,-0.0219
2686,0.8894,0.0008,0.1101,286.14,64.01,0.025,0.0435,0.2422,0.1156,0.0884,0.4242,0.3798,1.8068,0.3775,0.1304,0.1233,-0.0211
2687,0.8908,0.0007,0.1087,288.02,63.53,0.025,0.0437,0.2373,0.1168,0.0886,0.4268,0.3772,1.873,0.3856,0.1339,0.1266,-0.0195
2688,0.8932,0.0008,0.1063,287.06,64.29,0.025,0.0428,0.244,0.1176,0.0894,0.4283,0.378,1.8402,0.3786,0.1311,0.1238,-0.0186
2689,0.8943,0.0011,0.1048,287.33,64.53,0.025,0.0412,0.2212,0.1188,0.0903,0.4317,0.3789,1.7483,0.3711,0.1273,0.1203,-0.0165
2690,0.8944,0.0013,0.1046,283.07,63.31,0.025,0.043,0.2526,0.1167,0.0884,0.4258,0.3761,1.8015,0.3771,0.1295,0.1223,-0.0229
2691,0.8943,0.0014,0.1046,271.76,60.43,0.025,0.0447,0.2426,0.1173,0.0895,0.4285,0.3788,1.8812,0.3952,0.1373,0.13,-0.0185
2692,0.8952,0.0014,0.1036,312.36,70.43,0.025,0.0445,0.2374,0.1166,0.0891,0.427,0.3775,1.9681,0.3996,0.1403,0.1326,-0.0197
2693,0.8932,0.0015,0.1056,284.54,63.88,0.025,0.0471,0.2527,0.1169,0.0884,0.427,0.3729,1.8954,0.3901,0.1353,0.1278,-0.0225
2694,0.8941,0.0015,0.1046,266.09,59.0,0.025,0.0456,0.2388,0.1175,0.0891,0.4313,0.3761,1.8199,0.3822,0.1311,0.124,-0.0197
2695,0.8969,0.0017,0.1017,297.5,67.11,0.025,0.0446,0.225,0.12,0.0902,0.439,0.3799,1.9192,0.39,0.1369,0.1294,-0.0149
2696,0.8995,0.0016,0.0991,287.59,63.98,0.025,0.0438,0.2264,0.1176,0.0883,0.4353,0.3799,1.8954,0.3883,0.1345,0.127,-0.0185
2697,0.9007,0.0015,0.0983,239.45,52.45,0.025,0.0407,0.2442,0.1173,0.0893,0.4294,0.3813,1.6794,0.35,0.1215,0.1148,-0.0203
2698,0.9006,0.0015,0.0985,296.87,65.53,0.025,0.0428,0.2279,0.1188,0.0899,0.4337,0.3823,1.8343,0.3805,0.1324,0.1251,-0.0164
2699,0.9,0.0013,0.0993,271.51,60.92,0.025,0.0487,0.2421,0.1164,0.0885,0.4264,0.3788,1.8122,0.3774,0.1304,0.1231,-0.024
2700,0.8998,0.0012,0.0995,295.03,66.64,0.025,0.0446,0.2382,0.1179,0.0884,0.4331,0.3778,1.8416,0.3796,0.1326,0.1251,-0.021
2701,0.8981,0.0015,0.1012,301.91,68.68,0.025,0.0472,0.2209,0.1179,0.0896,0.4337,0.379,1.9831,0.403,0.1414,0.1334,-0.0186
2702,0.8968,0.0017,0.1024,296.32,66.15,0.025,0.0453,0.238,0.1174,0.0888,0.4295,0.3802,1.6972,0.361,0.1238,0.1169,-0.0221
2703,0.8986,0.0015,0.1007,297.68,66.0,0.025,0.0434,0.2257,0.1184,0.0911,0.4365,0.3767,1.858,0.3808,0.1329,0.1254,-0.0175
2704,0.8987,0.002,0.1006,301.48,67.96,0.025,0.049,0.2265,0.1188,0.0906,0.4344,0.3797,1.8909,0.3847,0.1367,0.1292,-0.021
2705,0.8974,0.0022,0.1016,283.09,64.72,0.025,0.0565,0.243,0.1167,0.0871,0.425,0.3786,1.9132,0.3864,0.1356,0.128,-0.0281
2706,0.8922,0.0024,0.1069,292.87,66.21,0.025,0.0513,0.2305,0.1175,0.0893,0.4329,0.3803,1.8702,0.3842,0.1343,0.1268,-0.0253
2707,0.8907,0.0025,0.1083,296.72,66.06,0.025,0.0479,0.2413,0.1176,0.0892,0.4332,0.3793,1.8201,0.3774,0.1303,0.1229,-0.0248
2708,0.8912,0.0025,0.1075,287.67,64.75,0.025,0.0457,0.2286,0.1167,0.0884,0.4349,0.382,1.843,0.3794,0.1302,0.1228,-0.022
2709,0.8929,0.0024,0.1059,278.93,63.21,0.025,0.0425,0.2098,0.1207,0.0911,0.4417,0.385,1.8373,0.3791,0.131,0.1235,-0.0143
2710,0.8937,0.0023,0.1051,257.16,56.85,0.025,0.0502,0.2256,0.1168,0.0881,0.4324,0.3786,1.8089,0.3781,0.1301,0.1228,-0.0225
2711,0.8895,0.0022,0.1093,279.62,61.86,0.025,0.0537,0.2306,0.116,0.0878,0.4308,0.3791,1.8543,0.376,0.133,0.1255,-0.0267
2712,0.8875,0.0021,0.1113,265.08,58.81,0.025,0.0484,0.2284,0.1174,0.0878,0.4356,0.377,1.7899,0.3768,0.1288,0.1215,-0.0233
2713,0.8875,0.0021,0.1114,292.21,65.84,0.025,0.0466,0.222,0.1188,0.0903,0.4369,0.3836,1.8587,0.3808,0.1322,0.1247,-0.0181
2714,0.8886,0.0019,0.1105,289.02,64.94,0.025,0.0457,0.2147,0.1201,0.0909,0.4435,0.3862,1.8318,0.3773,0.131,0.1235,-0.0162
2715,0.8899,0.0016,0.1091,298.32,67.64,0.025,0.0471,0.2233,0.119,0.0897,0.4371,0.3801,1.8619,0.3893,0.1315,0.1238,-0.0189
2716,0.8895,0.0015,0.1095,307.21,68.39,0.025,0.0472,0.2241,0.1187,0.0893,0.4358,0.3841,1.7916,0.3774,0.1286,0.1212,-0.0227
2717,0.8875,0.0015,0.1115,259.94,57.4,0.025,0.0464,0.2136,0.1197,0.0895,0.4373,0.3833,1.8064,0.382,0.1294,0.1218,-0.0178
2718,0.8879,0.0013,0.1112,305.02,67.93,0.025,0.0479,0.2181,0.12,0.0902,0.4378,0.3851,1.8692,0.3844,0.1336,0.1259,-0.019
2719,0.8888,0.0012,0.1102,270.55,59.91,0.025,0.0478,0.2116,0.118,0.0905,0.4373,0.3833,1.7999,0.3749,0.1298,0.1224,-0.0223
2720,0.8881,0.0012,0.1109,296.46,67.46,0.025,0.0491,0.226,0.1189,0.0894,0.4367,0.3844,1.9932,0.4046,0.1411,0.1329,-0.0206
2721,0.8891,0.0011,0.11,301.83,66.57,0.025,0.0447,0.219,0.1205,0.0913,0.445,0.3846,1.9127,0.397,0.1355,0.1276,-0.0154
2722,0.8878,0.0012,0.1115,265.61,57.98,0.025,0.0516,0.2329,0.1172,0.088,0.4293,0.3741,1.855,0.3888,0.133,0.1254,-0.0279
2723,0.8855,0.0015,0.1138,296.17,65.85,0.025,0.0562,0.2377,0.1174,0.088,0.4314,0.3761,1.8684,0.3868,0.1335,0.1258,-0.0272
2724,0.8851,0.0015,0.1143,293.23,65.13,0.025,0.0498,0.2309,0.1188,0.0897,0.4371,0.3803,1.9632,0.3962,0.141,0.133,-0.0229
2725,0.8861,0.0015,0.1134,277.88,63.01,0.025,0.0451,0.2115,0.1188,0.0899,0.4393,0.3845,1.8059,0.379,0.1293,0.1218,-0.0195
2726,0.8867,0.0017,0.1128,326.44,72.53,0.025,0.0566,0.2392,0.1166,0.0873,0.4334,0.3781,2.0035,0.4108,0.1429,0.1346,-0.0273
2727,0.8866,0.0017,0.1129,312.79,70.61,0.025,0.0476,0.2177,0.1204,0.0908,0.444,0.3819,1.9762,0.4135,0.1397,0.1316,-0.0179
2728,0.8874,0.0016,0.1121,297.91,66.39,0.025,0.0512,0.2266,0.1192,0.089,0.4385,0.3799,2.0043,0.4117,0.1429,0.1348,-0.0225
2729,0.8868,0.0022,0.1125,283.15,64.39,0.025,0.0472,0.2272,0.1196,0.0897,0.4388,0.3796,1.8264,0.382,0.1296,0.122,-0.0207
2730,0.886,0.0024,0.1133,273.7,61.72,0.025,0.0475,0.2095,0.121,0.0903,0.4409,0.3821,1.7795,0.3795,0.1282,0.1208,-0.0181
2731,0.8879,0.0026,0.1113,288.73,63.88,0.025,0.0471,0.2327,0.1187,0.0897,0.4372,0.3801,1.7984,0.3803,0.1288,0.1213,-0.0225
2732,0.8864,0.0029,0.1129,274.1,61.36,0.025,0.047,0.2225,0.1195,0.0898,0.4387,0.3804,1.8295,0.3851,0.13,0.1224,-0.0201
2733,0.8896,0.0029,0.1097,303.19,67.67,0.025,0.0459,0.2241,0.1209,0.0915,0.4435,0.3867,1.9225,0.399,0.1379,0.13,-0.0165
2734,0.8912,0.0031,0.108,302.36,67.53,0.025,0.0508,0.2263,0.1189,0.0894,0.4401,0.378,1.9085,0.3958,0.137,0.1292,-0.0239
2735,0.8925,0.0032,0.1068,269.49,60.5,0.025,0.0464,0.2121,0.119,0.0897,0.4447,0.3839,1.8319,0.3843,0.1304,0.1228,-0.0188
2736,0.891,0.0032,0.1083,314.56,69.68,0.025,0.0529,0.2311,0.119,0.09,0.4397,0.3771,1.9148,0.3935,0.136,0.1281,-0.0217
2737,0.8879,0.0033,0.1113,269.11,60.78,0.025,0.0503,0.2254,0.119,0.0888,0.4428,0.3824,1.9535,0.4014,0.1385,0.1305,-0.022
2738,0.8876,0.0033,0.1114,314.59,71.29,0.025,0.0441,0.2207,0.1199,0.0901,0.444,0.3837,1.8855,0.3913,0.1336,0.1258,-0.0163
2739,0.8914,0.0028,0.1077,280.25,62.6,0.025,0.046,0.2201,0.1193,0.0897,0.4428,0.3795,1.8019,0.3841,0.1303,0.1228,-0.0184
2740,0.8907,0.0028,0.1083,298.96,67.23,0.025,0.0479,0.218,0.1202,0.0903,0.4423,0.3835,1.9857,0.4136,0.1396,0.1313,-0.0192
2741,0.8905,0.0029,0.1085,295.16,66.99,0.025,0.0459,0.2258,0.1186,0.0897,0.4427,0.3862,1.8699,0.3897,0.1325,0.1247,-0.0205
2742,0.889,0.0029,0.1103,288.91,64.87,0.025,0.0509,0.2269,0.1183,0.0885,0.439,0.3821,1.8511,0.3894,0.1315,0.1238,-0.0236
2743,0.8903,0.0029,0.109,290.11,63.9,0.025,0.0481,0.23,0.119,0.0889,0.4417,0.3851,1.8358,0.3858,0.1313,0.1236,-0.0221
2744,0.8896,0.0029,0.1097,306.08,68.95,0.025,0.0475,0.2251,0.1203,0.0908,0.4421,0.3809,1.933,0.4057,0.1377,0.1297,-0.0191
2745,0.8915,0.0031,0.1078,296.9,67.85,0.025,0.0463,0.2153,0.1206,0.0895,0.4459,0.3854,1.8379,0.3887,0.1307,0.1231,-0.0168
2746,0.8913,0.0032,0.108,291.28,66.08,0.025,0.0514,0.2375,0.1176,0.0873,0.4431,0.3811,1.9058,0.3935,0.1343,0.1264,-0.0262
2747,0.8869,0.0028,0.1123,287.26,64.03,0.025,0.0468,0.2342,0.1202,0.0892,0.4428,0.3827,1.8149,0.3813,0.1299,0.1223,-0.0212
2748,0.8867,0.0024,0.1126,283.85,63.6,0.025,0.0512,0.2254,0.1179,0.0886,0.4417,0.3822,1.824,0.3865,0.1321,0.1244,-0.024
2749,0.8869,0.0026,0.1122,288.95,64.15,0.025,0.0481,0.2088,0.1206,0.0906,0.4464,0.3848,1.9728,0.4157,0.1425,0.1344,-0.0176
2750,0.8885,0.0027,0.1105,285.75,65.2,0.025,0.0451,0.2182,0.1213,0.0903,0.447,0.3837,1.8714,0.3945,0.1326,0.1247,-0.0168
2751,0.8896,0.0026,0.1095,283.88,62.97,0.025,0.0522,0.2185,0.1216,0.0904,0.444,0.3799,1.9471,0.4079,0.1394,0.1313,-0.0209
2752,0.8901,0.0027,0.1089,279.22,62.2,0.025,0.0485,0.2193,0.1208,0.09,0.442,0.3878,1.8907,0.394,0.1336,0.1258,-0.0188
2753,0.8917,0.0028,0.1072,315.22,71.38,0.025,0.0496,0.2102,0.1216,0.0897,0.4488,0.3854,1.9508,0.4059,0.1393,0.1312,-0.0171
2754,0.8923,0.0029,0.1065,276.18,62.18,0.025,0.0484,0.2253,0.1195,0.0886,0.4404,0.3818,1.8362,0.3864,0.1316,0.1239,-0.0234
2755,0.8906,0.003,0.1082,278.78,62.07,0.025,0.048,0.2159,0.1206,0.0892,0.4432,0.3852,1.8218,0.3838,0.1309,0.1233,-0.0204
2756,0.8893,0.003,0.1095,274.95,61.24,0.025,0.0499,0.2177,0.1212,0.0893,0.4424,0.3851,1.7807,0.3746,0.1279,0.1205,-0.0209
2757,0.8899,0.0031,0.1091,300.98,66.75,0.025,0.0478,0.223,0.1208,0.0904,0.4435,0.3839,1.8086,0.383,0.1288,0.1213,-0.022
2758,0.8897,0.003,0.1093,262.96,58.08,0.025,0.0521,0.2183,0.1202,0.0883,0.4422,0.3821,1.8228,0.3832,0.13,0.1223,-0.0227
2759,0.8896,0.003,0.1095,322.76,72.01,0.025,0.052,0.2281,0.1196,0.0882,0.4397,0.3772,1.875,0.3894,0.1343,0.1264,-0.0242
2760,0.8901,0.0031,0.109,311.88,70.11,0.025,0.0488,0.2161,0.1219,0.0901,0.4484,0.3848,1.8126,0.389,0.1305,0.1228,-0.0181
2761,0.8913,0.003,0.108,297.27,67.01,0.025,0.0526,0.2244,0.1205,0.0901,0.4439,0.3844,1.9325,0.4057,0.1383,0.1302,-0.0219
2762,0.8914,0.0031,0.1079,302.29,67.48,0.025,0.05,0.2064,0.1227,0.09,0.4473,0.3848,1.9083,0.4057,0.1374,0.1294,-0.0176
2763,0.8922,0.0033,0.1066,294.09,66.7,0.025,0.0472,0.2063,0.1235,0.0908,0.4488,0.3846,1.8283,0.3926,0.1317,0.1239,-0.0164
2764,0.8924,0.0039,0.1058,281.31,62.63,0.025,0.0501,0.2238,0.1214,0.089,0.4437,0.3806,1.8656,0.3934,0.1334,0.1255,-0.0221
2765,0.8923,0.004,0.1058,281.23,62.74,0.025,0.0517,0.2185,0.1218,0.0887,0.4424,0.3815,1.9246,0.4024,0.1369,0.1288,-0.0221
2766,0.894,0.0038,0.1041,296.65,66.36,0.025,0.0486,0.2148,0.1228,0.0905,0.4465,0.3836,1.8008,0.3832,0.1292,0.1216,-0.0176
2767,0.8933,0.0037,0.1048,295.08,66.02,0.025,0.0481,0.22,0.1219,0.0899,0.4469,0.3857,1.8798,0.3976,0.1339,0.126,-0.0191
2768,0.8946,0.0035,0.1036,269.74,59.96,0.025,0.0431,0.2164,0.1247,0.0905,0.4551,0.3856,1.8333,0.3917,0.1308,0.1229,-0.013
2769,0.8968,0.003,0.1017,292.46,66.61,0.025,0.0498,0.2033,0.1219,0.0886,0.4508,0.3866,1.8775,0.3953,0.132,0.124,-0.018
2770,0.8933,0.0032,0.105,302.33,67.97,0.025,0.0521,0.2303,0.12,0.0883,0.4439,0.3809,1.9267,0.4021,0.1377,0.1295,-0.0248
2771,0.8922,0.0032,0.1061,300.97,67.58,0.025,0.0486,0.2206,0.1236,0.0903,0.4469,0.382,1.9145,0.4039,0.1378,0.1296,-0.0166
2772,0.8947,0.003,0.1036,276.89,61.26,0.025,0.0467,0.2264,0.1211,0.0878,0.4464,0.3828,1.7854,0.378,0.1281,0.1205,-0.0225
2773,0.8927,0.0032,0.1054,279.73,62.36,0.025,0.047,0.2194,0.123,0.0898,0.4485,0.3828,1.7601,0.3846,0.1276,0.12,-0.0187
2774,0.8907,0.0032,0.1075,273.3,60.66,0.025,0.0521,0.2247,0.1213,0.0874,0.4444,0.3772,1.9276,0.4062,0.1387,0.1305,-0.0222
2775,0.8897,0.0028,0.109,287.67,64.67,0.025,0.0475,0.2124,0.1219,0.0883,0.4462,0.3854,1.8786,0.4034,0.1341,0.1261,-0.0196
2776,0.8901,0.0028,0.1085,290.69,63.51,0.025,0.0567,0.2171,0.1196,0.0869,0.4465,0.3857,1.9266,0.404,0.1387,0.1305,-0.0255
2777,0.8911,0.0023,0.1076,280.76,62.92,0.025,0.0569,0.2278,0.1198,0.087,0.4464,0.3806,1.841,0.3838,0.1304,0.1225,-0.026
2778,0.8894,0.002,0.1097,300.74,66.44,0.025,0.0526,0.2156,0.1211,0.0876,0.4478,0.3837,1.8789,0.3943,0.1355,0.1275,-0.0223
2779,0.8915,0.0022,0.1076,297.46,66.67,0.025,0.0486,0.2082,0.1229,0.0879,0.4466,0.3838,1.9075,0.398,0.1351,0.127,-0.0183
2780,0.8896,0.0022,0.1094,262.66,57.69,0.025,0.0507,0.23,0.1192,0.0863,0.4446,0.3793,1.7762,0.3766,0.1281,0.1205,-0.0252
2781,0.8914,0.0024,0.1074,293.77,65.18,0.025,0.0457,0.2391,0.1231,0.0887,0.4487,0.3843,1.8806,0.3982,0.1349,0.1269,-0.0193
2782,0.8922,0.0026,0.1066,261.1,57.87,0.025,0.0492,0.2133,0.1227,0.088,0.4506,0.3834,1.8632,0.3912,0.133,0.125,-0.0199
2783,0.8948,0.0025,0.104,275.29,60.64,0.025,0.047,0.2125,0.1218,0.0877,0.4523,0.3838,1.8308,0.3909,0.1313,0.1234,-0.0187
2784,0.8935,0.0024,0.1051,273.61,61.15,0.025,0.0454,0.2143,0.1231,0.0891,0.4523,0.387,1.7891,0.3842,0.1283,0.1205,-0.0173
2785,0.8941,0.0019,0.1047,284.87,64.21,0.025,0.047,0.221,0.1237,0.0895,0.4511,0.3834,1.9551,0.4094,0.1386,0.1303,-0.0174
2786,0.893,0.0018,0.1059,281.78,62.24,0.025,0.0491,0.2298,0.1215,0.0881,0.4473,0.3819,1.7464,0.3669,0.1257,0.1182,-0.0223
2787,0.8921,0.0017,0.1067,295.86,67.22,0.025,0.0523,0.2326,0.1201,0.087,0.4461,0.381,1.8331,0.3858,0.1314,0.1236,-0.0247
2788,0.8894,0.0018,0.1094,294.13,65.43,0.025,0.0497,0.2309,0.1219,0.0884,0.4465,0.3774,1.7969,0.3836,0.1301,0.1224,-0.0241
2789,0.8901,0.0021,0.1087,290.51,65.52,0.025,0.0449,0.2141,0.1236,0.0887,0.4531,0.3828,1.8087,0.3833,0.1299,0.1221,-0.0169
2790,0.891,0.0022,0.1078,282.56,63.55,0.025,0.0463,0.219,0.1237,0.0886,0.4513,0.3848,1.8471,0.3927,0.1307,0.1227,-0.0185
2791,0.8934,0.0025,0.1052,279.1,62.18,0.025,0.0469,0.2153,0.1229,0.0883,0.4461,0.384,1.8464,0.392,0.1313,0.1233,-0.0205
2792,0.8936,0.0025,0.1051,307.05,69.82,0.025,0.0433,0.2074,0.1239,0.0893,0.4568,0.3857,1.9615,0.4143,0.1388,0.1304,-0.014
2793,0.8965,0.0028,0.1022,282.63,62.65,0.025,0.0433,0.2136,0.1251,0.0891,0.452,0.3818,1.8814,0.398,0.1359,0.1279,-0.0148
2794,0.8991,0.0031,0.0992,279.52,62.91,0.025,0.042,0.2081,0.1242,0.089,0.4546,0.3829,1.8855,0.404,0.1339,0.1257,-0.0149
2795,0.9002,0.0029,0.0983,275.27,61.72,0.025,0.0459,0.2148,0.1224,0.0877,0.447,0.3838,1.8289,0.3916,0.1302,0.1222,-0.0198
2796,0.9009,0.0025,0.0981,286.5,65.12,0.025,0.0424,0.2017,0.1244,0.0887,0.4537,0.3877,1.8994,0.4084,0.1359,0.1277,-0.0133
2797,0.9032,0.0026,0.0957,281.91,62.18,0.025,0.0468,0.2112,0.1244,0.0884,0.4511,0.3784,1.9044,0.403,0.1367,0.1286,-0.0175
2798,0.9054,0.0029,0.0931,278.3,61.63,0.025,0.0421,0.2055,0.1252,0.0892,0.4566,0.384,1.7981,0.3863,0.1285,0.1207,-0.0144
2799,0.9059,0.0027,0.0927,293.54,66.36,0.025,0.0457,0.2107,0.1255,0.0886,0.4506,0.3825,1.9812,0.4199,0.1421,0.1337,-0.015
2800,0.9066,0.0025,0.0921,292.92,65.87,0.025,0.0422,0.2132,0.1245,0.0886,0.4491,0.3856,1.9016,0.4047,0.1361,0.1279,-0.0168
2801,0.9077,0.0028,0.0906,290.8,66.28,0.025,0.0457,0.2105,0.1244,0.0886,0.4507,0.3828,1.889,0.4056,0.1349,0.1268,-0.0168
2802,0.91,0.0029,0.0883,264.41,58.75,0.025,0.0439,0.2139,0.1253,0.09,0.4503,0.3885,1.8667,0.4002,0.1334,0.1254,-0.0151
2803,0.9123,0.0032,0.0858,281.62,64.16,0.025,0.0436,0.2098,0.1255,0.0896,0.4533,0.3849,1.9628,0.4168,0.1392,0.1308,-0.0157
2804,0.9143,0.0032,0.0839,300.27,67.95,0.025,0.0457,0.1997,0.1263,0.0894,0.4559,0.388,1.9326,0.4136,0.1386,0.1304,-0.0135
2805,0.9179,0.003,0.0805,279.5,62.56,0.025,0.0433,0.194,0.1265,0.0893,0.4541,0.3862,1.8644,0.4017,0.1331,0.125,-0.013
2806,0.9215,0.0026,0.077,282.49,63.8,0.025,0.0466,0.1936,0.1259,0.0885,0.455,0.3862,1.985,0.4169,0.1409,0.1325,-0.0143
2807,0.9215,0.0026,0.0769,311.98,70.69,0.025,0.0497,0.2244,0.1225,0.0876,0.4476,0.3817,1.9366,0.4122,0.1384,0.1302,-0.0215
2808,0.9201,0.0029,0.0782,287.07,64.65,0.025,0.0413,0.199,0.1256,0.0886,0.4579,0.3854,1.8495,0.4009,0.1315,0.1235,-0.0157
2809,0.9186,0.0024,0.0801,286.83,64.24,0.025,0.045,0.2229,0.1249,0.0888,0.452,0.38,1.8603,0.3984,0.1332,0.1253,-0.019
2810,0.9194,0.0019,0.0795,303.8,68.44,0.025,0.0432,0.2008,0.1273,0.09,0.4592,0.3879,1.8395,0.3958,0.1322,0.1242,-0.0127
2811,0.9206,0.0017,0.0784,301.4,67.79,0.025,0.0442,0.1967,0.1261,0.0889,0.4545,0.3839,1.8151,0.3945,0.1298,0.1219,-0.0167
2812,0.9207,0.002,0.0782,302.5,67.61,0.025,0.0466,0.201,0.127,0.0897,0.4577,0.386,1.96,0.4205,0.1399,0.1315,-0.0152
2813,0.9206,0.002,0.0783,296.6,66.42,0.025,0.0466,0.2071,0.1267,0.0901,0.4573,0.3877,1.904,0.4075,0.1364,0.1282,-0.0139
2814,0.9223,0.0017,0.0767,302.81,69.26,0.025,0.0478,0.2083,0.1261,0.0891,0.4535,0.3839,1.9277,0.4118,0.1367,0.1284,-0.0163
2815,0.9235,0.0017,0.0756,313.74,71.06,0.025,0.0441,0.1954,0.1276,0.0892,0.4608,0.3883,1.966,0.4199,0.1403,0.1319,-0.0115
2816,0.9235,0.0014,0.0757,275.27,61.45,0.025,0.0439,0.2071,0.1264,0.0892,0.4611,0.3857,1.9014,0.4041,0.1356,0.1275,-0.0149
2817,0.9224,0.0015,0.0766,275.16,62.91,0.025,0.0484,0.2079,0.1254,0.0882,0.4559,0.3818,1.8972,0.4072,0.1341,0.1259,-0.0182
2818,0.9219,0.0015,0.0771,295.62,66.29,0.025,0.0476,0.2096,0.1266,0.0892,0.4578,0.3846,1.9942,0.4222,0.1428,0.1343,-0.0167
2819,0.9216,0.0017,0.0774,284.11,63.83,0.025,0.0493,0.204,0.1266,0.0887,0.4602,0.3838,1.8627,0.4019,0.1338,0.1258,-0.0155
2820,0.9221,0.002,0.0769,300.29,66.7,0.025,0.0429,0.1917,0.1271,0.09,0.4569,0.3888,1.8243,0.4031,0.1316,0.1236,-0.0137
2821,0.9223,0.0025,0.0765,298.29,67.75,0.025,0.0497,0.2144,0.1266,0.0881,0.4521,0.3835,1.8522,0.3932,0.1325,0.1245,-0.0199
2822,0.9197,0.0029,0.0788,294.85,66.94,0.025,0.0477,0.2017,0.1259,0.0884,0.4543,0.3863,1.8871,0.4063,0.1341,0.1259,-0.0173
2823,0.9197,0.0031,0.0788,314.98,71.91,0.025,0.0456,0.202,0.128,0.0893,0.4585,0.3851,1.9847,0.4216,0.1409,0.1324,-0.0141
2824,0.9191,0.0036,0.0789,291.16,66.08,0.025,0.0439,0.196,0.1275,0.0888,0.4635,0.3833,1.8981,0.4165,0.135,0.1267,-0.0129
2825,0.9205,0.0034,0.0775,283.88,63.97,0.025,0.0483,0.2037,0.125,0.0879,0.4557,0.3844,1.8886,0.4056,0.1345,0.1264,-0.0192
2826,0.9184,0.0034,0.0796,309.29,70.0,0.025,0.0442,0.197,0.1281,0.0897,0.4641,0.386,1.9431,0.4212,0.1378,0.1293,-0.0126
2827,0.9187,0.0036,0.0793,265.29,59.71,0.025,0.0491,0.2108,0.1268,0.0887,0.4526,0.3843,1.911,0.4112,0.1355,0.1272,-0.0194
2828,0.9186,0.0036,0.0794,290.17,66.25,0.025,0.0477,0.2009,0.1274,0.0891,0.4591,0.3878,1.9819,0.4257,0.1405,0.1319,-0.0165
2829,0.9184,0.0035,0.0796,287.41,64.53,0.025,0.0491,0.2092,0.1276,0.0889,0.4581,0.3851,2.001,0.4269,0.1423,0.1337,-0.0166
2830,0.9172,0.0032,0.0808,278.84,63.35,0.025,0.0475,0.2005,0.1271,0.0882,0.4582,0.3809,1.7691,0.3894,0.1272,0.1194,-0.017
2831,0.9183,0.0033,0.0799,311.15,70.84,0.025,0.0442,0.1925,0.1298,0.0898,0.4651,0.3861,1.9736,0.4246,0.1406,0.132,-0.0099
2832,0.9193,0.0032,0.0788,293.8,66.18,0.025,0.0404,0.1916,0.1282,0.0898,0.4635,0.3852,1.8251,0.3995,0.1322,0.1243,-0.0124
2833,0.9202,0.0025,0.078,276.03,62.24,0.025,0.0406,0.1925,0.1288,0.0898,0.4623,0.3855,1.8967,0.4164,0.1343,0.126,-0.0125
2834,0.9202,0.0025,0.0779,286.23,64.61,0.025,0.0426,0.2071,0.1275,0.0889,0.4579,0.3833,1.856,0.4089,0.1326,0.1246,-0.0175
2835,0.921,0.0026,0.0772,306.1,69.38,0.025,0.0464,0.2081,0.1279,0.0886,0.457,0.3825,1.9554,0.4183,0.1381,0.1296,-0.0172
2836,0.922,0.0022,0.0765,262.89,58.73,0.025,0.044,0.2035,0.1269,0.0877,0.4574,0.3851,1.7565,0.3874,0.1259,0.1182,-0.0182
2837,0.9247,0.0024,0.0736,277.21,62.97,0.025,0.0398,0.2124,0.1282,0.0885,0.4611,0.3815,1.8847,0.4102,0.1329,0.1247,-0.013
2838,0.9243,0.0025,0.074,315.28,72.09,0.025,0.0425,0.1924,0.1303,0.0889,0.4638,0.3815,1.9056,0.4166,0.1366,0.1283,-0.0107
2839,0.9241,0.0027,0.074,297.31,65.77,0.025,0.0447,0.2139,0.1253,0.0869,0.4519,0.3823,1.7899,0.3898,0.1288,0.121,-0.0193
2840,0.9238,0.0025,0.0744,291.75,65.78,0.025,0.0386,0.1958,0.1298,0.0891,0.4632,0.3881,1.7984,0.3965,0.1283,0.1205,-0.0096
2841,0.9238,0.002,0.0747,291.23,66.09,0.025,0.0459,0.2081,0.1276,0.0881,0.4556,0.3823,1.9237,0.4124,0.1371,0.1288,-0.0168
2842,0.9221,0.002,0.0764,281.74,63.97,0.025,0.0382,0.1927,0.1306,0.0891,0.4651,0.387,1.8927,0.4102,0.1348,0.1266,-0.0091
2843,0.9244,0.0017,0.0744,283.31,63.26,0.025,0.0389,0.2034,0.1294,0.0886,0.4621,0.3831,1.8513,0.4019,0.1316,0.1235,-0.0107
2844,0.9279,0.0015,0.0711,287.9,66.4,0.025,0.0384,0.1911,0.1314,0.0898,0.4665,0.3882,1.9397,0.422,0.138,0.1296,-0.0068
2845,0.929,0.0013,0.0702,272.76,61.49,0.025,0.0428,0.2096,0.1276,0.0875,0.4601,0.3824,1.832,0.3992,0.1305,0.1226,-0.0157
2846,0.9284,0.0013,0.0708,283.83,64.72,0.025,0.0379,0.1795,0.1319,0.0899,0.467,0.3846,1.8244,0.4025,0.1299,0.122,-0.0068
2847,0.931,0.0012,0.0681,289.7,65.7,0.025,0.0418,0.1985,0.1284,0.0874,0.4584,0.3879,1.9384,0.4174,0.1381,0.1297,-0.0134
2848,0.9361,0.001,0.0632,297.09,66.72,0.025,0.04,0.1923,0.1295,0.0882,0.4628,0.3823,1.9407,0.4241,0.139,0.1306,-0.0112
2849,0.9367,0.001,0.0625,254.14,57.22,0.025,0.0404,0.1901,0.1298,0.0885,0.4667,0.3868,1.8783,0.416,0.1335,0.1253,-0.0102
2850,0.9385,0.0007,0.0608,318.11,72.93,0.025,0.0432,0.1989,0.1304,0.0884,0.4634,0.3854,1.9514,0.4237,0.1381,0.1296,-0.0113
2851,0.9406,0.0006,0.0588,277.69,62.18,0.025,0.0424,0.1972,0.1309,0.0886,0.4652,0.3831,1.9941,0.4342,0.1413,0.1327,-0.0095
2852,0.9392,0.0006,0.0603,291.64,65.5,0.025,0.0421,0.1954,0.1309,0.0889,0.4671,0.3879,1.9043,0.4175,0.137,0.1287,-0.0109
2853,0.9398,0.0007,0.0597,261.06,58.56,0.025,0.0411,0.1966,0.1311,0.0887,0.4655,0.3862,1.8028,0.3986,0.1299,0.1221,-0.0086
2854,0.9408,0.0007,0.0587,290.49,64.95,0.025,0.0406,0.2033,0.1292,0.0882,0.4635,0.3876,1.7608,0.3864,0.1266,0.119,-0.0128
2855,0.9404,0.0007,0.0591,288.51,65.91,0.025,0.0386,0.1963,0.1306,0.0885,0.4642,0.3851,1.9438,0.4249,0.1375,0.1291,-0.0097
2856,0.9424,0.0006,0.0573,317.53,72.3,0.025,0.04,0.1913,0.1309,0.0884,0.4658,0.3893,1.9962,0.429,0.1409,0.1324,-0.0104
2857,0.9431,0.0005,0.0564,288.85,65.78,0.025,0.0427,0.2104,0.1279,0.0871,0.4601,0.3773,1.9119,0.4193,0.1359,0.1276,-0.016
2858,0.9438,0.0006,0.0556,303.92,68.91,0.025,0.0436,0.212,0.1296,0.0876,0.4608,0.3824,1.9923,0.4351,0.1418,0.1332,-0.0125
2859,0.944,0.0007,0.0553,306.61,69.13,0.025,0.0419,0.2,0.131,0.0888,0.4634,0.3865,1.9928,0.4346,0.1415,0.1329,-0.0106
2860,0.946,0.0009,0.0532,311.06,70.4,0.025,0.0413,0.1847,0.1318,0.0885,0.4702,0.3871,1.986,0.4326,0.1425,0.1339,-0.0083
2861,0.9455,0.0011,0.0537,349.51,78.96,0.025,0.0438,0.1959,0.1306,0.088,0.4672,0.3839,2.0407,0.4446,0.1458,0.137,-0.0106
2862,0.9461,0.001,0.0532,271.23,60.45,0.025,0.0387,0.1967,0.1299,0.0882,0.4669,0.3855,1.9179,0.4218,0.1358,0.1274,-0.0114
2863,0.9445,0.001,0.0548,274.63,62.68,0.025,0.0416,0.1928,0.1302,0.0873,0.4651,0.385,2.0022,0.4289,0.1416,0.133,-0.0123
2864,0.9439,0.001,0.0553,287.26,64.89,0.025,0.0388,0.2025,0.1297,0.0878,0.4665,0.3845,1.8419,0.4018,0.1311,0.1232,-0.0113
2865,0.9419,0.001,0.0574,337.98,77.42,0.025,0.0424,0.2107,0.1291,0.0886,0.4603,0.3838,2.0936,0.452,0.1493,0.1403,-0.0134
2866,0.9395,0.0011,0.0598,309.36,70.88,0.025,0.0445,0.2038,0.129,0.0869,0.4673,0.3828,2.0923,0.4458,0.1485,0.1396,-0.0147
2867,0.9394,0.0012,0.0598,294.85,67.45,0.025,0.0417,0.1982,0.1305,0.0877,0.4662,0.3838,1.8792,0.4193,0.134,0.1258,-0.0105
2868,0.94,0.0012,0.0593,296.89,67.35,0.025,0.0362,0.1927,0.1316,0.0894,0.4675,0.3843,1.9359,0.4287,0.1387,0.1304,-0.0082
2869,0.9419,0.001,0.0576,281.43,63.69,0.025,0.0372,0.1853,0.1328,0.0889,0.4724,0.3853,1.8854,0.4191,0.1338,0.1256,-0.0066
2870,0.9415,0.0011,0.0579,293.23,66.67,0.025,0.04,0.2011,0.1318,0.0886,0.4688,0.3856,1.8962,0.4187,0.1357,0.1274,-0.0115
2871,0.9405,0.0013,0.0586,306.29,70.0,0.025,0.0399,0.2014,0.1308,0.0881,0.4654,0.3838,1.8702,0.415,0.134,0.1258,-0.013
2872,0.9395,0.0012,0.0598,293.69,67.63,0.025,0.0401,0.189,0.1318,0.0883,0.471,0.3842,1.8418,0.4075,0.1319,0.1238,-0.0088
2873,0.9384,0.0014,0.0609,290.0,65.59,0.025,0.0408,0.1855,0.1307,0.0875,0.4657,0.3867,1.895,0.4182,0.1344,0.1261,-0.0126
2874,0.9399,0.0015,0.0594,292.29,67.26,0.025,0.041,0.1974,0.1311,0.0878,0.467,0.3833,1.9142,0.4209,0.1354,0.127,-0.0109
2875,0.9402,0.0014,0.0591,303.83,69.28,0.025,0.0396,0.1919,0.133,0.089,0.4728,0.3835,1.8735,0.4216,0.1342,0.1259,-0.0072
2876,0.9421,0.001,0.0571,329.79,75.55,0.025,0.0433,0.1857,0.1309,0.0875,0.4684,0.3824,1.9446,0.4305,0.1377,0.1292,-0.0121
2877,0.9411,0.001,0.0581,300.47,67.83,0.025,0.0441,0.1982,0.1299,0.0871,0.4668,0.3788,1.8983,0.4202,0.1349,0.1266,-0.0156
2878,0.94,0.001,0.0593,335.28,77.61,0.025,0.0415,0.1902,0.1321,0.0881,0.4695,0.3818,2.0414,0.4489,0.1443,0.1354,-0.011
2879,0.9398,0.001,0.0594,271.65,61.71,0.025,0.0396,0.1823,0.1329,0.0878,0.4686,0.3824,1.8831,0.4229,0.1343,0.126,-0.0096
2880,0.9411,0.001,0.0581,301.12,67.25,0.025,0.0378,0.1796,0.1342,0.0887,0.4737,0.3872,1.8901,0.4215,0.1359,0.1275,-0.0077
2881,0.9442,0.0012,0.0549,289.33,65.11,0.025,0.0401,0.182,0.133,0.0878,0.4723,0.3827,1.8909,0.4185,0.134,0.1257,-0.0092
2882,0.9433,0.001,0.0559,280.51,63.24,0.025,0.043,0.2148,0.1301,0.0866,0.4664,0.3823,1.8854,0.4096,0.1336,0.1254,-0.0149
2883,0.9417,0.0007,0.0578,304.05,68.69,0.025,0.043,0.2037,0.1308,0.0862,0.4674,0.3817,1.9494,0.4308,0.1375,0.129,-0.0145
2884,0.9429,0.0005,0.0567,300.19,69.15,0.025,0.0416,0.1967,0.133,0.0884,0.4712,0.3849,1.913,0.4249,0.1359,0.1275,-0.0111
2885,0.9441,0.0004,0.0555,298.08,67.34,0.025,0.0403,0.1817,0.1336,0.0881,0.4775,0.387,1.9384,0.4327,0.1383,0.1298,-0.0093
2886,0.9452,0.0002,0.0545,293.6,66.75,0.025,0.0412,0.2004,0.1325,0.0881,0.4718,0.3842,1.9255,0.4276,0.1363,0.1279,-0.011
2887,0.9439,0.0002,0.0559,284.92,64.42,0.025,0.0451,0.2028,0.1324,0.0871,0.4678,0.3813,1.9221,0.4187,0.1363,0.1279,-0.0136
2888,0.9423,0.0002,0.0575,302.82,68.01,0.025,0.0449,0.2103,0.1322,0.0874,0.468,0.3819,1.9771,0.4312,0.1404,0.1319,-0.0148
2889,0.9417,0.0002,0.058,303.18,67.92,0.025,0.0432,0.1905,0.1327,0.0879,0.4714,0.3823,1.9517,0.4255,0.1387,0.1302,-0.0116
2890,0.9401,0.0002,0.0597,286.15,65.15,0.025,0.0386,0.1923,0.1339,0.0887,0.4751,0.3852,1.9794,0.4337,0.14,0.1314,-0.0086
2891,0.941,0.0002,0.0588,293.05,66.12,0.025,0.0399,0.1931,0.1332,0.0887,0.47,0.3835,1.8611,0.4081,0.1328,0.1247,-0.0121
2892,0.9416,0.0002,0.0582,290.06,66.74,0.025,0.0409,0.1917,0.1339,0.0887,0.4756,0.3876,1.9205,0.425,0.1365,0.1281,-0.0094
2893,0.9409,0.0004,0.0589,291.33,66.31,0.025,0.0427,0.1883,0.1338,0.0883,0.4746,0.3853,1.9529,0.4262,0.1388,0.1303,-0.0088
2894,0.94,0.0005,0.0597,302.25,67.22,0.025,0.0451,0.1991,0.1315,0.0866,0.4676,0.3832,1.9264,0.4244,0.1375,0.1292,-0.0146
2895,0.9369,0.0008,0.0629,279.15,62.42,0.01,0.0451,0.2203,0.129,0.0854,0.4602,0.3807,1.7931,0.3954,0.1289,0.1211,-0.0219
2896,0.9332,0.0008,0.0666,288.68,63.7,0.01,0.0455,0.2649,0.1248,0.0841,0.4474,0.3704,1.7449,0.3884,0.1271,0.1194,-0.0324
2897,0.924,0.0007,0.0758,256.87,57.42,0.01,0.0432,0.3172,0.1279,0.0848,0.4551,0.3712,1.8593,0.3918,0.133,0.1249,-0.0235
2898,0.9195,0.0008,0.0803,309.25,69.43,0.01,0.0398,0.3247,0.1276,0.0844,0.4549,0.3721,1.9082,0.4078,0.1374,0.1291,-0.0229
2899,0.9148,0.001,0.0849,292.08,65.27,0.01,0.0467,0.3503,0.1256,0.0834,0.4486,0.369,1.8845,0.3974,0.1357,0.1276,-0.0293
2900,0.9084,0.0014,0.0911,292.14,64.67,0.01,0.0451,0.3537,0.1284,0.0857,0.4509,0.3718,1.8303,0.3812,0.1327,0.1247,-0.0269
2901,0.9033,0.0016,0.0963,232.06,49.61,0.01,0.0423,0.3423,0.1295,0.0851,0.4578,0.3745,1.7352,0.3644,0.1262,0.1187,-0.0198
2902,0.903,0.0015,0.0968,258.28,56.61,0.01,0.0386,0.3466,0.1302,0.0855,0.4588,0.3747,1.7572,0.3648,0.1269,0.1192,-0.0185
2903,0.899,0.0015,0.1007,302.78,66.98,0.01,0.0427,0.3565,0.1265,0.0837,0.4493,0.3666,1.7772,0.3698,0.129,0.1214,-0.0292
2904,0.8966,0.002,0.1029,265.02,59.17,0.01,0.04,0.3429,0.1304,0.0853,0.4597,0.374,1.7813,0.3621,0.1283,0.1206,-0.0171
2905,0.8964,0.0021,0.103,255.37,55.94,0.01,0.0399,0.359,0.1273,0.0838,0.453,0.3688,1.8304,0.3763,0.1329,0.1251,-0.023
2906,0.8947,0.0021,0.1046,274.28,60.21,0.01,0.0408,0.3535,0.1281,0.0846,0.4566,0.3724,1.8051,0.3713,0.1306,0.1227,-0.0224
2907,0.8926,0.002,0.1066,275.57,59.99,0.01,0.0389,0.3415,0.1276,0.084,0.4498,0.3695,1.7311,0.353,0.1254,0.1179,-0.0253
2908,0.8887,0.0022,0.1106,257.41,55.28,0.01,0.0398,0.3669,0.1262,0.0834,0.4481,0.3685,1.7415,0.3476,0.1265,0.119,-0.0272
2909,0.8869,0.0023,0.1126,297.95,66.59,0.01,0.0414,0.3805,0.1281,0.0839,0.4543,0.3737,1.8373,0.3606,0.1329,0.1251,-0.0234
2910,0.8858,0.0028,0.1137,258.04,56.16,0.01,0.0377,0.3384,0.1307,0.0853,0.4609,0.3763,1.6981,0.3376,0.1235,0.1162,-0.0175
2911,0.8859,0.0026,0.1136,302.63,65.32,0.01,0.0448,0.3583,0.1288,0.0838,0.4551,0.373,1.8256,0.3594,0.1339,0.1261,-0.0207
2912,0.8841,0.0026,0.1155,285.43,62.06,0.01,0.0414,0.3719,0.1281,0.0837,0.452,0.3698,1.7794,0.3507,0.1292,0.1215,-0.0244
2913,0.8827,0.0027,0.117,286.2,62.05,0.01,0.0429,0.3726,0.126,0.0825,0.4481,0.3672,1.8455,0.3589,0.1333,0.1253,-0.0275
2914,0.8826,0.0021,0.1171,301.97,66.79,0.01,0.0426,0.387,0.1278,0.0833,0.4493,0.3724,1.8646,0.3563,0.1328,0.1248,-0.0248
2915,0.8814,0.0021,0.1183,295.47,63.51,0.01,0.0434,0.3687,0.1273,0.083,0.4485,0.3654,1.7497,0.3369,0.1268,0.1193,-0.025
2916,0.8772,0.0022,0.1226,272.61,59.4,0.01,0.0433,0.3756,0.1263,0.0817,0.4493,0.3629,1.7983,0.3524,0.1313,0.1236,-0.0275
2917,0.8758,0.0023,0.124,271.07,59.41,0.01,0.0431,0.384,0.1268,0.0832,0.4488,0.3648,1.8236,0.3519,0.1316,0.1239,-0.0261
2918,0.8751,0.0024,0.1246,310.26,67.24,0.01,0.0413,0.3832,0.1302,0.0842,0.4578,0.369,1.8586,0.3588,0.137,0.1291,-0.0185
2919,0.8738,0.0024,0.1259,263.48,57.32,0.01,0.0471,0.3607,0.1258,0.0808,0.4464,0.3678,1.7394,0.3431,0.1261,0.1185,-0.0298
2920,0.8724,0.0021,0.1273,269.32,56.4,0.01,0.0419,0.3733,0.128,0.083,0.4536,0.3723,1.762,0.3411,0.1298,0.1222,-0.0227
2921,0.8747,0.0012,0.125,264.45,58.51,0.01,0.0374,0.3635,0.1292,0.0834,0.4569,0.3743,1.8059,0.3474,0.1297,0.122,-0.0207
2922,0.8766,0.0009,0.1231,259.81,55.95,0.01,0.0375,0.3687,0.1279,0.0835,0.4505,0.3695,1.6465,0.3253,0.1213,0.1141,-0.0244
2923,0.8757,0.0007,0.124,280.05,60.61,0.01,0.0444,0.3845,0.1273,0.0823,0.4513,0.3746,1.7438,0.3352,0.1257,0.1184,-0.0269
2924,0.8762,0.0005,0.1237,266.95,58.17,0.01,0.0383,0.3667,0.1293,0.0842,0.4558,0.374,1.7256,0.3407,0.1253,0.1179,-0.0198
2925,0.8781,0.0007,0.1217,258.81,54.77,0.01,0.0421,0.3745,0.1282,0.0825,0.448,0.3695,1.675,0.3269,0.1223,0.1151,-0.0251
2926,0.8768,0.0007,0.123,283.27,62.69,0.01,0.0433,0.3697,0.1269,0.0816,0.4519,0.3685,1.7505,0.3415,0.1262,0.1187,-0.0259
2927,0.8766,0.0009,0.123,287.64,62.74,0.01,0.0423,0.3464,0.13,0.0834,0.4581,0.3724,1.7936,0.3509,0.1308,0.123,-0.0203
2928,0.8812,0.0012,0.1183,292.68,64.84,0.01,0.0421,0.3576,0.1306,0.0834,0.4593,0.3715,1.8616,0.3627,0.1335,0.1255,-0.0186
2929,0.8833,0.0012,0.1162,291.11,64.54,0.01,0.0419,0.363,0.1279,0.0828,0.4564,0.3728,1.7901,0.3538,0.1298,0.1221,-0.0232
2930,0.8846,0.0012,0.1149,273.2,59.47,0.01,0.0423,0.3611,0.1276,0.0817,0.4516,0.3692,1.8003,0.35,0.1303,0.1225,-0.0256
2931,0.8821,0.0012,0.1174,256.11,56.14,0.01,0.04,0.3416,0.1292,0.0823,0.4569,0.3719,1.6269,0.3318,0.1186,0.1113,-0.0215
2932,0.8821,0.001,0.1175,281.16,61.83,0.01,0.0389,0.3565,0.1311,0.0845,0.4637,0.3742,1.7638,0.3483,0.1266,0.1189,-0.0173
2933,0.8831,0.001,0.1164,266.41,58.36,0.01,0.0396,0.3667,0.1277,0.0828,0.4545,0.3685,1.7043,0.3363,0.1238,0.1164,-0.0248
2934,0.8834,0.001,0.1161,304.47,67.2,0.01,0.0419,0.3637,0.129,0.0829,0.4548,0.369,1.7935,0.3559,0.1297,0.1218,-0.0227
2935,0.8824,0.0011,0.1171,281.45,60.49,0.01,0.0433,0.3672,0.1279,0.0825,0.452,0.3653,1.7395,0.335,0.1277,0.1201,-0.0264
2936,0.8814,0.0012,0.118,255.54,55.21,0.01,0.0424,0.3717,0.1282,0.0819,0.4544,0.3743,1.7325,0.3429,0.125,0.1174,-0.025
2937,0.8796,0.0017,0.1195,309.81,68.68,0.01,0.0411,0.3628,0.1291,0.083,0.4581,0.3689,1.7973,0.3551,0.1294,0.1214,-0.0245
2938,0.8779,0.0016,0.1212,258.93,55.74,0.01,0.0421,0.3548,0.1271,0.0818,0.4555,0.3694,1.7187,0.3392,0.1245,0.1168,-0.0255
2939,0.8791,0.0019,0.1199,295.14,64.34,0.01,0.0431,0.3636,0.1302,0.0835,0.4589,0.3737,1.8221,0.3572,0.1324,0.1244,-0.0214
2940,0.8796,0.0019,0.1196,260.66,56.89,0.01,0.041,0.3454,0.1287,0.0824,0.4562,0.372,1.7595,0.3558,0.1264,0.1185,-0.0249
2941,0.8813,0.002,0.1179,287.12,62.56,0.01,0.0414,0.3428,0.1306,0.0838,0.4643,0.3768,1.8599,0.3641,0.1335,0.1253,-0.0199
2942,0.8834,0.0019,0.1159,267.31,58.04,0.01,0.039,0.3428,0.1293,0.0834,0.4659,0.3784,1.7786,0.351,0.1294,0.1214,-0.0209
2943,0.8843,0.0015,0.1149,273.72,58.34,0.01,0.0413,0.3422,0.1285,0.0831,0.4612,0.3769,1.7391,0.3488,0.1264,0.1185,-0.0229
2944,0.8827,0.0015,0.1165,289.66,63.99,0.01,0.0405,0.3443,0.1302,0.0836,0.4621,0.3762,1.8456,0.3617,0.1336,0.1254,-0.0216
2945,0.885,0.0012,0.1143,266.18,58.71,0.01,0.0408,0.3064,0.132,0.0842,0.4679,0.3815,1.7144,0.3488,0.1249,0.1172,-0.0168
2946,0.888,0.0013,0.1113,282.5,61.76,0.01,0.0405,0.3278,0.13,0.0829,0.4622,0.3788,1.7841,0.3553,0.129,0.121,-0.0229
2947,0.8896,0.0014,0.11,267.46,57.73,0.01,0.0416,0.3229,0.1297,0.083,0.4627,0.3758,1.7154,0.346,0.1241,0.1163,-0.023
2948,0.89,0.0012,0.1098,270.89,60.29,0.01,0.0402,0.3077,0.1317,0.0839,0.4652,0.379,1.7628,0.3602,0.1272,0.1191,-0.0182
2949,0.8922,0.0012,0.1075,280.95,62.49,0.01,0.0385,0.3212,0.1333,0.0854,0.4732,0.3823,1.8445,0.3732,0.1329,0.1246,-0.0147
2950,0.8936,0.0011,0.1062,241.04,53.42,0.01,0.0417,0.3365,0.1313,0.0837,0.4649,0.3776,1.7846,0.3583,0.1277,0.1196,-0.0206
2951,0.8936,0.0013,0.1061,259.16,55.79,0.01,0.0429,0.321,0.1319,0.0837,0.4711,0.3784,1.7981,0.3619,0.1306,0.1224,-0.0177
2952,0.8938,0.0013,0.106,271.87,58.91,0.01,0.0451,0.3322,0.1297,0.0833,0.4595,0.3775,1.7811,0.3627,0.1297,0.1216,-0.0244
2953,0.8931,0.0014,0.1066,277.93,60.76,0.01,0.0452,0.3203,0.1308,0.0845,0.4673,0.3788,1.7996,0.3623,0.1294,0.1212,-0.022
2954,0.8948,0.001,0.1052,296.81,66.08,0.01,0.0418,0.3437,0.1313,0.0843,0.4603,0.377,1.8309,0.372,0.1317,0.1233,-0.025
2955,0.8944,0.0012,0.1054,295.85,65.56,0.01,0.0429,0.3299,0.1295,0.0834,0.462,0.3802,1.8651,0.3718,0.1343,0.1257,-0.0236
2956,0.8936,0.0012,0.1062,278.21,61.42,0.01,0.041,0.3087,0.1323,0.0847,0.468,0.3801,1.7496,0.3605,0.1247,0.1167,-0.0176
2957,0.8924,0.0018,0.1071,279.88,62.52,0.01,0.044,0.337,0.1293,0.0833,0.4587,0.374,1.7898,0.3645,0.1272,0.1191,-0.0262
2958,0.8928,0.0024,0.1067,278.27,61.58,0.01,0.0448,0.3186,0.1307,0.0834,0.4637,0.3761,1.8705,0.3776,0.1344,0.1259,-0.0214
2959,0.8944,0.0025,0.1051,260.05,58.06,0.01,0.0426,0.3185,0.1321,0.0853,0.4678,0.3802,1.8568,0.3778,0.1338,0.1253,-0.0181
2960,0.8947,0.0028,0.1045,304.27,66.57,0.01,0.044,0.3123,0.1327,0.0842,0.4687,0.3779,1.8754,0.3795,0.1361,0.1275,-0.0209
2961,0.8946,0.0029,0.1045,265.35,58.26,0.01,0.0422,0.3187,0.1326,0.0843,0.4686,0.3804,1.784,0.3633,0.1288,0.1206,-0.017
2962,0.8933,0.0031,0.1057,306.79,68.3,0.01,0.0426,0.3271,0.1318,0.0848,0.4679,0.3808,1.8132,0.362,0.1298,0.1216,-0.0199
2963,0.8937,0.003,0.1056,302.68,66.38,0.01,0.0419,0.329,0.1315,0.0844,0.4665,0.377,1.8913,0.3811,0.1371,0.1286,-0.0198
2964,0.8913,0.0032,0.108,290.3,63.55,0.01,0.0468,0.3342,0.1303,0.0839,0.46,0.3752,1.737,0.3524,0.1276,0.1197,-0.0254
2965,0.8932,0.0034,0.1059,266.66,58.85,0.01,0.0405,0.3077,0.1335,0.0851,0.4709,0.3834,1.7538,0.3614,0.126,0.118,-0.0172
2966,0.8921,0.0037,0.1069,317.86,70.26,0.01,0.0452,0.3126,0.1323,0.0844,0.4739,0.3792,1.9067,0.3815,0.1377,0.129,-0.0173
2967,0.8926,0.0038,0.1064,288.7,63.44,0.01,0.0433,0.3099,0.131,0.0834,0.4643,0.3774,1.8401,0.3769,0.1321,0.1236,-0.0243
2968,0.892,0.0034,0.1069,274.44,59.04,0.01,0.0393,0.3454,0.1317,0.0838,0.4651,0.377,1.7149,0.3525,0.1246,0.1167,-0.0244
2969,0.8936,0.0036,0.1051,273.71,61.54,0.01,0.0421,0.3365,0.1332,0.0854,0.4724,0.3825,1.8815,0.3785,0.1342,0.1257,-0.0172
2970,0.8955,0.0032,0.1031,273.72,59.26,0.01,0.0381,0.313,0.1345,0.0852,0.471,0.3839,1.7729,0.3588,0.1285,0.1204,-0.0171
2971,0.8979,0.0033,0.1005,285.04,64.07,0.01,0.0379,0.3044,0.135,0.086,0.476,0.3826,1.8402,0.3731,0.1319,0.1234,-0.0132
2972,0.8991,0.003,0.0995,275.98,60.33,0.01,0.0408,0.3255,0.1336,0.0853,0.4689,0.3857,1.777,0.3589,0.1302,0.122,-0.0187
2973,0.9016,0.003,0.097,291.11,64.08,0.01,0.0403,0.303,0.1337,0.0849,0.473,0.3834,1.8763,0.3804,0.1342,0.1257,-0.0164
2974,0.9048,0.0029,0.0939,291.18,63.92,0.01,0.0442,0.3288,0.1331,0.0854,0.4729,0.3815,1.7847,0.3607,0.1296,0.1215,-0.0178
2975,0.9058,0.0029,0.093,274.37,61.6,0.01,0.0449,0.3003,0.1315,0.0837,0.4697,0.382,1.8161,0.3802,0.1303,0.1218,-0.0205
2976,0.9047,0.0031,0.0939,286.45,64.68,0.01,0.0436,0.317,0.132,0.0842,0.4742,0.3827,1.8971,0.3839,0.1361,0.1273,-0.0202
2977,0.905,0.0033,0.0934,278.52,61.51,0.01,0.0502,0.3308,0.1299,0.0823,0.4647,0.3847,1.8731,0.3801,0.1338,0.1252,-0.0259
2978,0.9044,0.0038,0.0939,307.53,66.9,0.01,0.0468,0.304,0.1328,0.0836,0.4738,0.385,1.9545,0.3968,0.1417,0.1326,-0.0194
2979,0.9045,0.004,0.0938,303.9,68.07,0.01,0.0445,0.3141,0.1339,0.0852,0.477,0.3893,1.8745,0.3816,0.1352,0.1265,-0.0158
2980,0.9046,0.0045,0.0937,277.54,62.15,0.01,0.0424,0.2868,0.134,0.0844,0.4702,0.3854,1.843,0.3837,0.1321,0.1235,-0.019
2981,0.9055,0.0043,0.0928,299.51,66.33,0.01,0.0425,0.2969,0.1344,0.0845,0.4767,0.3813,1.8914,0.3866,0.1371,0.1283,-0.0169
2982,0.9055,0.0044,0.0927,293.15,64.77,0.01,0.044,0.3095,0.133,0.0845,0.4723,0.3838,1.936,0.3947,0.1383,0.1293,-0.0203
2983,0.9057,0.0047,0.0924,278.87,62.29,0.01,0.0437,0.3106,0.1335,0.0844,0.4726,0.3839,1.803,0.3698,0.1301,0.1218,-0.0177
2984,0.9095,0.0039,0.0887,281.94,62.56,0.01,0.0402,0.2807,0.1374,0.0871,0.4844,0.3888,1.8673,0.386,0.1349,0.1261,-0.0084
2985,0.9111,0.0038,0.0869,264.98,58.7,0.01,0.0444,0.3099,0.1332,0.0844,0.4715,0.3827,1.7453,0.3565,0.1264,0.1183,-0.0198
2986,0.9099,0.0039,0.0881,305.82,66.77,0.01,0.0452,0.3254,0.1323,0.084,0.4688,0.3829,1.8777,0.3852,0.1367,0.1279,-0.0235
2987,0.9083,0.0044,0.0892,290.61,65.1,0.01,0.0442,0.3142,0.1327,0.0831,0.4691,0.3865,1.8433,0.3795,0.1312,0.1227,-0.023
2988,0.9058,0.0046,0.0915,259.17,56.29,0.01,0.0457,0.3098,0.1322,0.0822,0.4719,0.383,1.6838,0.348,0.1234,0.1155,-0.0233
2989,0.9065,0.004,0.0911,296.53,64.71,0.01,0.0412,0.2991,0.1339,0.0845,0.475,0.3872,1.7488,0.3642,0.1281,0.1199,-0.0182
2990,0.9049,0.0039,0.0929,281.26,61.41,0.01,0.0445,0.2911,0.1336,0.0835,0.472,0.3872,1.8796,0.3857,0.1369,0.1281,-0.0201
2991,0.9064,0.0039,0.0914,277.69,60.38,0.01,0.041,0.2724,0.1356,0.0844,0.483,0.3893,1.8148,0.3776,0.1323,0.1237,-0.0127
2992,0.9076,0.0036,0.0903,310.47,69.39,0.01,0.0478,0.3071,0.1308,0.0824,0.4679,0.3793,1.9466,0.3958,0.1397,0.1307,-0.0242
2993,0.9066,0.0036,0.0915,290.56,64.44,0.01,0.0438,0.298,0.135,0.0842,0.4764,0.3881,1.8954,0.3902,0.1369,0.128,-0.0171
2994,0.9043,0.0041,0.0935,309.49,68.82,0.01,0.0424,0.2917,0.1335,0.0838,0.4716,0.3871,1.8173,0.3803,0.1317,0.1231,-0.0207
2995,0.903,0.0044,0.0947,286.5,62.54,0.01,0.0385,0.3098,0.1332,0.0835,0.4746,0.3836,1.7831,0.3698,0.1308,0.1226,-0.0207
2996,0.9065,0.0044,0.0911,307.01,67.7,0.01,0.0423,0.2852,0.1364,0.0857,0.4835,0.3899,1.8708,0.3911,0.1353,0.1265,-0.0132
2997,0.9063,0.005,0.0915,285.84,62.94,0.01,0.0435,0.3056,0.1345,0.0842,0.4716,0.3854,1.882,0.388,0.1359,0.1271,-0.022
2998,0.904,0.0054,0.0935,293.69,65.71,0.01,0.044,0.3063,0.1328,0.0838,0.4738,0.3863,1.8353,0.3801,0.1321,0.1235,-0.0213
2999,0.9033,0.0057,0.0942,306.2,67.92,0.01,0.0434,0.304,0.1348,0.0848,0.4785,0.389,1.9016,0.3873,0.1371,0.1283,-0.0176
3000,0.902,0.0061,0.0955,292.78,63.76,0.01,0.0442,0.2957,0.1324,0.0832,0.4676,0.3843,1.816,0.3738,0.1304,0.1218,-0.025
3001,0.8997,0.0067,0.0978,285.66,63.9,0.01,0.0453,0.3032,0.133,0.0843,0.4745,0.3887,1.8785,0.384,0.1347,0.126,-0.0201
3002,0.9006,0.0066,0.0971,299.16,65.22,0.01,0.0388,0.2788,0.1371,0.0862,0.4809,0.3905,1.7818,0.3799,0.1294,0.121,-0.0139
3003,0.9031,0.0065,0.0949,280.73,62.58,0.01,0.0417,0.2833,0.1345,0.0843,0.4775,0.3861,1.8541,0.3822,0.132,0.1233,-0.0181
3004,0.9018,0.0069,0.0959,280.82,62.39,0.01,0.0419,0.2935,0.1342,0.0837,0.4696,0.3837,1.6436,0.3513,0.1205,0.1128,-0.02
3005,0.9012,0.007,0.0964,278.23,61.36,0.01,0.0461,0.3041,0.1333,0.0847,0.4721,0.3877,1.9078,0.3908,0.137,0.1282,-0.0224
3006,0.8991,0.0069,0.0984,274.52,59.06,0.01,0.0418,0.272,0.1339,0.0846,0.4741,0.3858,1.6603,0.3568,0.123,0.115,-0.0196
3007,0.8975,0.0071,0.0999,275.18,61.94,0.01,0.0457,0.2981,0.1335,0.084,0.4746,0.3868,1.8963,0.3893,0.1364,0.1276,-0.0213
3008,0.8984,0.0067,0.0991,284.29,62.59,0.01,0.0419,0.2671,0.1345,0.0844,0.4767,0.3943,1.825,0.3846,0.1309,0.1222,-0.0173
3009,0.8991,0.0056,0.0989,272.07,59.9,0.01,0.0425,0.2847,0.1352,0.0849,0.478,0.3906,1.8272,0.3754,0.1314,0.1228,-0.0179
3010,0.9011,0.0048,0.0969,279.58,61.89,0.01,0.044,0.271,0.1355,0.0843,0.4763,0.3906,1.7567,0.3691,0.1265,0.1181,-0.0187
3011,0.9046,0.0052,0.0932,304.96,68.63,0.01,0.0438,0.2778,0.1359,0.0859,0.4822,0.3938,1.8874,0.3967,0.1348,0.126,-0.0158
3012,0.9066,0.0052,0.0914,300.74,67.23,0.01,0.041,0.2837,0.1368,0.0851,0.4824,0.3897,1.7917,0.3784,0.129,0.1205,-0.0153
3013,0.9068,0.0045,0.092,298.03,66.67,0.01,0.0433,0.288,0.1349,0.0849,0.4734,0.3917,1.7653,0.3749,0.1274,0.1189,-0.0216
3014,0.9051,0.0048,0.0939,293.69,64.94,0.01,0.0407,0.2788,0.1367,0.0859,0.4822,0.3924,1.8522,0.3884,0.1335,0.1247,-0.0177
3015,0.9058,0.0045,0.0933,283.73,63.96,0.01,0.0445,0.2775,0.137,0.0847,0.4803,0.3909,1.9265,0.4012,0.138,0.1289,-0.017
3016,0.906,0.0041,0.0932,268.64,60.67,0.01,0.0454,0.264,0.1358,0.0853,0.4793,0.3956,2.0626,0.4243,0.1456,0.1359,-0.0175
3017,0.9049,0.0041,0.0944,294.7,66.54,0.01,0.0415,0.274,0.1353,0.0851,0.4796,0.3916,1.7814,0.3797,0.1284,0.1198,-0.0185
3018,0.9059,0.0037,0.0934,291.11,65.17,0.01,0.0432,0.2809,0.1348,0.0857,0.48,0.3903,1.8144,0.386,0.131,0.1223,-0.0196
3019,0.9062,0.0039,0.0929,313.83,69.43,0.01,0.0477,0.2902,0.1327,0.0833,0.4747,0.3899,1.8235,0.3786,0.1313,0.1226,-0.0246
3020,0.904,0.0043,0.095,291.17,65.46,0.01,0.0448,0.2797,0.1342,0.0841,0.477,0.39,1.8191,0.3839,0.1312,0.1225,-0.0214
3021,0.9048,0.0044,0.0942,295.79,65.51,0.01,0.0442,0.2619,0.1388,0.0857,0.487,0.3935,1.8958,0.4024,0.1362,0.1271,-0.0136
3022,0.9042,0.0048,0.0947,291.88,64.1,0.01,0.0449,0.264,0.136,0.085,0.4752,0.3877,1.896,0.4043,0.1363,0.1272,-0.0216
3023,0.9041,0.005,0.0944,302.51,66.17,0.01,0.0442,0.269,0.1366,0.0848,0.4803,0.3887,1.8784,0.3984,0.1364,0.1274,-0.0168
3024,0.9062,0.0045,0.0924,308.08,67.65,0.01,0.0411,0.265,0.1389,0.0864,0.4884,0.391,1.8534,0.3982,0.134,0.1251,-0.0127
3025,0.9088,0.0038,0.0897,280.67,63.06,0.01,0.0428,0.2751,0.1372,0.0856,0.4831,0.392,1.7905,0.3877,0.1294,0.1207,-0.0168
3026,0.9097,0.0037,0.0889,314.36,70.5,0.01,0.0394,0.2493,0.1383,0.0857,0.4906,0.3956,1.8782,0.3994,0.1346,0.1255,-0.012
3027,0.911,0.0037,0.0878,283.73,63.03,0.01,0.0433,0.2607,0.1363,0.0845,0.481,0.3938,1.8446,0.3968,0.1338,0.1249,-0.0174
3028,0.9106,0.004,0.0879,294.15,64.8,0.01,0.0445,0.2891,0.1357,0.0834,0.4776,0.3897,1.8672,0.3912,0.1349,0.1261,-0.0203
3029,0.9082,0.0042,0.0904,292.06,64.68,0.01,0.0412,0.2625,0.1382,0.0859,0.4824,0.3929,1.9055,0.4054,0.1364,0.1272,-0.0152
3030,0.9111,0.0041,0.0877,318.87,71.16,0.01,0.0438,0.259,0.1398,0.0867,0.488,0.3951,1.9327,0.4152,0.1393,0.1301,-0.0134
3031,0.9131,0.0038,0.0857,270.42,59.85,0.01,0.0418,0.2558,0.1375,0.0851,0.4839,0.3935,1.7946,0.3901,0.1298,0.1211,-0.0154
3032,0.9152,0.0037,0.0835,293.56,66.66,0.01,0.044,0.2598,0.1395,0.0859,0.487,0.3944,1.8957,0.4035,0.1361,0.127,-0.0125
3033,0.9182,0.0037,0.0805,286.29,65.07,0.01,0.0451,0.2704,0.1372,0.0852,0.4805,0.3927,1.9105,0.4011,0.137,0.1279,-0.017
3034,0.9183,0.0039,0.0805,269.14,59.56,0.01,0.0433,0.2625,0.1382,0.0855,0.486,0.395,1.9263,0.4012,0.1385,0.1293,-0.0135
3035,0.9186,0.0041,0.08,306.15,68.41,0.01,0.0464,0.2508,0.1391,0.0854,0.4841,0.3935,1.8028,0.3891,0.1305,0.1218,-0.019
3036,0.9168,0.0046,0.0812,300.46,66.08,0.01,0.0408,0.2575,0.1381,0.0855,0.484,0.3952,1.7699,0.3856,0.1285,0.1199,-0.0174
3037,0.9179,0.0043,0.0802,289.27,63.87,0.01,0.0413,0.2478,0.138,0.0851,0.4876,0.3954,1.9041,0.4077,0.1382,0.129,-0.015
3038,0.9192,0.0043,0.0791,265.19,58.45,0.01,0.0397,0.2499,0.1402,0.0868,0.4901,0.3943,1.8693,0.3979,0.1353,0.1263,-0.0117
3039,0.9206,0.0048,0.0776,285.72,63.04,0.01,0.0441,0.2556,0.1385,0.0846,0.4821,0.3929,1.8651,0.4004,0.1335,0.1244,-0.0199
3040,0.9193,0.0053,0.0787,279.81,61.95,0.01,0.0439,0.248,0.1391,0.0849,0.4826,0.3929,1.8069,0.3942,0.1318,0.123,-0.0161
3041,0.9202,0.0052,0.0777,270.84,59.42,0.01,0.0407,0.2288,0.1384,0.0856,0.4894,0.3972,1.9077,0.4096,0.1371,0.1278,-0.0141
3042,0.9196,0.0051,0.078,292.47,65.71,0.01,0.0437,0.2386,0.1382,0.0843,0.4811,0.394,1.8921,0.4036,0.1355,0.1263,-0.0196
3043,0.9207,0.0053,0.0764,285.13,63.78,0.01,0.0403,0.2372,0.1406,0.0857,0.4904,0.3996,1.8072,0.3947,0.1306,0.1218,-0.0118
3044,0.9206,0.0048,0.0767,302.06,68.11,0.01,0.0435,0.2456,0.1401,0.0864,0.4886,0.3953,1.9429,0.4171,0.1383,0.1288,-0.0138
3045,0.9219,0.0044,0.0758,309.3,69.38,0.01,0.0377,0.2266,0.1407,0.0866,0.4946,0.3952,1.758,0.3906,0.1284,0.1198,-0.0097
3046,0.9243,0.0043,0.0735,315.17,71.05,0.01,0.0396,0.2293,0.1411,0.0859,0.4963,0.3933,1.7918,0.3985,0.1297,0.1209,-0.0096
3047,0.9241,0.0046,0.0737,290.14,64.68,0.01,0.042,0.2349,0.1391,0.0852,0.4893,0.3921,1.8634,0.4031,0.1336,0.1245,-0.0152
3048,0.9262,0.0043,0.0719,293.09,65.25,0.01,0.0404,0.2287,0.1406,0.0847,0.4907,0.3962,1.8733,0.4056,0.1351,0.1259,-0.0123
3049,0.9277,0.0047,0.0702,317.06,71.47,0.01,0.0454,0.242,0.1402,0.0847,0.4878,0.3936,1.8707,0.4076,0.1352,0.1261,-0.0154
3050,0.9281,0.0045,0.0697,283.48,62.12,0.01,0.0422,0.2332,0.1405,0.0851,0.4896,0.3937,1.8547,0.4047,0.1341,0.125,-0.0135
3051,0.9282,0.0049,0.0696,305.72,67.49,0.01,0.0409,0.2447,0.1394,0.0855,0.4897,0.3946,1.948,0.4186,0.1397,0.1303,-0.0162
3052,0.9267,0.0048,0.0714,289.92,64.66,0.01,0.0441,0.2482,0.1398,0.0856,0.4904,0.3961,1.8664,0.4065,0.1357,0.1268,-0.0152
3053,0.9265,0.0048,0.0718,274.98,60.71,0.01,0.0441,0.2535,0.1396,0.0842,0.4919,0.3887,1.927,0.413,0.1384,0.129,-0.0173
3054,0.9254,0.0044,0.0729,274.45,61.0,0.01,0.04,0.2473,0.1411,0.0856,0.4901,0.3923,1.8654,0.4086,0.1354,0.1264,-0.014
3055,0.9249,0.005,0.073,275.32,60.65,0.01,0.0407,0.2501,0.1412,0.0856,0.4941,0.3952,1.8622,0.4053,0.1349,0.1259,-0.0132
3056,0.925,0.0047,0.0732,290.73,65.35,0.01,0.0413,0.2472,0.1394,0.0848,0.4879,0.3993,1.9169,0.4105,0.1362,0.127,-0.0154
3057,0.9254,0.0045,0.0731,292.98,64.64,0.01,0.0391,0.2451,0.1405,0.0857,0.4953,0.3945,1.8591,0.4069,0.1349,0.1258,-0.0125
3058,0.9248,0.0045,0.0737,283.81,62.2,0.01,0.0409,0.2552,0.1392,0.085,0.4889,0.3919,1.825,0.4,0.1332,0.1243,-0.0166
3059,0.9235,0.0044,0.075,308.13,69.69,0.01,0.0388,0.2468,0.1413,0.0856,0.4942,0.3957,1.8993,0.4132,0.1369,0.1276,-0.0124
3060,0.9249,0.0041,0.0739,289.87,65.5,0.01,0.0413,0.2332,0.1413,0.0861,0.4972,0.3979,1.8909,0.4133,0.1365,0.1273,-0.0124
3061,0.9253,0.004,0.0738,297.14,66.11,0.01,0.0392,0.2388,0.1422,0.0862,0.4997,0.3951,1.8096,0.4019,0.1324,0.1235,-0.0107
3062,0.9285,0.0034,0.0706,302.12,67.55,0.01,0.0404,0.2554,0.1392,0.0848,0.4937,0.3982,1.914,0.4125,0.1373,0.128,-0.0156
3063,0.93,0.0029,0.0693,282.84,63.56,0.01,0.0414,0.2399,0.1407,0.0845,0.4963,0.3947,1.8699,0.4049,0.1341,0.125,-0.0133
3064,0.9309,0.0023,0.0684,299.26,66.11,0.01,0.0434,0.2447,0.1403,0.085,0.4926,0.3951,1.9193,0.4147,0.1388,0.1295,-0.0164
3065,0.9282,0.0025,0.0712,245.25,53.61,0.01,0.0432,0.2431,0.1408,0.0846,0.4963,0.3941,1.8156,0.3994,0.1321,0.1232,-0.0142
3066,0.9279,0.0027,0.0714,293.16,65.58,0.01,0.0407,0.2352,0.1413,0.0846,0.4939,0.3907,1.8491,0.4057,0.1337,0.1246,-0.0154
3067,0.9268,0.0028,0.0724,283.73,63.56,0.01,0.0405,0.2203,0.1398,0.0833,0.4898,0.3907,1.8755,0.4145,0.1341,0.1248,-0.0178
3068,0.9273,0.0029,0.0717,275.37,61.68,0.01,0.0417,0.2307,0.1422,0.0852,0.4985,0.395,1.8606,0.4134,0.1346,0.1254,-0.012
3069,0.9261,0.0033,0.0725,279.84,62.78,0.01,0.0435,0.2397,0.1415,0.0856,0.494,0.3936,1.9021,0.4148,0.1362,0.1269,-0.0157
3070,0.9257,0.003,0.0729,309.03,69.7,0.01,0.0428,0.2385,0.1412,0.0853,0.4967,0.3965,1.9732,0.4265,0.1416,0.1319,-0.0142
3071,0.9249,0.0029,0.0734,290.77,64.53,0.01,0.0359,0.2404,0.1407,0.085,0.4924,0.3953,1.777,0.3946,0.1277,0.1189,-0.0146
3072,0.9235,0.0034,0.0743,286.38,63.47,0.01,0.0374,0.2398,0.1399,0.0842,0.4945,0.3947,1.7897,0.3945,0.1298,0.121,-0.0165
3073,0.9226,0.0039,0.075,298.85,66.32,0.01,0.0417,0.2501,0.1417,0.0845,0.4913,0.3994,1.8993,0.4114,0.1367,0.1273,-0.0148
3074,0.9249,0.0036,0.0732,307.25,69.48,0.01,0.0402,0.2329,0.1423,0.0851,0.4982,0.3931,1.8448,0.4056,0.1322,0.1231,-0.0127
3075,0.9265,0.0032,0.072,281.75,61.95,0.01,0.0397,0.2401,0.1419,0.085,0.4989,0.3946,1.7957,0.3974,0.131,0.122,-0.0122
3076,0.9276,0.0034,0.0709,293.54,65.3,0.01,0.0389,0.2289,0.143,0.0846,0.5009,0.3955,1.8754,0.4132,0.1353,0.1259,-0.0099
3077,0.9272,0.003,0.0713,267.47,59.99,0.01,0.0409,0.2402,0.1397,0.0835,0.4944,0.3945,1.8314,0.404,0.1334,0.1243,-0.0168
3078,0.9269,0.0024,0.0716,282.49,62.42,0.01,0.0414,0.2371,0.1416,0.0839,0.4969,0.3927,1.8422,0.4063,0.1322,0.1232,-0.0149
3079,0.9266,0.0023,0.0719,290.41,64.93,0.01,0.0415,0.2495,0.1401,0.0846,0.4945,0.3933,1.9253,0.4148,0.1382,0.1288,-0.0146
3080,0.9256,0.0023,0.0729,294.86,65.62,0.01,0.0424,0.2454,0.1432,0.0852,0.4997,0.3974,1.9507,0.4202,0.1401,0.1304,-0.0115
3081,0.9275,0.0027,0.071,283.82,62.41,0.01,0.0414,0.2303,0.1417,0.0849,0.4991,0.396,1.9341,0.4201,0.1382,0.1286,-0.014
3082,0.9298,0.0032,0.0687,303.35,67.77,0.01,0.0406,0.2359,0.1421,0.085,0.5008,0.3958,1.9294,0.4275,0.139,0.1294,-0.0122
3083,0.929,0.0032,0.0696,319.77,71.18,0.01,0.0415,0.2465,0.1405,0.084,0.4928,0.3923,1.9227,0.4219,0.1392,0.1297,-0.0171
3084,0.93,0.0026,0.0686,299.95,67.04,0.01,0.0377,0.2225,0.144,0.0851,0.5022,0.3971,2.021,0.441,0.1444,0.1344,-0.0089
3085,0.93,0.0026,0.0685,243.42,52.93,0.01,0.0384,0.2276,0.1424,0.0842,0.5015,0.3959,1.7564,0.3935,0.1278,0.1191,-0.011
3086,0.9301,0.002,0.0689,301.64,67.69,0.01,0.0396,0.2394,0.1409,0.0841,0.4951,0.3946,1.8859,0.4159,0.1353,0.1258,-0.0148
3087,0.9313,0.0019,0.068,284.75,62.29,0.01,0.0374,0.2207,0.1434,0.0842,0.4998,0.3966,1.8098,0.4019,0.1307,0.1217,-0.012
3088,0.9328,0.0016,0.0667,292.48,66.87,0.01,0.0371,0.2179,0.1439,0.0847,0.5047,0.3954,1.9148,0.4217,0.1371,0.1276,-0.008
3089,0.9359,0.0014,0.0637,302.47,67.67,0.01,0.0407,0.2261,0.142,0.0838,0.4997,0.3929,1.9285,0.4253,0.1392,0.1296,-0.0129
3090,0.9341,0.0019,0.0655,299.09,67.34,0.01,0.0405,0.214,0.142,0.083,0.4958,0.3962,1.8594,0.4117,0.1326,0.1233,-0.0139
3091,0.9318,0.0021,0.0677,295.07,65.35,0.01,0.0409,0.2504,0.141,0.0841,0.4947,0.3927,1.8274,0.4007,0.1325,0.1235,-0.0147
3092,0.9324,0.0017,0.0674,288.49,63.8,0.01,0.0348,0.2275,0.142,0.0842,0.4985,0.3947,1.8362,0.4045,0.133,0.1239,-0.0122
3093,0.9315,0.0017,0.0683,294.62,64.88,0.01,0.0378,0.2406,0.1405,0.0841,0.4964,0.3972,1.8819,0.4201,0.1358,0.1264,-0.0168
3094,0.9317,0.0017,0.0681,307.29,70.47,0.01,0.0397,0.2374,0.1422,0.0839,0.499,0.3948,1.8709,0.4134,0.1344,0.1252,-0.0127
3095,0.9328,0.0017,0.0669,279.84,62.36,0.01,0.0409,0.2414,0.1423,0.0839,0.4931,0.3954,1.9461,0.4275,0.1401,0.1306,-0.0131
3096,0.9332,0.0018,0.0665,307.55,68.58,0.01,0.0407,0.243,0.1426,0.0847,0.5014,0.3964,1.9776,0.436,0.1418,0.1321,-0.0117
3097,0.9349,0.0017,0.0649,271.79,60.36,0.01,0.0396,0.238,0.1424,0.0847,0.5006,0.3945,1.8214,0.4038,0.1318,0.1229,-0.0128
3098,0.9356,0.0019,0.0642,276.34,61.44,0.01,0.0394,0.2491,0.1438,0.0851,0.5001,0.3936,1.8898,0.4159,0.1365,0.1273,-0.0094
3099,0.9369,0.0021,0.0627,307.78,69.52,0.01,0.0401,0.2363,0.1442,0.0847,0.5034,0.3907,1.9473,0.4271,0.1398,0.1302,-0.0103
3100,0.9372,0.0026,0.0623,318.93,72.83,0.01,0.035,0.2374,0.1448,0.0854,0.5019,0.3944,1.9063,0.4218,0.1374,0.128,-0.0097
3101,0.937,0.0029,0.0625,336.13,76.83,0.01,0.0408,0.2604,0.1427,0.0844,0.4968,0.392,2.0581,0.438,0.1468,0.1369,-0.0124
3102,0.9371,0.0027,0.0624,278.91,62.28,0.01,0.0356,0.2288,0.1431,0.0845,0.5044,0.397,1.9112,0.4258,0.1371,0.1275,-0.0115
3103,0.936,0.0028,0.0634,281.37,63.14,0.01,0.0374,0.225,0.1423,0.084,0.5002,0.3999,1.7531,0.3931,0.1261,0.1174,-0.0133
3104,0.9353,0.0028,0.0639,297.7,66.07,0.01,0.038,0.231,0.142,0.0839,0.5029,0.3968,1.8693,0.4177,0.134,0.1247,-0.0139
3105,0.9371,0.0025,0.0622,298.25,67.98,0.01,0.0376,0.2394,0.1425,0.0846,0.4963,0.3994,1.8349,0.4028,0.1328,0.1237,-0.0148
3106,0.9353,0.0026,0.0638,303.81,68.39,0.01,0.0398,0.2175,0.143,0.0842,0.5047,0.3991,1.8761,0.4197,0.1355,0.1261,-0.0131
3107,0.9339,0.0027,0.0651,284.82,64.04,0.01,0.0418,0.2275,0.1444,0.0843,0.5075,0.4007,1.9085,0.4193,0.1371,0.1276,-0.0103
3108,0.9334,0.0025,0.0657,313.98,70.39,0.01,0.0372,0.2456,0.1429,0.0847,0.5048,0.3974,1.9511,0.427,0.1396,0.1299,-0.0127
3109,0.9321,0.0022,0.0668,299.0,66.73,0.01,0.0398,0.2334,0.1439,0.0846,0.5049,0.4,1.8374,0.4072,0.1314,0.1223,-0.0113
3110,0.9309,0.0023,0.068,282.08,62.57,0.01,0.0373,0.2278,0.1428,0.0844,0.5085,0.4016,1.8274,0.4037,0.1312,0.1219,-0.0124
3111,0.9325,0.0021,0.0667,293.35,64.94,0.01,0.0381,0.2218,0.1455,0.0855,0.5103,0.4023,1.944,0.4351,0.1409,0.1312,-0.0085
3112,0.9337,0.0015,0.0658,292.99,65.1,0.01,0.0378,0.2095,0.1445,0.0853,0.5109,0.3994,1.8406,0.413,0.1334,0.124,-0.0087
3113,0.9348,0.0016,0.0648,294.33,64.75,0.01,0.0396,0.2209,0.143,0.0838,0.5052,0.4003,1.9343,0.4319,0.1389,0.1291,-0.0134
3114,0.9328,0.002,0.0666,304.17,69.28,0.01,0.0419,0.2298,0.1437,0.0845,0.5052,0.3986,1.9823,0.4367,0.1405,0.1305,-0.014
3115,0.9354,0.0023,0.0638,274.07,59.83,0.01,0.0363,0.2151,0.1446,0.084,0.5109,0.3998,1.8766,0.4173,0.1359,0.1264,-0.0088
3116,0.938,0.002,0.0613,282.3,63.94,0.01,0.0381,0.2175,0.1444,0.0848,0.51,0.3979,1.899,0.4167,0.135,0.1254,-0.0091
3117,0.9399,0.0021,0.0593,297.84,68.01,0.01,0.0374,0.2112,0.1433,0.0842,0.5094,0.3983,1.9045,0.423,0.1352,0.1255,-0.0113
3118,0.9395,0.0022,0.0598,289.42,63.76,0.01,0.0383,0.2043,0.1446,0.0845,0.5131,0.402,1.8416,0.4106,0.1324,0.123,-0.0081
3119,0.94,0.0022,0.0593,299.36,66.27,0.01,0.0363,0.2012,0.1445,0.0845,0.5122,0.4013,1.9709,0.4395,0.141,0.1309,-0.009
3120,0.9401,0.0019,0.0591,307.76,69.71,0.01,0.0356,0.209,0.1449,0.0854,0.5146,0.4035,1.8681,0.4223,0.1341,0.1245,-0.009
3121,0.9413,0.0011,0.0582,301.83,66.86,0.01,0.0377,0.2232,0.1435,0.0841,0.511,0.4019,1.989,0.4391,0.1433,0.1332,-0.0101
3122,0.9409,0.0013,0.0586,260.87,58.5,0.01,0.039,0.2073,0.1437,0.0841,0.5082,0.4015,1.8361,0.4111,0.1313,0.1218,-0.012
3123,0.9407,0.0015,0.0588,302.59,68.27,0.01,0.0365,0.2219,0.1435,0.0849,0.5106,0.4032,1.8276,0.4125,0.1315,0.1221,-0.0122
3124,0.9407,0.0016,0.0588,315.21,71.17,0.01,0.0393,0.2039,0.1457,0.085,0.5115,0.4034,1.9325,0.4294,0.1383,0.1282,-0.0092
3125,0.9403,0.0015,0.0592,308.74,70.8,0.01,0.0374,0.2174,0.1438,0.0837,0.5097,0.4002,1.9318,0.4335,0.1382,0.1284,-0.0109
3126,0.9433,0.0014,0.0562,311.22,68.88,0.01,0.037,0.1967,0.147,0.0853,0.5202,0.4045,1.8934,0.4346,0.1381,0.1283,-0.0059
3127,0.9451,0.0011,0.0545,291.76,66.96,0.01,0.0366,0.2008,0.1443,0.0841,0.5106,0.4028,1.8228,0.4145,0.1312,0.1216,-0.0096
3128,0.9458,0.0012,0.054,288.66,65.45,0.01,0.0386,0.2141,0.1441,0.0836,0.5092,0.3977,1.839,0.4126,0.1315,0.1219,-0.0122
3129,0.9467,0.0011,0.053,308.74,69.08,0.01,0.0414,0.2026,0.1449,0.0834,0.5113,0.4018,1.9677,0.437,0.1411,0.1308,-0.0119
3130,0.9466,0.0013,0.0532,292.08,66.85,0.01,0.0393,0.1849,0.1469,0.0848,0.5138,0.4018,1.9251,0.4288,0.1362,0.1262,-0.007
3131,0.947,0.0019,0.0526,299.28,67.44,0.01,0.0411,0.1957,0.1467,0.0842,0.5129,0.4006,2.0103,0.4473,0.1432,0.1327,-0.0088
3132,0.9474,0.0024,0.0519,310.35,70.34,0.01,0.0389,0.2018,0.1447,0.0834,0.5132,0.4027,1.9591,0.4396,0.14,0.1298,-0.0087
3133,0.9469,0.0021,0.0525,313.22,71.0,0.01,0.0395,0.2017,0.145,0.0837,0.5116,0.4016,1.9193,0.4298,0.1382,0.1282,-0.0096
3134,0.9485,0.0018,0.051,285.8,63.91,0.01,0.0371,0.187,0.1456,0.0843,0.5166,0.4072,1.9198,0.4368,0.1382,0.1281,-0.007
3135,0.9498,0.0017,0.0497,299.61,67.14,0.01,0.0421,0.2058,0.1456,0.0838,0.5121,0.4,1.8919,0.4268,0.1362,0.1264,-0.0105
3136,0.9492,0.0019,0.0503,289.2,65.58,0.01,0.0407,0.1868,0.1441,0.0824,0.51,0.4045,1.9095,0.4335,0.1371,0.127,-0.0124
3137,0.9487,0.0021,0.0507,305.85,70.21,0.01,0.0388,0.2105,0.1452,0.0837,0.5052,0.4008,1.8942,0.429,0.1352,0.1252,-0.0106
3138,0.9507,0.0017,0.0486,301.59,67.83,0.01,0.0376,0.1867,0.1462,0.0835,0.5104,0.3982,1.8209,0.4145,0.1302,0.1206,-0.0073
3139,0.9512,0.0017,0.0481,289.97,65.38,0.01,0.0406,0.1949,0.1463,0.0838,0.5122,0.3979,1.932,0.4375,0.1388,0.1287,-0.0086
3140,0.9512,0.0021,0.0478,312.3,70.81,0.01,0.043,0.1995,0.1442,0.083,0.5022,0.4,1.9366,0.436,0.1387,0.1286,-0.0149
3141,0.95,0.0022,0.0487,303.28,68.19,0.01,0.0402,0.2031,0.1451,0.083,0.5081,0.3989,1.9466,0.4409,0.1396,0.1293,-0.0117
3142,0.9486,0.0024,0.05,305.99,68.9,0.01,0.0387,0.1894,0.1439,0.083,0.512,0.4007,1.8675,0.4265,0.1339,0.1241,-0.0116
3143,0.9482,0.0025,0.0504,281.02,64.44,0.01,0.0364,0.1819,0.1469,0.0839,0.5155,0.4049,1.7362,0.4005,0.1243,0.1151,-0.0071
3144,0.948,0.0026,0.0507,298.39,67.39,0.01,0.0412,0.1986,0.1436,0.0828,0.5054,0.4007,1.8972,0.4257,0.1347,0.1247,-0.0146
3145,0.9458,0.0028,0.0532,256.57,57.89,0.01,0.0388,0.1969,0.1445,0.0836,0.509,0.3998,1.8132,0.4079,0.1296,0.1201,-0.0131
3146,0.9444,0.0029,0.0547,281.84,62.43,0.01,0.0384,0.2007,0.1456,0.0836,0.5128,0.4041,1.8833,0.4293,0.1359,0.126,-0.0105
3147,0.9453,0.0027,0.054,309.43,69.15,0.01,0.0381,0.1971,0.1475,0.0841,0.5119,0.4033,1.9853,0.4495,0.1423,0.132,-0.0073
3148,0.9461,0.0025,0.0534,301.79,68.14,0.01,0.0368,0.1925,0.1458,0.0841,0.5101,0.4036,1.8984,0.434,0.1359,0.1259,-0.0101
3149,0.9453,0.0027,0.0542,289.24,65.71,0.01,0.0443,0.202,0.1431,0.0817,0.5037,0.4007,1.8557,0.4214,0.1322,0.1223,-0.0171
3150,0.9429,0.0027,0.0567,301.4,68.17,0.01,0.0398,0.1854,0.1459,0.0831,0.51,0.4026,1.8947,0.4292,0.1355,0.1255,-0.0115
3151,0.9437,0.0024,0.0558,290.78,66.68,0.01,0.0402,0.1865,0.1455,0.0834,0.5144,0.4039,1.9588,0.4396,0.1391,0.1288,-0.0095
3152,0.9435,0.0021,0.0562,285.21,64.74,0.01,0.0385,0.1979,0.1442,0.0823,0.5085,0.3992,1.8426,0.4189,0.1322,0.1226,-0.0145
3153,0.9416,0.0017,0.0581,292.88,66.53,0.01,0.0378,0.2,0.1455,0.0832,0.5147,0.4001,1.936,0.4372,0.1387,0.1286,-0.0088
3154,0.9428,0.002,0.0567,311.7,70.85,0.01,0.0389,0.1943,0.1469,0.0836,0.513,0.4038,1.9531,0.4372,0.1402,0.13,-0.0077
3155,0.9426,0.002,0.0568,324.26,73.95,0.01,0.0395,0.2057,0.1451,0.0827,0.5105,0.3982,2.0615,0.454,0.1469,0.1362,-0.0115
3156,0.9417,0.0024,0.0576,277.13,63.15,0.01,0.0403,0.2033,0.1451,0.0834,0.5072,0.3991,1.8309,0.4165,0.1313,0.1218,-0.0138
3157,0.9397,0.0026,0.0593,317.7,71.35,0.01,0.0409,0.205,0.1441,0.0827,0.5063,0.3986,1.9779,0.4444,0.1418,0.1315,-0.0129
3158,0.9415,0.0026,0.0575,311.4,69.72,0.01,0.0367,0.2033,0.1462,0.0842,0.5105,0.4035,1.8166,0.4173,0.1306,0.1211,-0.0094
3159,0.9404,0.0024,0.0586,257.68,58.74,0.01,0.0421,0.2145,0.1433,0.0821,0.5003,0.396,1.8276,0.4122,0.1308,0.1212,-0.0181
3160,0.9414,0.0024,0.0574,311.12,70.32,0.01,0.0367,0.1801,0.1482,0.0847,0.5183,0.4052,1.9107,0.4371,0.1368,0.1267,-0.0041
3161,0.9421,0.0024,0.0567,282.72,63.61,0.01,0.0391,0.1985,0.1438,0.0827,0.5081,0.4016,1.9237,0.4341,0.1368,0.1267,-0.0131
3162,0.9416,0.0023,0.0574,291.13,65.06,0.01,0.0383,0.1895,0.1468,0.0844,0.5129,0.4008,1.9153,0.4337,0.137,0.1271,-0.0089
3163,0.9412,0.0026,0.0577,300.46,66.97,0.01,0.0391,0.1984,0.1464,0.0836,0.5095,0.4017,1.957,0.4378,0.1404,0.1303,-0.0113
3164,0.9422,0.0028,0.0565,311.54,69.43,0.01,0.0391,0.1905,0.1464,0.0836,0.5113,0.4018,1.9871,0.4462,0.1424,0.1319,-0.01
3165,0.942,0.0029,0.0568,277.76,61.38,0.01,0.0418,0.2006,0.1458,0.0838,0.5098,0.3989,1.9222,0.4356,0.1388,0.1289,-0.0128
3166,0.9408,0.0024,0.058,284.21,65.05,0.01,0.0411,0.199,0.1444,0.0824,0.5058,0.4,1.9171,0.4272,0.1358,0.1258,-0.0154
3167,0.9413,0.0022,0.0574,273.81,63.0,0.01,0.0386,0.1931,0.1456,0.0837,0.5081,0.402,1.8573,0.4222,0.1319,0.1221,-0.0134
3168,0.9419,0.002,0.0568,297.68,66.77,0.01,0.035,0.1784,0.1476,0.0842,0.5145,0.4028,1.8901,0.4363,0.1358,0.1258,-0.007
3169,0.942,0.0019,0.0568,341.03,77.78,0.01,0.0398,0.199,0.1459,0.0834,0.5113,0.4048,2.042,0.4609,0.1447,0.1341,-0.0116
3170,0.9407,0.0017,0.0581,304.76,70.01,0.01,0.0392,0.2018,0.1467,0.0838,0.5118,0.3993,1.9015,0.4358,0.136,0.1261,-0.0111
3171,0.9419,0.0017,0.0569,330.83,75.38,0.01,0.0367,0.1873,0.1477,0.084,0.5151,0.4017,1.9937,0.4512,0.1421,0.1318,-0.0088
3172,0.9441,0.0018,0.0545,308.67,69.29,0.01,0.0386,0.192,0.1478,0.0839,0.5177,0.404,1.9689,0.4445,0.1401,0.1299,-0.0095
3173,0.9447,0.0018,0.0538,283.85,63.62,0.01,0.04,0.1986,0.147,0.0842,0.5097,0.4029,1.9323,0.4364,0.1381,0.1281,-0.0129
3174,0.9456,0.002,0.0529,299.21,67.47,0.01,0.0364,0.1945,0.1491,0.0849,0.5207,0.3977,1.9116,0.4342,0.1363,0.1264,-0.006
3175,0.9483,0.0019,0.0504,282.53,63.79,0.01,0.0348,0.1819,0.148,0.0844,0.5165,0.4026,1.8575,0.4219,0.1333,0.1237,-0.0081
3176,0.948,0.0021,0.0508,273.77,60.75,0.01,0.0369,0.1916,0.1495,0.084,0.5138,0.404,1.8588,0.4236,0.1329,0.1232,-0.009
3177,0.9473,0.0024,0.0517,308.95,70.27,0.01,0.0386,0.2047,0.1469,0.0838,0.5093,0.4007,1.9194,0.4389,0.137,0.1271,-0.0111
3178,0.9481,0.002,0.0513,293.8,66.11,0.01,0.0366,0.1996,0.1476,0.0845,0.5129,0.4032,1.8797,0.4324,0.134,0.1243,-0.011
3179,0.9479,0.0018,0.0516,297.91,68.24,0.01,0.0378,0.1976,0.148,0.0842,0.5142,0.4036,1.9121,0.4344,0.1357,0.1257,-0.0086
3180,0.9476,0.0017,0.0519,272.94,61.38,0.01,0.0385,0.1942,0.145,0.0821,0.5074,0.4002,1.8527,0.425,0.1321,0.1225,-0.0164
3181,0.9458,0.0015,0.0537,274.25,61.86,0.01,0.0374,0.1972,0.1465,0.0836,0.5097,0.4055,1.833,0.417,0.1311,0.1215,-0.0137
3182,0.9444,0.0015,0.055,308.05,69.5,0.01,0.0383,0.1919,0.1462,0.0833,0.5091,0.4022,1.8905,0.4288,0.134,0.1242,-0.013
3183,0.9422,0.0017,0.0571,299.95,67.68,0.01,0.0385,0.1883,0.1467,0.0835,0.5128,0.4011,1.9488,0.4474,0.1383,0.1282,-0.0113
3184,0.9419,0.0018,0.0573,303.78,69.18,0.01,0.0363,0.1965,0.148,0.0842,0.5144,0.4042,1.9691,0.4479,0.1395,0.1292,-0.0099
3185,0.941,0.0018,0.0582,310.64,70.83,0.01,0.0384,0.2081,0.1459,0.0835,0.5101,0.4041,1.9299,0.4425,0.1374,0.1274,-0.014
3186,0.9405,0.0016,0.059,285.96,64.55,0.01,0.0363,0.2028,0.1486,0.0844,0.5153,0.4035,1.9444,0.4409,0.1383,0.1282,-0.0093
3187,0.9417,0.0017,0.0576,292.43,65.17,0.01,0.0359,0.1996,0.1471,0.0835,0.5142,0.4022,1.8692,0.429,0.1333,0.1236,-0.0111
3188,0.9423,0.0018,0.0569,287.26,65.68,0.01,0.039,0.2203,0.1461,0.0828,0.5137,0.4036,1.8579,0.4204,0.1315,0.1219,-0.0127
3189,0.9417,0.002,0.0575,304.76,69.91,0.01,0.0349,0.1895,0.1482,0.0834,0.5159,0.4061,1.8693,0.4255,0.1333,0.1233,-0.0103
3190,0.9414,0.002,0.0578,295.22,66.88,0.01,0.037,0.2004,0.1493,0.084,0.5182,0.405,1.9064,0.4303,0.1359,0.1261,-0.0074
3191,0.9418,0.0022,0.0572,254.94,56.86,0.01,0.0368,0.1878,0.1483,0.0834,0.5163,0.4071,1.69,0.3913,0.1218,0.1128,-0.01
3192,0.9411,0.0022,0.0579,295.93,65.99,0.01,0.0383,0.2207,0.144,0.0818,0.5068,0.4025,1.858,0.4196,0.1332,0.1235,-0.0177
3193,0.9409,0.0022,0.0582,290.96,66.92,0.01,0.0398,0.1967,0.1486,0.0835,0.5219,0.4073,2.0246,0.4574,0.142,0.1315,-0.0091
3194,0.9412,0.0023,0.0577,280.93,62.86,0.01,0.0391,0.1973,0.1476,0.0834,0.5132,0.4062,1.773,0.4038,0.1274,0.1182,-0.013
3195,0.9378,0.002,0.0612,271.39,59.95,0.01,0.038,0.216,0.1452,0.0821,0.51,0.4042,1.8732,0.4305,0.1357,0.1258,-0.0167
3196,0.9355,0.0022,0.0633,294.49,66.76,0.01,0.0394,0.2086,0.1479,0.0831,0.5153,0.4105,1.9881,0.4454,0.1413,0.1309,-0.0113
3197,0.9362,0.0022,0.0626,281.35,63.89,0.01,0.0363,0.1934,0.1484,0.0831,0.5172,0.4102,1.8472,0.4204,0.1327,0.1231,-0.0099
3198,0.9373,0.0022,0.0615,271.95,61.52,0.01,0.0383,0.2082,0.147,0.0825,0.5181,0.4034,1.7608,0.3988,0.1261,0.1168,-0.0121
3199,0.9369,0.002,0.0619,309.11,69.93,0.01,0.0354,0.1975,0.1478,0.0826,0.5228,0.4106,1.9208,0.4408,0.137,0.1268,-0.0103
3200,0.9401,0.0019,0.0589,266.82,60.72,0.01,0.036,0.1935,0.1505,0.0843,0.5253,0.4058,1.9667,0.4452,0.1399,0.1295,-0.0067
3201,0.9395,0.0022,0.0595,288.68,65.11,0.01,0.0365,0.211,0.1457,0.0829,0.5181,0.4085,1.9278,0.437,0.1361,0.126,-0.0137
3202,0.9394,0.0021,0.0596,299.72,69.1,0.01,0.0377,0.1962,0.1487,0.0839,0.524,0.4094,1.8894,0.4339,0.1341,0.1241,-0.0101
3203,0.9393,0.002,0.0596,296.61,67.03,0.01,0.0391,0.1994,0.1493,0.0832,0.5204,0.4095,1.9206,0.4369,0.1363,0.1261,-0.0118
3204,0.9404,0.002,0.0584,330.71,75.05,0.01,0.0374,0.1936,0.1503,0.0842,0.5274,0.4112,2.0258,0.4568,0.1443,0.1334,-0.0059
3205,0.9421,0.002,0.0567,273.64,62.17,0.01,0.0358,0.1996,0.1494,0.0838,0.5209,0.4063,1.9497,0.4455,0.1388,0.1285,-0.0081
3206,0.9419,0.0019,0.057,315.67,72.12,0.01,0.0359,0.1929,0.1493,0.0833,0.5256,0.4107,1.8892,0.4266,0.1349,0.1248,-0.0085
3207,0.9422,0.0017,0.0571,295.99,67.26,0.01,0.0381,0.2026,0.1481,0.0827,0.5206,0.4074,1.8608,0.4244,0.1326,0.1226,-0.0135
3208,0.9425,0.0022,0.0568,294.68,65.01,0.01,0.0357,0.185,0.1512,0.0848,0.5287,0.4142,1.8068,0.4187,0.1306,0.1209,-0.0075
3209,0.9442,0.002,0.055,313.89,71.43,0.01,0.0384,0.1859,0.1504,0.0838,0.5254,0.4126,1.932,0.4409,0.1381,0.1278,-0.0091
3210,0.9451,0.0021,0.054,292.58,66.18,0.01,0.0372,0.1928,0.1492,0.0834,0.5238,0.4104,1.954,0.4462,0.1393,0.1287,-0.0105
3211,0.9452,0.0021,0.0541,275.5,61.96,0.01,0.0338,0.1875,0.1517,0.0853,0.5291,0.4131,1.7844,0.4143,0.1273,0.1178,-0.0083
3212,0.9457,0.0018,0.0539,264.1,59.1,0.01,0.0347,0.187,0.1494,0.0831,0.5252,0.4151,1.8563,0.4249,0.1332,0.123,-0.0104
3213,0.9446,0.0017,0.0549,283.27,64.38,0.01,0.0341,0.1907,0.1498,0.0845,0.5277,0.4142,1.8978,0.4344,0.1343,0.1242,-0.0093
3214,0.9443,0.0015,0.0552,274.76,62.73,0.01,0.0382,0.193,0.1503,0.0847,0.5306,0.415,1.9204,0.4386,0.1367,0.1264,-0.0076
3215,0.9458,0.0014,0.0538,288.95,64.79,0.01,0.0382,0.1911,0.15,0.0833,0.5265,0.4113,1.9453,0.4401,0.1387,0.1282,-0.0101
3216,0.9468,0.0013,0.0529,302.87,69.53,0.01,0.0364,0.1913,0.1505,0.0839,0.5244,0.4161,2.0056,0.4588,0.1418,0.131,-0.0098
3217,0.947,0.0015,0.0525,284.75,64.91,0.01,0.0357,0.1908,0.1504,0.0845,0.5258,0.4154,1.8782,0.4266,0.1334,0.1232,-0.0086
3218,0.9465,0.0019,0.0529,300.53,67.37,0.01,0.0383,0.1916,0.1498,0.0834,0.5264,0.4117,2.0047,0.4517,0.142,0.1312,-0.0111
3219,0.9458,0.002,0.0535,291.51,66.09,0.01,0.0382,0.1964,0.1492,0.0837,0.5252,0.4162,1.9839,0.45,0.1405,0.1298,-0.0115
3220,0.9452,0.0021,0.0539,279.66,63.64,0.01,0.0367,0.1745,0.1507,0.0839,0.5301,0.4135,1.9551,0.4473,0.1396,0.1289,-0.0084
3221,0.9461,0.0021,0.0529,303.27,70.08,0.01,0.037,0.1836,0.1503,0.0837,0.5302,0.4162,1.8184,0.4237,0.1296,0.1196,-0.0093
3222,0.9478,0.0021,0.0512,294.28,66.72,0.01,0.0343,0.161,0.1534,0.0851,0.5357,0.4217,1.9255,0.4446,0.1379,0.1273,-0.0045
3223,0.9491,0.0022,0.0499,284.91,63.54,0.01,0.0378,0.1809,0.1507,0.0842,0.5305,0.4148,1.9082,0.4411,0.1364,0.1259,-0.01
3224,0.9519,0.0027,0.0471,304.81,70.32,0.01,0.0398,0.1831,0.1509,0.0836,0.5295,0.413,2.0094,0.458,0.1416,0.1306,-0.0085
3225,0.9514,0.0026,0.0476,279.04,62.76,0.01,0.0389,0.1911,0.1508,0.0832,0.5311,0.416,1.866,0.4277,0.1333,0.1229,-0.0112
3226,0.9492,0.0026,0.05,298.61,67.81,0.01,0.0368,0.1915,0.1502,0.0829,0.5266,0.4155,1.9222,0.4424,0.1373,0.1266,-0.0125
3227,0.9482,0.0024,0.0511,296.55,66.92,0.01,0.0389,0.1875,0.1508,0.0838,0.5309,0.4141,1.9512,0.4438,0.1374,0.1266,-0.0112
3228,0.9474,0.0025,0.0518,287.82,65.17,0.01,0.0376,0.1947,0.1492,0.0835,0.5269,0.4147,1.8342,0.4162,0.1297,0.1195,-0.0124
3229,0.9472,0.0029,0.052,321.8,73.24,0.01,0.0382,0.1861,0.1513,0.0836,0.5312,0.4183,1.8749,0.427,0.1339,0.1233,-0.009
3230,0.9476,0.0029,0.0515,282.76,64.58,0.01,0.0351,0.1857,0.1505,0.0838,0.5323,0.4159,1.9804,0.4509,0.1393,0.1283,-0.0099
3231,0.9467,0.0027,0.0525,297.71,68.1,0.01,0.0381,0.1746,0.1515,0.0839,0.535,0.4122,2.0011,0.4631,0.1421,0.131,-0.0089
3232,0.948,0.0023,0.0514,277.72,62.54,0.01,0.0386,0.183,0.1503,0.0834,0.5296,0.4162,1.9484,0.4499,0.1384,0.1276,-0.0109
3233,0.9468,0.0024,0.0526,289.68,65.99,0.01,0.0394,0.1867,0.1481,0.0815,0.5263,0.4128,1.9255,0.441,0.1368,0.1261,-0.0139
3234,0.9455,0.0028,0.0536,317.72,72.83,0.01,0.0386,0.1832,0.152,0.0837,0.5316,0.4141,2.0213,0.4572,0.1427,0.1316,-0.0081
3235,0.9435,0.0031,0.0556,291.3,67.12,0.01,0.041,0.1776,0.1491,0.0818,0.53,0.4145,1.9409,0.4433,0.1368,0.1259,-0.0123
3236,0.9427,0.0038,0.0558,298.17,67.24,0.01,0.0386,0.1961,0.1513,0.0834,0.5272,0.4137,1.8714,0.4322,0.1337,0.1233,-0.0109
3237,0.9415,0.004,0.0571,325.54,74.45,0.01,0.0369,0.1892,0.1511,0.0825,0.5298,0.4156,2.0313,0.4584,0.144,0.1328,-0.0106
3238,0.9439,0.0038,0.0548,304.42,69.78,0.01,0.0401,0.188,0.1497,0.0819,0.5323,0.4152,1.9999,0.4571,0.1416,0.1305,-0.012
3239,0.9448,0.0032,0.0544,295.22,67.16,0.01,0.0372,0.1908,0.1499,0.0832,0.5314,0.4168,1.8431,0.4269,0.1311,0.1207,-0.0116
3240,0.9446,0.0032,0.0546,282.98,64.5,0.01,0.038,0.1731,0.1523,0.0831,0.5345,0.4159,1.9851,0.4529,0.1398,0.1286,-0.0096
3241,0.9454,0.0036,0.0539,307.05,69.96,0.01,0.0384,0.1751,0.1523,0.0838,0.5317,0.4171,1.8854,0.4354,0.1343,0.1236,-0.0104
3242,0.9457,0.0039,0.0538,273.81,62.06,0.01,0.0382,0.1909,0.1521,0.0828,0.5329,0.4173,1.898,0.4338,0.1356,0.1248,-0.0095
3243,0.9446,0.0043,0.0545,292.73,66.3,0.01,0.0398,0.1865,0.1504,0.0822,0.5324,0.4174,1.9699,0.4497,0.1395,0.1284,-0.0111
3244,0.9437,0.004,0.0555,284.23,64.01,0.01,0.0388,0.1865,0.1476,0.0808,0.5286,0.4132,2.0207,0.4647,0.143,0.1316,-0.0151
3245,0.9427,0.0041,0.0566,288.76,65.14,0.01,0.0388,0.1762,0.1515,0.082,0.532,0.4207,1.9022,0.4436,0.1354,0.1246,-0.0116
3246,0.9422,0.0052,0.0567,329.4,74.7,0.01,0.04,0.1788,0.1534,0.083,0.5388,0.4197,1.9996,0.4568,0.1421,0.1308,-0.0083
3247,0.941,0.0054,0.058,301.24,68.95,0.01,0.0382,0.188,0.1509,0.0829,0.5336,0.4177,1.9528,0.4457,0.1382,0.127,-0.0111
3248,0.9411,0.0052,0.058,269.2,60.52,0.01,0.0389,0.1939,0.1501,0.0818,0.5288,0.417,1.7962,0.4169,0.1283,0.1181,-0.0127
3249,0.9411,0.0051,0.0579,275.97,62.48,0.01,0.0382,0.1774,0.1524,0.0837,0.5353,0.418,1.9701,0.4483,0.1382,0.127,-0.0108
3250,0.9404,0.005,0.0584,284.12,64.95,0.01,0.0399,0.1729,0.1524,0.0827,0.5372,0.4182,1.8776,0.4322,0.1326,0.1217,-0.0093
3251,0.941,0.0054,0.0577,301.07,68.57,0.01,0.0373,0.163,0.1532,0.0835,0.5414,0.4232,1.9797,0.4581,0.1399,0.1285,-0.0069
3252,0.9412,0.0052,0.0574,313.81,72.08,0.01,0.0399,0.1867,0.1507,0.0825,0.5329,0.4192,1.9361,0.442,0.1367,0.1256,-0.0139
3253,0.9396,0.0053,0.0589,266.64,61.13,0.01,0.0396,0.1792,0.1503,0.0814,0.5368,0.4185,1.8855,0.4347,0.1322,0.1212,-0.0131
3254,0.9386,0.0059,0.0594,313.91,71.9,0.01,0.0406,0.176,0.151,0.082,0.5277,0.4151,1.9716,0.4524,0.1394,0.1281,-0.0135
3255,0.9399,0.0057,0.0581,303.43,68.53,0.01,0.0374,0.1625,0.1533,0.0823,0.5355,0.4211,1.8257,0.4288,0.1309,0.1204,-0.0073
3256,0.9405,0.0062,0.0572,280.75,64.86,0.01,0.0391,0.1727,0.1527,0.0821,0.5378,0.4201,1.857,0.4279,0.1309,0.1203,-0.0111
3257,0.9409,0.0063,0.0567,292.75,65.55,0.01,0.0347,0.1704,0.1524,0.082,0.5361,0.4192,1.8281,0.4261,0.1305,0.1199,-0.0088
3258,0.9391,0.0059,0.0585,296.86,66.44,0.01,0.0447,0.1932,0.147,0.08,0.523,0.4161,1.9358,0.4445,0.1377,0.1265,-0.0194
3259,0.9352,0.0058,0.0621,274.14,61.09,0.01,0.0392,0.1938,0.1494,0.081,0.5273,0.4116,1.8637,0.4345,0.1334,0.1227,-0.0153
3260,0.9357,0.0055,0.0617,319.59,71.67,0.01,0.0422,0.1913,0.1511,0.0815,0.5313,0.418,2.0094,0.4532,0.1432,0.1317,-0.0138
3261,0.9352,0.0053,0.0621,320.22,73.18,0.01,0.0407,0.1887,0.1513,0.0824,0.5336,0.4156,1.9509,0.4516,0.1386,0.1274,-0.0119
3262,0.9343,0.0047,0.063,303.6,69.41,0.01,0.0398,0.1992,0.1497,0.081,0.5274,0.4167,1.8717,0.4283,0.1326,0.1219,-0.0156
3263,0.9331,0.004,0.0647,278.9,63.05,0.01,0.0394,0.1886,0.1517,0.0815,0.5328,0.4191,1.8795,0.434,0.1335,0.1229,-0.0117
3264,0.9349,0.0035,0.0633,296.56,66.62,0.01,0.0361,0.1759,0.1519,0.0817,0.5358,0.422,1.8459,0.433,0.1321,0.1216,-0.0107
3265,0.9367,0.0033,0.0617,273.99,61.84,0.01,0.0339,0.18,0.1539,0.0828,0.5368,0.4197,1.7628,0.4125,0.1263,0.1164,-0.0078
3266,0.9378,0.0035,0.0608,282.74,63.66,0.01,0.0361,0.1775,0.1517,0.0819,0.5319,0.4181,1.8959,0.4357,0.1349,0.1243,-0.0117
3267,0.9386,0.0032,0.0599,296.86,68.08,0.01,0.038,0.1742,0.1531,0.0821,0.5331,0.4176,1.8692,0.4391,0.1338,0.1232,-0.0086
3268,0.9397,0.0033,0.0585,284.25,64.68,0.01,0.0403,0.1703,0.1511,0.0811,0.5311,0.4224,1.8969,0.4405,0.1347,0.1238,-0.0151
3269,0.9401,0.0037,0.0579,295.36,67.01,0.01,0.0417,0.1923,0.1503,0.0817,0.5315,0.4202,1.8287,0.4244,0.131,0.1205,-0.0142
3270,0.938,0.0039,0.0602,301.97,68.52,0.01,0.0387,0.1932,0.1507,0.0806,0.5259,0.417,1.8839,0.4347,0.1332,0.1224,-0.0158
3271,0.9374,0.0035,0.061,300.06,68.16,0.01,0.0377,0.2007,0.1501,0.081,0.5281,0.4172,1.897,0.4401,0.1345,0.1237,-0.0153
3272,0.9374,0.0037,0.0609,311.85,69.98,0.01,0.0372,0.18,0.1539,0.0821,0.537,0.4199,1.9488,0.4412,0.1383,0.1273,-0.0081
3273,0.9367,0.0035,0.0616,292.98,66.13,0.01,0.0372,0.1889,0.1504,0.0806,0.532,0.4181,1.8435,0.4225,0.1317,0.1211,-0.0148
3274,0.9353,0.0038,0.0626,310.63,70.2,0.01,0.0413,0.1925,0.1513,0.0806,0.5313,0.4187,1.9606,0.4473,0.1398,0.1285,-0.0152
3275,0.9346,0.0038,0.0633,289.57,66.1,0.01,0.0414,0.204,0.148,0.0792,0.5231,0.4133,1.7391,0.4084,0.1248,0.1149,-0.0197
3276,0.9331,0.0037,0.0651,281.73,64.33,0.01,0.0375,0.19,0.1527,0.081,0.5344,0.4168,1.8893,0.4369,0.134,0.1233,-0.0126
3277,0.9336,0.0037,0.0645,291.14,66.15,0.01,0.0377,0.1884,0.153,0.0813,0.5381,0.4207,1.7925,0.414,0.128,0.1178,-0.0106
3278,0.9333,0.0036,0.0649,302.91,69.28,0.01,0.038,0.1815,0.1546,0.0818,0.538,0.4224,1.9146,0.4373,0.1359,0.1249,-0.0095
3279,0.9333,0.004,0.0646,325.56,74.72,0.01,0.0415,0.1853,0.1525,0.0808,0.5331,0.4195,1.931,0.4405,0.1357,0.1249,-0.0123
3280,0.9347,0.0039,0.0634,279.5,63.99,0.01,0.042,0.1968,0.1525,0.0811,0.5333,0.416,2.0795,0.4683,0.1451,0.1334,-0.0119
3281,0.9342,0.0036,0.0641,285.96,65.85,0.01,0.0355,0.1953,0.1511,0.0808,0.5331,0.4206,1.8057,0.4189,0.1286,0.1184,-0.0138
3282,0.9331,0.0034,0.0656,323.17,74.08,0.01,0.0349,0.1939,0.1523,0.0816,0.5353,0.4213,1.9904,0.4496,0.1401,0.1288,-0.0112
3283,0.9316,0.0031,0.0675,276.02,62.47,0.01,0.0407,0.1931,0.1504,0.0805,0.5312,0.4142,1.8875,0.4379,0.1341,0.1234,-0.0144
3284,0.9316,0.0033,0.0675,286.1,65.08,0.01,0.0389,0.1961,0.1499,0.0804,0.5302,0.4162,1.9397,0.4398,0.1374,0.1262,-0.0165
3285,0.9321,0.0031,0.0669,276.79,62.93,0.01,0.0347,0.1793,0.1531,0.0813,0.5352,0.4257,1.8805,0.434,0.1338,0.123,-0.0099
3286,0.9325,0.0029,0.0665,288.21,65.68,0.01,0.037,0.1774,0.1517,0.0811,0.5341,0.4208,1.8106,0.4194,0.1287,0.1183,-0.012
3287,0.933,0.003,0.066,298.56,67.64,0.01,0.0382,0.1863,0.1516,0.0803,0.534,0.4182,1.8618,0.4316,0.1326,0.1218,-0.0131
3288,0.9337,0.0027,0.0657,261.34,58.49,0.01,0.0413,0.184,0.1518,0.0807,0.5337,0.4185,1.8556,0.4189,0.132,0.1213,-0.0133
3289,0.9328,0.0023,0.0667,316.73,72.2,0.01,0.0373,0.1898,0.152,0.0813,0.5331,0.418,1.9737,0.4494,0.1397,0.1285,-0.0134
3290,0.9318,0.0017,0.068,284.36,64.31,0.0,0.0392,0.2022,0.1495,0.0793,0.5243,0.4119,1.8775,0.4308,0.1337,0.1228,-0.0196
3291,0.927,0.0018,0.0727,272.67,61.97,0.0,0.0448,0.2313,0.1432,0.0771,0.5149,0.4083,1.7631,0.4045,0.126,0.1156,-0.0303
3292,0.9167,0.0032,0.0821,254.48,56.35,0.0,0.0427,0.2694,0.1413,0.0758,0.5034,0.4054,1.7561,0.3972,0.1263,0.1161,-0.0377
3293,0.909,0.004,0.0894,271.78,61.06,0.0,0.0417,0.2483,0.1471,0.0786,0.5207,0.4136,1.8253,0.408,0.129,0.1184,-0.0253
3294,0.9065,0.0043,0.0918,270.41,59.71,0.0,0.0413,0.253,0.1476,0.0786,0.5219,0.4141,1.8436,0.4183,0.1317,0.1208,-0.0228
3295,0.9025,0.0049,0.0956,264.83,58.58,0.0,0.0422,0.2705,0.1425,0.0765,0.5093,0.4045,1.7304,0.3917,0.1251,0.1148,-0.0327
3296,0.8931,0.0056,0.1048,271.57,59.11,0.0,0.0448,0.286,0.1444,0.0774,0.5109,0.4056,1.7864,0.3992,0.1285,0.118,-0.0301
3297,0.886,0.0057,0.1115,289.73,64.59,0.0,0.0388,0.272,0.1449,0.077,0.5134,0.4081,1.8177,0.4046,0.1295,0.1189,-0.0296
3298,0.8826,0.006,0.1147,252.31,55.36,0.0,0.0402,0.2504,0.1469,0.0776,0.5174,0.4095,1.7193,0.3913,0.1235,0.1133,-0.0249
3299,0.879,0.0053,0.1185,273.5,61.66,0.0,0.0417,0.2628,0.1434,0.0768,0.5176,0.4098,1.7123,0.3922,0.1231,0.1129,-0.0289
3300,0.8733,0.0052,0.1242,261.47,58.19,0.0,0.0447,0.2779,0.1417,0.0752,0.5095,0.4068,1.6689,0.3784,0.1204,0.1107,-0.0359
3301,0.8693,0.0051,0.1282,249.55,54.59,0.0,0.0405,0.264,0.1461,0.0766,0.5195,0.4092,1.7385,0.3913,0.1255,0.1153,-0.0248
3302,0.8674,0.0049,0.1303,259.26,56.23,0.0,0.0428,0.264,0.1446,0.0762,0.51,0.409,1.6663,0.3783,0.1211,0.1112,-0.0285
3303,0.8666,0.0048,0.1311,261.54,57.95,0.0,0.0404,0.2661,0.1465,0.0773,0.5149,0.4079,1.7304,0.3874,0.1248,0.1146,-0.0264
3304,0.8657,0.0049,0.1318,284.31,63.27,0.0,0.0386,0.267,0.146,0.0771,0.5165,0.4109,1.6452,0.3703,0.1189,0.1091,-0.0257
3305,0.8643,0.005,0.1331,260.54,58.17,0.0,0.042,0.2725,0.1455,0.0767,0.5139,0.4108,1.7556,0.3877,0.1253,0.1149,-0.0289
3306,0.8618,0.0052,0.1358,278.29,61.23,0.0,0.0398,0.2588,0.1455,0.0772,0.5194,0.4134,1.7307,0.3889,0.125,0.1148,-0.0267
3307,0.858,0.0053,0.1396,280.3,63.65,0.0,0.0423,0.2791,0.143,0.0752,0.5101,0.4084,1.6539,0.3769,0.1188,0.1089,-0.0341
3308,0.854,0.0054,0.1436,284.46,63.23,0.0,0.0429,0.2814,0.1424,0.0755,0.509,0.4085,1.7206,0.3832,0.1235,0.1133,-0.0335
3309,0.8495,0.0055,0.1483,246.21,54.3,0.0,0.0427,0.2733,0.1412,0.0755,0.5068,0.4087,1.6836,0.3803,0.121,0.111,-0.0336
3310,0.8474,0.0051,0.1507,269.82,58.98,0.0,0.0401,0.2668,0.1442,0.0767,0.5105,0.4125,1.7541,0.3871,0.1253,0.115,-0.0296
3311,0.8445,0.0052,0.1536,260.43,57.16,0.0,0.0389,0.2571,0.1453,0.076,0.5196,0.4126,1.6558,0.3743,0.1193,0.1095,-0.0283
3312,0.8437,0.0047,0.1544,252.81,55.84,0.0,0.041,0.2606,0.1445,0.0756,0.5138,0.4117,1.6382,0.3716,0.1177,0.108,-0.0275
3313,0.8428,0.0046,0.1556,271.29,60.94,0.0,0.0419,0.2687,0.1467,0.076,0.5179,0.4127,1.7851,0.3947,0.1271,0.1166,-0.0281
3314,0.8445,0.0051,0.1538,267.94,59.56,0.0,0.0402,0.2616,0.1481,0.0774,0.5251,0.4139,1.7763,0.3893,0.1271,0.1165,-0.0232
3315,0.8477,0.0049,0.1506,273.48,60.28,0.0,0.0424,0.2685,0.1439,0.0761,0.5155,0.4128,1.7547,0.3871,0.1253,0.1149,-0.0292
3316,0.8498,0.0049,0.1482,292.11,65.99,0.0,0.0407,0.2557,0.1479,0.0772,0.5259,0.4161,1.797,0.3991,0.1279,0.1173,-0.0228
3317,0.8506,0.0054,0.1469,269.15,59.4,0.0,0.0429,0.251,0.1451,0.076,0.5194,0.4148,1.7225,0.3809,0.1231,0.1128,-0.028
3318,0.85,0.0058,0.1473,259.63,55.72,0.0,0.0461,0.2845,0.144,0.0755,0.511,0.4102,1.8098,0.394,0.1299,0.1193,-0.0334
3319,0.8482,0.0064,0.1491,270.34,59.46,0.0,0.0412,0.269,0.1445,0.076,0.5184,0.4102,1.6836,0.3768,0.1222,0.1121,-0.0284
3320,0.8509,0.0064,0.1465,278.46,62.32,0.0,0.0415,0.2607,0.1469,0.0762,0.5197,0.4125,1.7651,0.3911,0.1272,0.1165,-0.0263
3321,0.8509,0.0066,0.1463,262.98,58.01,0.0,0.0408,0.2606,0.1447,0.0766,0.5191,0.4098,1.7577,0.3931,0.126,0.1155,-0.0273
3322,0.8505,0.0066,0.1467,240.81,52.4,0.0,0.0404,0.2592,0.1449,0.0758,0.5192,0.4122,1.6274,0.3634,0.1185,0.1087,-0.0272
3323,0.851,0.006,0.1467,267.58,58.91,0.0,0.0411,0.2553,0.1465,0.0761,0.5229,0.413,1.7,0.3808,0.1224,0.1121,-0.0246
3324,0.8534,0.0057,0.1444,222.89,48.86,0.0,0.0398,0.2419,0.1456,0.0751,0.5261,0.4169,1.6879,0.3752,0.1209,0.1107,-0.0271
3325,0.8551,0.0055,0.1429,282.25,62.47,0.0,0.0458,0.269,0.1456,0.0758,0.5193,0.4144,1.739,0.3837,0.1255,0.115,-0.0285
3326,0.8575,0.0051,0.1411,258.54,57.23,0.0,0.0392,0.2575,0.1479,0.0759,0.5254,0.4152,1.6839,0.3716,0.1214,0.1114,-0.0236
3327,0.8587,0.0052,0.1392,282.45,63.06,0.0,0.0441,0.2735,0.1466,0.076,0.5168,0.4178,1.8341,0.3963,0.1302,0.1193,-0.0295
3328,0.8581,0.0057,0.1389,286.14,64.35,0.0,0.041,0.2657,0.1462,0.0764,0.5184,0.4123,1.7902,0.3973,0.1273,0.1166,-0.0292
3329,0.8603,0.0056,0.1365,269.77,60.19,0.0,0.0392,0.2206,0.1503,0.0773,0.5341,0.426,1.7124,0.3857,0.1228,0.1125,-0.0181
3330,0.8636,0.0062,0.133,249.27,55.21,0.0,0.0417,0.2429,0.1468,0.0763,0.5207,0.4168,1.8015,0.4054,0.1292,0.1182,-0.028
3331,0.8674,0.0054,0.1292,273.92,61.57,0.0,0.0374,0.2342,0.1492,0.076,0.5317,0.42,1.813,0.4092,0.1284,0.1173,-0.0222
3332,0.8666,0.0057,0.1298,261.11,57.96,0.0,0.0394,0.2369,0.1497,0.077,0.5304,0.4201,1.7953,0.4049,0.1279,0.1171,-0.0223
3333,0.8692,0.0057,0.1268,281.64,63.08,0.0,0.0402,0.2303,0.1511,0.0782,0.5332,0.4212,1.856,0.4089,0.131,0.12,-0.0204
3334,0.87,0.0063,0.1256,274.65,60.8,0.0,0.0421,0.2375,0.1471,0.0757,0.5258,0.4206,1.7752,0.4017,0.1277,0.1169,-0.0271
3335,0.8696,0.0063,0.126,281.12,63.19,0.0,0.0404,0.2338,0.1498,0.0767,0.5329,0.4241,1.8782,0.4151,0.1336,0.1222,-0.0198
3336,0.8686,0.0066,0.1271,266.62,58.81,0.0,0.0408,0.2455,0.1484,0.0769,0.5261,0.4209,1.8062,0.4017,0.1289,0.1179,-0.0259
3337,0.8668,0.0073,0.1286,262.85,59.88,0.0,0.0419,0.2462,0.1472,0.0748,0.5201,0.4195,1.7559,0.4017,0.1255,0.1149,-0.0305
3338,0.8674,0.0079,0.1278,267.58,60.37,0.0,0.0422,0.2507,0.1491,0.0764,0.5266,0.4229,1.7998,0.3985,0.128,0.1171,-0.024
3339,0.8695,0.008,0.1256,277.38,62.06,0.0,0.042,0.2396,0.1496,0.0771,0.5302,0.4228,1.7732,0.3976,0.1263,0.1156,-0.0237
3340,0.8724,0.0086,0.1227,257.15,56.97,0.0,0.039,0.2271,0.1497,0.076,0.5321,0.4256,1.727,0.3915,0.1228,0.1122,-0.0219
3341,0.8757,0.0084,0.1195,252.2,55.95,0.0,0.0375,0.2108,0.1504,0.0774,0.5389,0.4298,1.7214,0.3902,0.1234,0.1129,-0.0183
3342,0.8751,0.0079,0.1205,293.07,64.04,0.0,0.0431,0.2369,0.1487,0.0763,0.5259,0.4237,1.766,0.3976,0.1269,0.1161,-0.0248
3343,0.8765,0.0079,0.1192,297.76,67.87,0.0,0.0394,0.2107,0.1536,0.0783,0.5432,0.4314,1.7748,0.4032,0.1267,0.1159,-0.0149
3344,0.8791,0.0078,0.1168,277.78,61.05,0.0,0.0423,0.2509,0.1471,0.0762,0.5274,0.4243,1.7862,0.3973,0.1289,0.1181,-0.025
3345,0.8802,0.0078,0.1155,280.01,62.96,0.0,0.0412,0.232,0.1528,0.0788,0.5336,0.4276,1.8565,0.4079,0.1314,0.1202,-0.0186
3346,0.8829,0.0075,0.1134,295.3,65.99,0.0,0.0404,0.2279,0.1495,0.0768,0.5332,0.4294,1.8374,0.4115,0.1305,0.1192,-0.0219
3347,0.8835,0.0069,0.1133,274.5,61.37,0.0,0.0409,0.2292,0.1496,0.0772,0.5294,0.4262,1.727,0.3918,0.1238,0.1131,-0.0212
3348,0.8843,0.0062,0.1128,272.05,60.0,0.0,0.0405,0.2227,0.1497,0.0764,0.5314,0.4241,1.7392,0.3908,0.1246,0.1138,-0.0217
3349,0.8838,0.006,0.1133,289.43,65.19,0.0,0.0412,0.2267,0.1481,0.0758,0.5316,0.4234,1.8707,0.4208,0.1343,0.1229,-0.0241
3350,0.882,0.006,0.1151,294.68,66.09,0.0,0.0452,0.2592,0.146,0.0753,0.5213,0.4219,1.8457,0.4071,0.1324,0.1212,-0.0296
3351,0.882,0.0059,0.1151,295.0,66.31,0.0,0.0384,0.2174,0.1514,0.078,0.5338,0.4268,1.7666,0.4089,0.1279,0.1171,-0.018
3352,0.885,0.0052,0.1123,280.06,63.51,0.0,0.0415,0.2292,0.1491,0.0769,0.533,0.4251,1.8767,0.4196,0.1331,0.1217,-0.0223
3353,0.8851,0.0051,0.112,311.6,69.61,0.0,0.0412,0.2343,0.1502,0.0768,0.5308,0.4245,1.9071,0.4181,0.1357,0.1243,-0.0204
3354,0.8864,0.0056,0.1104,280.75,61.55,0.0,0.0391,0.2141,0.1528,0.077,0.5345,0.4252,1.7877,0.4055,0.1291,0.1181,-0.0193
3355,0.8877,0.0062,0.1092,278.19,62.34,0.0,0.0378,0.209,0.1517,0.0776,0.5343,0.4236,1.8562,0.4261,0.1322,0.1209,-0.0187
3356,0.8883,0.0055,0.1087,284.07,62.96,0.0,0.0394,0.2373,0.1496,0.0771,0.5283,0.4212,1.849,0.4158,0.1324,0.1212,-0.0235
3357,0.8876,0.0048,0.11,257.82,57.48,0.0,0.0401,0.2197,0.1484,0.0763,0.5292,0.4247,1.6667,0.3805,0.1205,0.1104,-0.0229
3358,0.8856,0.0052,0.1116,302.45,67.81,0.0,0.0398,0.2238,0.1503,0.076,0.5285,0.4234,1.7936,0.4075,0.1277,0.1169,-0.0251
3359,0.8859,0.0053,0.1108,294.18,66.37,0.0,0.0376,0.208,0.1499,0.0763,0.5335,0.4289,1.7364,0.398,0.1239,0.1135,-0.0213
3360,0.8882,0.0053,0.1087,277.05,61.03,0.0,0.0427,0.2305,0.1511,0.0772,0.5325,0.4277,1.8889,0.419,0.1369,0.1255,-0.021
3361,0.8862,0.0058,0.1105,266.22,58.87,0.0,0.0414,0.2126,0.1516,0.0765,0.5318,0.4294,1.8351,0.4188,0.1315,0.1204,-0.0201
3362,0.8889,0.0066,0.1074,276.56,62.26,0.0,0.0414,0.2227,0.1522,0.0774,0.5392,0.4285,1.8432,0.4162,0.1308,0.1197,-0.0178
3363,0.8887,0.0078,0.1069,293.41,65.8,0.0,0.0421,0.2325,0.1514,0.0752,0.5307,0.4237,1.74,0.4011,0.126,0.1153,-0.0229
3364,0.8904,0.0074,0.1056,272.05,60.26,0.0,0.0432,0.2264,0.1505,0.0766,0.5315,0.4282,1.798,0.4073,0.1292,0.1182,-0.0217
3365,0.8921,0.0072,0.1041,290.27,65.37,0.0,0.0421,0.2266,0.1495,0.076,0.5347,0.4277,1.8463,0.4167,0.1313,0.1201,-0.0208
3366,0.894,0.0071,0.1024,273.32,61.27,0.0,0.0406,0.2136,0.1515,0.0764,0.5359,0.4271,1.8001,0.407,0.1294,0.1184,-0.0192
3367,0.894,0.0069,0.1022,265.27,58.13,0.0,0.0427,0.2292,0.1504,0.0759,0.5284,0.4241,1.6995,0.3834,0.1237,0.1134,-0.0232
3368,0.8925,0.0075,0.1033,247.2,54.66,0.0,0.0411,0.2157,0.1524,0.0764,0.5373,0.4304,1.7701,0.4039,0.1273,0.1165,-0.0215
3369,0.8902,0.0079,0.1054,270.11,60.56,0.0,0.0375,0.2012,0.1532,0.0773,0.5398,0.4332,1.7962,0.4147,0.1296,0.1187,-0.0166
3370,0.8915,0.0079,0.1042,289.94,65.36,0.0,0.0425,0.2199,0.1485,0.0755,0.5297,0.4318,1.8105,0.4122,0.129,0.118,-0.0259
3371,0.8909,0.0076,0.1052,305.62,68.74,0.0,0.0419,0.2027,0.1524,0.0761,0.5369,0.4377,1.8548,0.4236,0.1321,0.1209,-0.019
3372,0.893,0.0068,0.1037,311.17,70.53,0.0,0.041,0.2205,0.1498,0.076,0.5305,0.4291,1.8541,0.426,0.1325,0.1213,-0.0239
3373,0.894,0.0058,0.1035,290.93,66.25,0.0,0.0392,0.2193,0.1505,0.0756,0.5316,0.4275,1.8822,0.4244,0.1324,0.1212,-0.0246
3374,0.8927,0.0058,0.1044,287.91,63.78,0.0,0.0405,0.2045,0.1547,0.0778,0.5393,0.436,1.773,0.4092,0.1285,0.1176,-0.0181
3375,0.8952,0.0057,0.102,278.95,62.32,0.0,0.0427,0.2132,0.1517,0.0757,0.5314,0.4343,1.8643,0.4245,0.1332,0.1221,-0.0234
3376,0.8944,0.0055,0.1028,278.48,61.71,0.0,0.0422,0.2087,0.1515,0.0766,0.5362,0.4319,1.7641,0.4047,0.1272,0.1165,-0.0218
3377,0.896,0.0058,0.1009,280.8,61.41,0.0,0.0399,0.2131,0.1508,0.076,0.5349,0.4298,1.7568,0.4095,0.1277,0.1171,-0.0229
3378,0.8949,0.0057,0.1019,291.33,65.65,0.0,0.0381,0.1881,0.1554,0.0782,0.5433,0.435,1.8771,0.4306,0.1332,0.1219,-0.015
3379,0.8953,0.0054,0.1016,289.78,64.26,0.0,0.0383,0.2095,0.1527,0.078,0.5401,0.4336,1.786,0.4127,0.1294,0.1187,-0.0189
3380,0.8971,0.0053,0.0998,258.6,56.03,0.0,0.0403,0.2073,0.1537,0.0773,0.5393,0.4365,1.8118,0.4115,0.1301,0.1189,-0.0185
3381,0.8971,0.0049,0.0999,282.91,63.47,0.0,0.0414,0.2013,0.153,0.077,0.5401,0.4344,1.8502,0.4194,0.1317,0.1205,-0.0197
3382,0.898,0.0042,0.0995,261.31,57.92,0.0,0.0417,0.1976,0.1541,0.0768,0.5382,0.4343,1.7823,0.4112,0.1276,0.1167,-0.0194
3383,0.8975,0.0045,0.0997,289.48,64.96,0.0,0.0343,0.2085,0.1541,0.0769,0.5424,0.4329,1.7609,0.4032,0.1257,0.1151,-0.0174
3384,0.8997,0.0045,0.0972,285.27,65.48,0.0,0.0395,0.1875,0.1538,0.0762,0.5349,0.4351,1.7371,0.4043,0.1254,0.1148,-0.0202
3385,0.9001,0.0041,0.0972,287.93,64.56,0.0,0.0385,0.1989,0.1555,0.078,0.5433,0.4392,1.7737,0.4053,0.1275,0.1167,-0.0141
3386,0.8995,0.0039,0.0981,276.09,62.11,0.0,0.0393,0.219,0.152,0.0774,0.5389,0.4342,1.7508,0.4075,0.126,0.1154,-0.0198
3387,0.9,0.0042,0.0972,271.11,60.45,0.0,0.0397,0.2129,0.1541,0.0764,0.5389,0.4369,1.8765,0.4312,0.134,0.1226,-0.018
3388,0.9014,0.0046,0.0954,296.76,67.07,0.0,0.0366,0.1957,0.1563,0.0782,0.5448,0.4391,1.8106,0.4206,0.1308,0.1198,-0.0137
3389,0.9026,0.0045,0.0943,290.37,64.25,0.0,0.0398,0.2061,0.1543,0.0778,0.5481,0.4405,1.8155,0.422,0.1312,0.1201,-0.0175
3390,0.9026,0.0042,0.0944,283.93,64.77,0.0,0.0384,0.1953,0.1526,0.0771,0.5386,0.4355,1.8265,0.4237,0.1293,0.1184,-0.0185
3391,0.9031,0.0043,0.0939,276.81,61.54,0.0,0.0381,0.2164,0.1517,0.0761,0.5337,0.4368,1.7646,0.4078,0.1274,0.1167,-0.0228
3392,0.9024,0.0046,0.0945,303.98,69.13,0.0,0.0403,0.1919,0.1536,0.0766,0.5402,0.4399,1.7453,0.415,0.1252,0.1146,-0.0187
3393,0.9045,0.0039,0.0929,306.0,70.33,0.0,0.0367,0.1899,0.1563,0.0783,0.5516,0.4376,1.8954,0.434,0.1345,0.1231,-0.0128
3394,0.9084,0.004,0.0892,262.64,58.71,0.0,0.038,0.1799,0.158,0.0788,0.5497,0.442,1.8382,0.4257,0.132,0.1209,-0.0109
3395,0.9139,0.0039,0.0839,273.29,61.1,0.0,0.0383,0.1807,0.158,0.0783,0.5523,0.4428,1.9085,0.439,0.1355,0.1239,-0.0106
3396,0.9156,0.0037,0.0823,300.82,68.39,0.0,0.0362,0.1971,0.1557,0.0777,0.5495,0.4461,1.9398,0.4447,0.1377,0.126,-0.0141
3397,0.9154,0.0034,0.0826,271.15,59.91,0.0,0.0385,0.1874,0.1546,0.0778,0.547,0.4429,1.7673,0.415,0.1278,0.1171,-0.0164
3398,0.9167,0.0037,0.0812,294.16,66.22,0.0,0.0399,0.2074,0.157,0.0781,0.5462,0.4363,1.9547,0.4496,0.139,0.1272,-0.0163
3399,0.916,0.0039,0.0818,300.18,67.52,0.0,0.0411,0.2048,0.1527,0.0765,0.5404,0.4405,1.916,0.4422,0.1371,0.1255,-0.0215
3400,0.9171,0.0039,0.0809,291.57,66.02,0.0,0.0389,0.1963,0.1554,0.0775,0.5486,0.4385,1.8135,0.4159,0.1293,0.1182,-0.0169
3401,0.9178,0.0036,0.0805,295.01,67.58,0.0,0.0378,0.1878,0.1564,0.0777,0.5493,0.4399,1.836,0.4253,0.1303,0.1192,-0.0148
3402,0.9173,0.0037,0.081,290.93,64.54,0.0,0.0385,0.1937,0.1556,0.0775,0.546,0.4399,1.7172,0.4057,0.1231,0.1124,-0.0172
3403,0.9159,0.0041,0.0823,275.89,62.89,0.0,0.0356,0.1865,0.1568,0.0777,0.5503,0.4415,1.8614,0.4334,0.1324,0.1211,-0.0143
3404,0.9137,0.0043,0.0843,271.9,61.38,0.0,0.0394,0.192,0.1557,0.0771,0.5481,0.4444,1.8193,0.4275,0.1298,0.1186,-0.018
3405,0.9124,0.0047,0.0853,294.58,66.88,0.0,0.0397,0.192,0.1571,0.0778,0.5452,0.4432,1.9053,0.4377,0.1338,0.1223,-0.0175
3406,0.9116,0.0048,0.0858,267.03,60.23,0.0,0.0398,0.1954,0.1542,0.0767,0.5411,0.4407,1.7857,0.4214,0.1286,0.1176,-0.019
3407,0.9104,0.0044,0.0869,307.23,69.56,0.0,0.0391,0.1918,0.1559,0.077,0.5449,0.44,1.893,0.4433,0.1358,0.1242,-0.0174
3408,0.9102,0.0046,0.0869,305.07,69.16,0.0,0.0381,0.1882,0.1587,0.0781,0.5558,0.4495,1.9132,0.4488,0.1356,0.1237,-0.0119
3409,0.9125,0.0048,0.0846,292.35,65.37,0.0,0.0403,0.1809,0.1588,0.0786,0.5489,0.445,1.8918,0.4443,0.1354,0.1237,-0.0159
3410,0.9126,0.0056,0.0845,310.66,70.41,0.0,0.0409,0.1884,0.1587,0.0769,0.5488,0.4448,1.9418,0.4481,0.1393,0.1273,-0.0163
3411,0.9134,0.0058,0.0836,312.73,72.26,0.0,0.0398,0.1825,0.1576,0.0778,0.554,0.4475,1.9241,0.4504,0.1374,0.1255,-0.0139
3412,0.9124,0.0052,0.0848,270.08,61.07,0.0,0.0386,0.1944,0.1534,0.0759,0.5437,0.4445,1.7989,0.426,0.1276,0.1165,-0.0208
3413,0.9116,0.0054,0.085,282.34,62.69,0.0,0.0388,0.1947,0.1585,0.078,0.5511,0.448,1.8253,0.4269,0.1312,0.1196,-0.0157
3414,0.9124,0.0059,0.0836,311.28,70.95,0.0,0.0386,0.19,0.1593,0.0778,0.5519,0.4469,2.0346,0.4605,0.1431,0.1307,-0.0154
3415,0.9138,0.0065,0.0818,277.01,62.84,0.0,0.037,0.18,0.1593,0.0777,0.558,0.4484,1.8319,0.4248,0.1302,0.1187,-0.012
3416,0.9142,0.0056,0.0822,292.86,65.7,0.0,0.0409,0.1866,0.1545,0.0758,0.5434,0.4438,1.842,0.4263,0.1312,0.1197,-0.0214
3417,0.914,0.0054,0.0824,290.25,64.69,0.0,0.039,0.1862,0.1571,0.0766,0.5505,0.4477,1.8904,0.447,0.1354,0.1236,-0.0147
3418,0.9126,0.0052,0.084,289.09,65.63,0.0,0.0416,0.1928,0.1565,0.0773,0.5443,0.4463,1.838,0.4313,0.1306,0.1191,-0.0157
3419,0.9124,0.0051,0.0844,276.21,62.2,0.0,0.0375,0.1624,0.1601,0.0773,0.5565,0.4463,1.915,0.4498,0.1361,0.1242,-0.0112
3420,0.9138,0.0058,0.0828,273.79,62.14,0.0,0.042,0.1821,0.1579,0.0771,0.5518,0.4479,1.8413,0.4328,0.1317,0.1201,-0.0158
3421,0.9149,0.0063,0.0815,255.32,58.35,0.0,0.0369,0.1739,0.1599,0.0778,0.5568,0.4524,1.8014,0.4248,0.1272,0.116,-0.0106
3422,0.918,0.0062,0.0787,289.18,65.5,0.0,0.0382,0.1703,0.1574,0.0777,0.5547,0.4482,1.8993,0.4406,0.1343,0.1224,-0.0139
3423,0.9196,0.0055,0.0778,294.36,66.8,0.0,0.04,0.1905,0.1573,0.0764,0.5479,0.4481,1.8843,0.4386,0.1325,0.1208,-0.016
3424,0.9199,0.0055,0.0776,273.32,62.13,0.0,0.0395,0.1839,0.1579,0.0768,0.5487,0.449,1.7713,0.4135,0.1265,0.1155,-0.016
3425,0.9187,0.006,0.0783,275.09,61.61,0.0,0.0402,0.1885,0.157,0.0768,0.5503,0.4488,1.9023,0.4349,0.1351,0.1232,-0.0169
3426,0.9189,0.0064,0.0779,322.19,72.87,0.0,0.0422,0.1976,0.1551,0.0764,0.547,0.4517,2.0254,0.4654,0.1423,0.13,-0.0201
3427,0.9195,0.006,0.0774,275.82,62.26,0.0,0.0395,0.1619,0.1591,0.0773,0.5571,0.453,1.8225,0.4266,0.1312,0.1198,-0.0121
3428,0.9199,0.0058,0.0767,267.04,61.44,0.0,0.0372,0.1724,0.1589,0.0778,0.5541,0.4507,1.8548,0.432,0.1309,0.1194,-0.0129
3429,0.9189,0.0062,0.0777,294.19,67.52,0.0,0.0433,0.1898,0.1559,0.0765,0.5476,0.4471,1.8809,0.4376,0.133,0.1214,-0.018
3430,0.9181,0.0065,0.0783,284.38,64.52,0.0,0.0392,0.178,0.157,0.0772,0.5506,0.4504,1.8814,0.4396,0.1334,0.1217,-0.0156
3431,0.9178,0.0064,0.0783,287.5,64.96,0.0,0.0385,0.1797,0.1579,0.0767,0.5486,0.4526,1.7825,0.4257,0.1281,0.1169,-0.0162
3432,0.9171,0.006,0.0792,304.71,69.53,0.0,0.0389,0.187,0.1572,0.0764,0.5532,0.4502,1.9104,0.4415,0.1357,0.1238,-0.0147
3433,0.9185,0.0058,0.0782,306.85,69.26,0.0,0.0404,0.1762,0.1569,0.0766,0.5538,0.4529,1.8649,0.4412,0.1319,0.1203,-0.0143
3434,0.9199,0.0054,0.0769,291.57,66.19,0.0,0.0337,0.161,0.1586,0.0771,0.5586,0.4547,1.7778,0.4271,0.1274,0.1162,-0.0129
3435,0.9225,0.0054,0.0743,286.92,64.65,0.0,0.0365,0.1671,0.16,0.0775,0.5591,0.4535,1.8561,0.4403,0.1323,0.1207,-0.0101
3436,0.9222,0.0055,0.0746,286.71,65.46,0.0,0.0407,0.1974,0.1559,0.0756,0.5505,0.45,1.8652,0.4344,0.1329,0.1213,-0.0186
3437,0.9216,0.0052,0.0755,289.47,66.45,0.0,0.0385,0.1547,0.1629,0.0786,0.5637,0.4586,1.9174,0.4499,0.1356,0.1236,-0.0079
3438,0.9212,0.006,0.0756,301.95,68.99,0.0,0.0407,0.1965,0.156,0.0761,0.5512,0.4483,2.0184,0.4658,0.1413,0.1285,-0.0188
3439,0.9209,0.0065,0.0759,275.66,62.0,0.0,0.0422,0.1976,0.1559,0.0759,0.5509,0.4503,1.8728,0.4395,0.133,0.1211,-0.0195
3440,0.9205,0.0068,0.0761,310.09,70.85,0.0,0.0403,0.1749,0.1596,0.0769,0.5588,0.4528,1.9715,0.4607,0.1391,0.1266,-0.013
3441,0.921,0.0071,0.0755,333.37,76.44,0.0,0.0414,0.1815,0.1584,0.0756,0.5538,0.4523,1.9408,0.4507,0.1379,0.1256,-0.0146
3442,0.921,0.0071,0.0755,303.2,70.27,0.0,0.041,0.1912,0.1593,0.0767,0.5526,0.4503,1.9566,0.4502,0.1366,0.1242,-0.0155
3443,0.9202,0.007,0.0762,305.86,69.29,0.0,0.0397,0.1733,0.1583,0.0762,0.56,0.4548,1.9456,0.4557,0.1376,0.1253,-0.0137
3444,0.9206,0.0066,0.076,277.05,63.09,0.0,0.0379,0.1702,0.16,0.0762,0.5601,0.4543,1.7953,0.4293,0.1275,0.1159,-0.0134
3445,0.9228,0.006,0.0744,273.11,61.33,0.0,0.0411,0.1841,0.1583,0.0763,0.5556,0.449,1.8632,0.4417,0.1344,0.1225,-0.0151
3446,0.9233,0.0055,0.0745,283.64,64.12,0.0,0.0408,0.1823,0.156,0.0768,0.5559,0.449,1.804,0.4246,0.1284,0.1169,-0.0192
3447,0.9253,0.005,0.0729,304.92,69.72,0.0,0.0384,0.1792,0.1586,0.0756,0.5569,0.452,1.8651,0.4374,0.132,0.12,-0.0136
3448,0.9261,0.0049,0.0718,267.48,61.34,0.0,0.039,0.1495,0.1616,0.0777,0.5618,0.4556,1.8716,0.4486,0.1324,0.1204,-0.0114
3449,0.9252,0.0052,0.0723,284.01,65.38,0.0,0.0391,0.1765,0.1592,0.0767,0.5592,0.4531,1.9403,0.4544,0.1368,0.1245,-0.0127
3450,0.9243,0.0054,0.0729,279.44,62.81,0.0,0.0426,0.1772,0.1604,0.0765,0.5567,0.4567,1.8958,0.4438,0.1345,0.1222,-0.0129
3451,0.9231,0.0057,0.0735,304.18,69.74,0.0,0.0416,0.188,0.1572,0.0754,0.553,0.4522,1.988,0.4611,0.139,0.1263,-0.019
3452,0.9216,0.0059,0.0744,314.32,72.24,0.0,0.0411,0.1818,0.1606,0.0763,0.5615,0.4534,2.0652,0.4763,0.1453,0.1322,-0.0128
3453,0.9214,0.0062,0.0745,295.13,67.56,0.0,0.0397,0.1688,0.1607,0.0765,0.5615,0.4566,1.8913,0.4501,0.1352,0.1231,-0.0134
3454,0.9235,0.0064,0.0725,273.72,62.86,0.0,0.0402,0.1786,0.1612,0.0767,0.5612,0.4534,1.9405,0.4577,0.1373,0.1248,-0.0125
3455,0.9263,0.006,0.0699,282.96,64.25,0.0,0.0374,0.1672,0.1609,0.0779,0.5626,0.4543,1.764,0.4289,0.1269,0.1155,-0.0125
3456,0.9278,0.0058,0.0685,301.36,69.1,0.0,0.0395,0.176,0.1617,0.0771,0.567,0.4553,1.9474,0.4526,0.1374,0.1251,-0.0101
3457,0.9269,0.0057,0.0695,290.6,64.89,0.0,0.0385,0.1684,0.1594,0.0766,0.5595,0.4583,1.8121,0.4317,0.1292,0.1175,-0.0144
3458,0.925,0.0061,0.0711,278.71,63.76,0.0,0.0411,0.1874,0.1592,0.0761,0.5544,0.4563,1.8312,0.4361,0.13,0.1181,-0.0178
3459,0.9226,0.0066,0.0731,270.61,60.22,0.0,0.0409,0.1989,0.1568,0.0758,0.5504,0.4515,1.8792,0.4503,0.1332,0.121,-0.0191
3460,0.9235,0.0062,0.0726,282.74,65.11,0.0,0.0363,0.1726,0.1615,0.0771,0.5645,0.4573,1.7869,0.4245,0.1266,0.115,-0.0109
3461,0.926,0.0057,0.0703,287.45,65.48,0.0,0.0393,0.1771,0.1612,0.0773,0.5635,0.4545,1.9056,0.4524,0.1358,0.1234,-0.0119
3462,0.9268,0.0056,0.0695,268.92,61.09,0.0,0.0395,0.1668,0.1612,0.0777,0.5652,0.458,1.8504,0.4437,0.1314,0.1196,-0.0118
3463,0.9279,0.0057,0.0685,310.36,72.79,0.0,0.0424,0.1726,0.1611,0.0768,0.5636,0.4564,2.0151,0.4696,0.1398,0.1272,-0.013
3464,0.9281,0.0063,0.068,265.65,59.84,0.0,0.0399,0.182,0.1583,0.0762,0.561,0.4581,1.8478,0.4417,0.1312,0.1194,-0.0177
3465,0.9275,0.006,0.0685,307.09,70.65,0.0,0.037,0.1696,0.1604,0.0758,0.5617,0.4577,1.9452,0.4604,0.1363,0.1242,-0.0148
3466,0.9274,0.0061,0.0686,285.14,64.53,0.0,0.0396,0.1677,0.1617,0.0774,0.565,0.4581,1.8891,0.4535,0.1347,0.1227,-0.012
3467,0.9275,0.006,0.0686,291.17,66.52,0.0,0.0404,0.1762,0.159,0.0761,0.5618,0.455,1.9142,0.4593,0.1363,0.124,-0.0148
3468,0.9264,0.0058,0.0694,294.16,67.59,0.0,0.0405,0.171,0.1603,0.0771,0.5665,0.4557,1.9425,0.4645,0.1374,0.125,-0.0129
3469,0.9259,0.0061,0.0698,291.87,65.44,0.0,0.0414,0.1818,0.1605,0.0763,0.563,0.454,1.8799,0.4501,0.1349,0.123,-0.0146
3470,0.927,0.0058,0.0687,307.26,70.67,0.0,0.0386,0.1658,0.1613,0.0769,0.5649,0.4544,1.9608,0.4638,0.1377,0.1252,-0.0116
3471,0.9287,0.0061,0.0671,296.33,67.24,0.0,0.0405,0.1776,0.1614,0.0776,0.5611,0.4553,1.9974,0.4716,0.1408,0.1283,-0.0149
3472,0.9296,0.0061,0.0663,305.89,69.81,0.0,0.0402,0.1609,0.1614,0.0773,0.5686,0.4574,1.9255,0.4671,0.1379,0.1256,-0.0117
3473,0.93,0.0061,0.0657,300.89,67.94,0.0,0.044,0.1927,0.1581,0.076,0.5551,0.4589,1.9393,0.4507,0.1357,0.1234,-0.02
3474,0.9277,0.0064,0.0676,300.79,69.59,0.0,0.0399,0.1732,0.1596,0.0763,0.5651,0.459,1.8816,0.4542,0.1343,0.1222,-0.014
3475,0.9277,0.007,0.0673,303.4,70.1,0.0,0.0399,0.163,0.1612,0.0775,0.5657,0.4599,1.8788,0.4494,0.1326,0.1208,-0.0138
3476,0.9269,0.0069,0.068,286.51,66.87,0.0,0.0404,0.1753,0.1598,0.0763,0.5626,0.4572,1.9255,0.455,0.1343,0.122,-0.0157
3477,0.9267,0.0067,0.0682,291.39,66.59,0.0,0.0432,0.1848,0.1595,0.0767,0.5582,0.4544,1.8911,0.4462,0.1338,0.122,-0.0184
3478,0.9249,0.0065,0.0703,317.7,72.25,0.0,0.0382,0.1733,0.1605,0.0757,0.5674,0.4603,1.952,0.4659,0.1392,0.1266,-0.0136
3479,0.9253,0.0062,0.07,272.25,61.35,0.0,0.0389,0.1702,0.161,0.0768,0.5635,0.4593,1.8225,0.4387,0.1299,0.1181,-0.0138
3480,0.9254,0.0055,0.0704,295.0,66.51,0.0,0.038,0.162,0.1622,0.0773,0.5669,0.4626,1.9254,0.4626,0.1364,0.1241,-0.0114
3481,0.9273,0.0049,0.0692,283.24,64.64,0.0,0.0369,0.1579,0.1627,0.077,0.5722,0.4619,2.0132,0.4787,0.1412,0.1282,-0.0084
3482,0.928,0.0045,0.0687,268.7,60.51,0.0,0.0385,0.1779,0.1602,0.0755,0.5654,0.4578,1.837,0.4325,0.13,0.118,-0.0132
3483,0.929,0.0043,0.0678,300.46,68.85,0.0,0.0378,0.167,0.1626,0.0774,0.5682,0.4592,1.8358,0.4362,0.1306,0.1188,-0.01
3484,0.9305,0.0038,0.0666,282.73,64.79,0.0,0.0408,0.1618,0.1621,0.0783,0.5699,0.461,1.828,0.4412,0.13,0.1182,-0.0112
3485,0.9318,0.0034,0.0656,258.82,58.63,0.0,0.0364,0.1567,0.1657,0.0783,0.5753,0.4623,1.8817,0.447,0.1323,0.1202,-0.0054
3486,0.9345,0.0037,0.0627,323.46,74.05,0.0,0.0426,0.1759,0.1622,0.0767,0.5669,0.4583,1.955,0.458,0.1377,0.1253,-0.0127
3487,0.9361,0.0041,0.0609,289.25,65.38,0.0,0.0384,0.1576,0.1642,0.0778,0.5688,0.4613,1.9011,0.4522,0.135,0.1229,-0.0098
3488,0.9364,0.0043,0.0605,283.98,64.47,0.0,0.0364,0.1579,0.163,0.0765,0.5693,0.4612,1.8319,0.4418,0.1296,0.1179,-0.0117
3489,0.9368,0.0039,0.0602,291.22,66.16,0.0,0.0409,0.1649,0.1628,0.0779,0.571,0.461,1.8857,0.446,0.1336,0.1215,-0.0112
3490,0.9387,0.0038,0.0584,291.48,66.12,0.0,0.0382,0.1478,0.1641,0.0773,0.5742,0.4652,1.9779,0.4755,0.1397,0.1271,-0.0086
3491,0.9401,0.0036,0.0573,298.7,68.0,0.0,0.0404,0.1668,0.1627,0.0772,0.5673,0.4603,1.9379,0.4607,0.1379,0.1257,-0.0125
3492,0.9416,0.0032,0.0562,312.12,71.65,0.0,0.0425,0.1684,0.1619,0.0763,0.5656,0.4585,2.0434,0.4822,0.1426,0.1297,-0.0139
3493,0.9419,0.0032,0.0558,290.35,66.32,0.0,0.0405,0.1766,0.1616,0.0762,0.567,0.4594,1.8852,0.4458,0.1324,0.1204,-0.0134
3494,0.9407,0.0036,0.0564,296.26,68.81,0.0,0.0401,0.1751,0.1636,0.0763,0.5704,0.4603,1.919,0.448,0.1347,0.1224,-0.0103
3495,0.9412,0.004,0.0556,281.96,64.6,0.0,0.0403,0.1743,0.16,0.0755,0.5613,0.4574,1.8803,0.4362,0.1306,0.1187,-0.017
3496,0.9398,0.0045,0.0565,301.26,68.48,0.0,0.042,0.1796,0.1614,0.0758,0.5602,0.4615,1.9835,0.4636,0.1397,0.1272,-0.0152
3497,0.939,0.0051,0.0571,277.46,62.2,0.0,0.0382,0.1725,0.1623,0.0761,0.5662,0.4626,1.9406,0.4579,0.1363,0.1241,-0.0137
3498,0.9386,0.0057,0.0574,326.07,75.01,0.0,0.0385,0.1523,0.1644,0.0774,0.5719,0.4641,1.9087,0.4625,0.1363,0.124,-0.0107
3499,0.9384,0.0059,0.0575,305.79,69.41,0.0,0.0378,0.163,0.1632,0.077,0.5694,0.4625,1.9429,0.463,0.1374,0.1252,-0.0086
3500,0.9377,0.0059,0.0581,325.54,75.06,0.0,0.0415,0.1871,0.1611,0.0768,0.5584,0.4593,1.9487,0.4597,0.1371,0.1248,-0.0145
3501,0.9359,0.0059,0.0595,287.64,65.06,0.0,0.0415,0.1815,0.1621,0.0764,0.5651,0.4604,1.9142,0.4604,0.1359,0.1236,-0.0125
3502,0.9344,0.0062,0.0609,304.85,70.13,0.0,0.0428,0.185,0.1606,0.076,0.5591,0.461,1.8278,0.4367,0.13,0.1182,-0.0168
3503,0.9332,0.0063,0.0623,281.72,62.81,0.0,0.0405,0.1673,0.1609,0.0756,0.5649,0.4616,1.8351,0.4445,0.1315,0.1197,-0.0156
3504,0.9304,0.0068,0.0648,288.77,65.93,0.0,0.0394,0.167,0.1607,0.0757,0.5607,0.4601,1.8794,0.4602,0.1335,0.1215,-0.0165
3505,0.9286,0.0067,0.0665,299.59,69.04,0.0,0.0367,0.1584,0.1637,0.0766,0.5701,0.4654,1.8121,0.4401,0.1288,0.1174,-0.0109
3506,0.9276,0.0066,0.0675,287.32,65.66,0.0,0.0423,0.1729,0.1622,0.0757,0.5676,0.4581,1.9783,0.4635,0.1389,0.1264,-0.0127
3507,0.9274,0.0068,0.0674,285.71,65.42,0.0,0.037,0.142,0.1658,0.0772,0.5744,0.4674,1.8125,0.4411,0.1286,0.1171,-0.0078
3508,0.9315,0.0061,0.0636,310.19,71.62,0.0,0.0388,0.1684,0.1644,0.0765,0.5739,0.466,1.896,0.4482,0.1325,0.1205,-0.0074
3509,0.9339,0.0061,0.0614,294.27,66.98,0.0,0.0416,0.1753,0.1633,0.0764,0.5621,0.4611,1.9051,0.446,0.1337,0.1217,-0.0129
3510,0.9334,0.0065,0.0616,297.19,67.92,0.0,0.0367,0.1513,0.1655,0.0774,0.5725,0.4633,1.9224,0.4625,0.1363,0.1243,-0.0077
3511,0.9335,0.0061,0.0616,283.46,64.38,0.0,0.0413,0.1754,0.1624,0.076,0.566,0.4617,1.9093,0.4522,0.1348,0.1227,-0.0118
3512,0.9347,0.0054,0.0609,290.82,64.9,0.0,0.0407,0.178,0.1619,0.076,0.5672,0.4642,1.9032,0.45,0.1356,0.1236,-0.0131
3513,0.9349,0.0051,0.0612,291.79,67.32,0.0,0.0385,0.1691,0.1635,0.0761,0.5698,0.4641,1.9446,0.4623,0.1364,0.1241,-0.0112
3514,0.9363,0.0053,0.0599,278.16,63.34,0.0,0.0371,0.158,0.163,0.0758,0.5676,0.4632,1.8032,0.4392,0.1279,0.1163,-0.0108
3515,0.9374,0.005,0.0592,281.52,63.72,0.0,0.0415,0.1686,0.162,0.0761,0.5637,0.459,1.8469,0.444,0.1316,0.1197,-0.0117
3516,0.939,0.0045,0.0582,338.36,78.33,0.0,0.0385,0.1692,0.1636,0.0762,0.5672,0.4639,1.9988,0.4796,0.1417,0.1291,-0.0104
3517,0.9403,0.0039,0.0572,291.25,66.72,0.0,0.0423,0.1689,0.1627,0.076,0.5686,0.4649,1.9959,0.4631,0.1394,0.127,-0.0112
3518,0.9436,0.0041,0.054,306.27,69.98,0.0,0.039,0.1616,0.1625,0.0755,0.5723,0.4651,1.847,0.4454,0.1319,0.1201,-0.0118
3519,0.9446,0.004,0.053,271.64,61.49,0.0,0.0407,0.172,0.1628,0.0754,0.5664,0.4664,1.862,0.4474,0.1323,0.1205,-0.0106
3520,0.9454,0.0038,0.0523,307.23,69.67,0.0,0.0404,0.1701,0.1628,0.0762,0.5656,0.463,1.909,0.4552,0.1355,0.1235,-0.0115
3521,0.9455,0.0039,0.0521,317.83,73.12,0.0,0.0406,0.1656,0.1641,0.0773,0.5737,0.4655,2.0579,0.4938,0.1459,0.1329,-0.0099
3522,0.9465,0.0038,0.0512,277.02,63.59,0.0,0.0367,0.1652,0.1644,0.0756,0.5713,0.465,1.8564,0.4459,0.1311,0.1192,-0.0085
3523,0.9475,0.0038,0.0504,313.83,71.25,0.0,0.0387,0.1686,0.163,0.0758,0.5694,0.4665,1.8987,0.4566,0.1336,0.1217,-0.0108
3524,0.9466,0.0034,0.0517,328.26,75.05,0.0,0.0413,0.173,0.1627,0.0761,0.5666,0.4631,2.002,0.4788,0.1407,0.1281,-0.013
3525,0.9463,0.0036,0.0519,267.73,60.45,0.0,0.041,0.1682,0.1636,0.076,0.5673,0.4639,1.7825,0.436,0.1271,0.1158,-0.0142
3526,0.9466,0.0039,0.0515,286.54,65.11,0.0,0.0379,0.1556,0.165,0.0775,0.5707,0.4644,1.9351,0.4647,0.1361,0.1238,-0.0104
3527,0.9461,0.0043,0.0521,254.43,57.15,0.0,0.0396,0.165,0.1632,0.0766,0.5668,0.463,1.7826,0.4316,0.1265,0.115,-0.0127
3528,0.9437,0.0049,0.0542,308.11,69.96,0.0,0.0402,0.1749,0.1641,0.077,0.5661,0.4618,1.9653,0.4687,0.1391,0.1268,-0.0133
3529,0.9418,0.0052,0.0559,268.53,60.58,0.0,0.0402,0.173,0.1617,0.0759,0.5681,0.463,1.7872,0.4374,0.1277,0.1163,-0.0139
3530,0.9404,0.0049,0.0575,251.29,56.51,0.0,0.0363,0.1638,0.1652,0.0771,0.5702,0.4634,1.8843,0.4519,0.1339,0.1218,-0.0106
3531,0.9412,0.0052,0.0563,296.79,68.53,0.0,0.0396,0.1632,0.1646,0.0765,0.5743,0.4626,1.9309,0.4605,0.1348,0.1227,-0.0098
3532,0.941,0.005,0.0567,270.05,61.33,0.0,0.0384,0.1769,0.1623,0.0765,0.5671,0.4612,1.8215,0.4391,0.1299,0.1182,-0.0134
3533,0.9393,0.0047,0.0582,287.31,65.96,0.0,0.0388,0.1592,0.1637,0.0772,0.5651,0.4644,1.8851,0.4505,0.1323,0.1205,-0.0128
3534,0.9403,0.0046,0.0571,288.68,66.25,0.0,0.0404,0.1569,0.1631,0.077,0.5651,0.4578,1.8456,0.4423,0.1294,0.1178,-0.0146
3535,0.9414,0.0045,0.0558,307.84,70.56,0.0,0.0389,0.1607,0.1657,0.0772,0.5673,0.4611,1.9719,0.4783,0.1399,0.1274,-0.0091
3536,0.9412,0.005,0.0559,296.84,68.23,0.0,0.0398,0.1656,0.1624,0.0769,0.5655,0.4597,1.8859,0.4565,0.1327,0.1208,-0.0143
3537,0.94,0.0053,0.0569,303.45,69.8,0.0,0.0393,0.1587,0.1649,0.0779,0.571,0.4655,1.9436,0.4685,0.1373,0.125,-0.0102
3538,0.9394,0.0056,0.0572,307.92,71.2,0.0,0.042,0.1734,0.1631,0.076,0.5634,0.4599,1.9964,0.47,0.1388,0.1264,-0.0141
3539,0.9386,0.0052,0.0581,308.49,69.9,0.0,0.0384,0.1552,0.1658,0.0779,0.5688,0.4621,1.893,0.4562,0.1341,0.1222,-0.0085
3540,0.9398,0.0051,0.0569,283.99,65.46,0.0,0.0397,0.1638,0.1642,0.0772,0.5698,0.467,1.9212,0.4604,0.1346,0.1225,-0.0102
3541,0.9385,0.0053,0.0579,296.18,68.07,0.0,0.0374,0.1605,0.1652,0.0768,0.5695,0.4647,1.88,0.4519,0.1314,0.1197,-0.01
3542,0.9405,0.0047,0.0566,267.38,59.99,0.0,0.0375,0.165,0.1653,0.0773,0.567,0.4661,1.8734,0.4581,0.1332,0.1214,-0.0092
3543,0.9396,0.0045,0.0573,295.04,67.34,0.0,0.0396,0.1735,0.1634,0.0774,0.5622,0.4569,2.0016,0.4799,0.1412,0.1287,-0.012
3544,0.9377,0.0046,0.059,293.35,67.64,0.0,0.0411,0.1661,0.1627,0.0754,0.5647,0.4606,1.8812,0.4481,0.1315,0.1195,-0.0126
3545,0.9376,0.0051,0.0588,292.72,67.61,0.0,0.0407,0.1609,0.1625,0.0768,0.5614,0.4615,1.9069,0.4621,0.1347,0.1227,-0.0157
3546,0.9372,0.0049,0.059,326.13,74.5,0.0,0.0433,0.1682,0.1636,0.076,0.565,0.464,2.0734,0.4928,0.1469,0.1339,-0.0113
3547,0.9391,0.0052,0.0568,267.72,60.64,0.0,0.0349,0.1554,0.1644,0.0765,0.5663,0.4633,1.83,0.4439,0.1293,0.1176,-0.0116
3548,0.9393,0.0052,0.057,296.19,67.09,0.0,0.0395,0.1753,0.1602,0.0757,0.557,0.4601,1.8425,0.4443,0.1305,0.1189,-0.0159
3549,0.9408,0.0046,0.0561,284.38,65.56,0.0,0.0358,0.1677,0.1643,0.0766,0.5686,0.4637,1.9398,0.466,0.1363,0.1239,-0.0091
3550,0.9425,0.0047,0.0545,323.33,73.46,0.0,0.0386,0.165,0.1634,0.0771,0.5622,0.458,1.8621,0.4542,0.133,0.1213,-0.0141
3551,0.9419,0.0045,0.0553,288.42,65.96,0.0,0.0407,0.159,0.1643,0.0773,0.5661,0.462,1.982,0.4686,0.1381,0.1258,-0.0115
3552,0.9426,0.0045,0.0546,282.94,64.13,0.0,0.0385,0.1627,0.1632,0.0769,0.5652,0.4671,1.9728,0.4744,0.14,0.1275,-0.0116
3553,0.9428,0.0044,0.0545,283.93,64.81,0.0,0.0386,0.1625,0.1632,0.0756,0.5684,0.4614,1.853,0.4435,0.1303,0.1187,-0.0124
3554,0.9422,0.0041,0.0554,308.28,70.3,0.0,0.0399,0.167,0.1651,0.0772,0.5693,0.4598,1.9774,0.4724,0.1389,0.1265,-0.0099
3555,0.9439,0.0036,0.054,291.49,66.81,0.0,0.038,0.1547,0.1651,0.0765,0.5668,0.4624,1.8089,0.4405,0.1287,0.1171,-0.0097
3556,0.9438,0.0036,0.0543,276.93,62.51,0.0,0.0393,0.1724,0.1653,0.0765,0.5693,0.4656,1.9971,0.4745,0.1399,0.1273,-0.0092
3557,0.9451,0.0034,0.0529,280.3,63.59,0.0,0.0373,0.1515,0.168,0.078,0.5746,0.467,1.9852,0.4735,0.14,0.1276,-0.0046
3558,0.9464,0.003,0.0518,280.25,64.03,0.0,0.036,0.1594,0.1668,0.0771,0.5741,0.4662,2.0179,0.4787,0.1405,0.1279,-0.0067
3559,0.9478,0.0028,0.0503,303.22,69.01,0.0,0.0397,0.1716,0.1633,0.0762,0.5676,0.462,1.8774,0.4521,0.1333,0.1214,-0.0122
3560,0.9478,0.0024,0.0505,300.55,68.44,0.0,0.04,0.1852,0.1644,0.0762,0.5677,0.4627,1.9696,0.4664,0.1383,0.1258,-0.0115
3561,0.9481,0.0024,0.0503,297.66,69.09,0.0,0.0368,0.1558,0.1675,0.0771,0.5763,0.4703,1.9572,0.4609,0.1361,0.1238,-0.006
3562,0.9476,0.0026,0.0508,267.32,61.04,0.0,0.0408,0.1752,0.163,0.0765,0.561,0.4649,1.7336,0.4204,0.1227,0.1113,-0.0164
3563,0.9474,0.003,0.0505,317.93,73.98,0.0,0.0395,0.1683,0.1646,0.0764,0.568,0.4657,1.9035,0.449,0.1328,0.1206,-0.0101
3564,0.9483,0.0036,0.0493,277.33,63.56,0.0,0.039,0.184,0.1638,0.0753,0.5692,0.4659,1.9412,0.4612,0.1355,0.1229,-0.0127
3565,0.9481,0.0034,0.0497,289.89,67.26,0.0,0.0397,0.1607,0.1657,0.0767,0.5744,0.4701,1.9216,0.4603,0.1341,0.1216,-0.01
3566,0.9476,0.003,0.0504,278.97,63.06,0.0,0.0388,0.1712,0.1637,0.0757,0.5681,0.4653,1.9373,0.4639,0.1364,0.1239,-0.0132
3567,0.9475,0.0032,0.0503,302.16,70.04,0.0,0.0368,0.1675,0.1683,0.0772,0.5775,0.4692,1.9363,0.4628,0.1362,0.1235,-0.0043
3568,0.9501,0.0036,0.0472,295.42,67.91,0.0,0.0376,0.1597,0.1673,0.077,0.5744,0.4691,1.9483,0.4647,0.137,0.1246,-0.0068
3569,0.9495,0.0035,0.048,298.61,69.48,0.0,0.0376,0.1683,0.1661,0.077,0.573,0.4682,1.9375,0.4617,0.136,0.1234,-0.0102
3570,0.9485,0.0032,0.0492,305.76,70.14,0.0,0.0386,0.1802,0.1651,0.0766,0.5694,0.4649,1.9623,0.4682,0.1377,0.125,-0.0114
3571,0.948,0.0043,0.0489,295.71,68.25,0.0,0.0381,0.179,0.1657,0.0757,0.5698,0.468,1.9663,0.4672,0.1372,0.1246,-0.0126
3572,0.9483,0.0047,0.0484,265.87,59.99,0.0,0.0381,0.1747,0.1657,0.0764,0.5708,0.4669,1.9322,0.4587,0.1349,0.1224,-0.0101
3573,0.9479,0.005,0.0485,297.26,69.04,0.0,0.0398,0.189,0.1647,0.0754,0.5704,0.4652,1.994,0.4637,0.139,0.1262,-0.0129
3574,0.9475,0.0056,0.0483,278.47,63.85,0.0,0.0382,0.1728,0.167,0.0765,0.5682,0.4688,1.8283,0.4408,0.13,0.118,-0.0097
3575,0.9486,0.0056,0.0472,300.49,69.46,0.0,0.0378,0.1798,0.1672,0.0764,0.5699,0.4646,1.9129,0.4566,0.1344,0.122,-0.0096
3576,0.9479,0.0059,0.048,288.9,65.54,0.0,0.0376,0.1536,0.1667,0.0771,0.5764,0.4684,1.885,0.455,0.1327,0.1205,-0.0075
3577,0.9491,0.0059,0.0468,290.36,67.48,0.0,0.0418,0.1743,0.1669,0.0759,0.5699,0.4676,1.9162,0.4479,0.1337,0.1213,-0.0099
3578,0.9489,0.0061,0.0467,297.73,68.76,0.0,0.0409,0.1632,0.166,0.0765,0.5739,0.466,1.945,0.4645,0.1363,0.1237,-0.0104
3579,0.9482,0.0063,0.0472,285.23,65.74,0.0,0.0406,0.1696,0.1667,0.0775,0.5724,0.4669,2.0401,0.4833,0.1418,0.1287,-0.0105
3580,0.9488,0.0068,0.0463,327.15,75.47,0.0,0.0388,0.1771,0.1652,0.076,0.5717,0.4669,1.9915,0.4722,0.1402,0.1273,-0.0104
3581,0.9487,0.0072,0.0465,333.5,77.33,0.0,0.0392,0.1575,0.1674,0.0769,0.5748,0.469,2.0194,0.4814,0.1411,0.1278,-0.0086
3582,0.95,0.0077,0.045,295.81,67.53,0.0,0.0404,0.1737,0.1647,0.0753,0.5715,0.4667,1.9782,0.4724,0.1388,0.1257,-0.0128
3583,0.9487,0.0079,0.0462,292.57,67.01,0.0,0.0391,0.1674,0.1665,0.077,0.5769,0.4735,2.0029,0.4757,0.1399,0.1268,-0.0089
3584,0.9486,0.0074,0.0465,287.31,66.75,0.0,0.0386,0.1629,0.1663,0.0765,0.5754,0.4649,1.9117,0.4554,0.1325,0.1198,-0.0096
3585,0.948,0.0077,0.0471,290.33,66.87,0.0,0.0411,0.18,0.1646,0.0766,0.5699,0.4668,1.9297,0.4575,0.135,0.1222,-0.0153
3586,0.9475,0.0076,0.0479,278.85,63.64,0.0,0.0359,0.1611,0.1668,0.077,0.58,0.4686,1.8242,0.4379,0.1279,0.1158,-0.009
3587,0.9484,0.0076,0.047,306.55,70.58,0.0,0.0391,0.1704,0.1667,0.077,0.5756,0.4694,1.9217,0.4572,0.1351,0.1223,-0.0109
3588,0.9481,0.0078,0.0474,290.67,66.56,0.0,0.0403,0.1664,0.1634,0.0762,0.5684,0.4621,1.9122,0.4546,0.1337,0.1209,-0.0154
3589,0.9462,0.0083,0.049,302.68,69.17,0.0,0.0405,0.1669,0.166,0.0756,0.5718,0.4673,1.9913,0.479,0.1396,0.1265,-0.0128
3590,0.9443,0.0092,0.0505,296.96,68.0,0.0,0.0391,0.165,0.1677,0.0773,0.5762,0.4701,1.8541,0.4465,0.1306,0.1183,-0.0115
3591,0.9425,0.0094,0.0524,318.2,73.11,0.0,0.0375,0.1695,0.1661,0.0769,0.5751,0.4698,1.8989,0.4567,0.134,0.1213,-0.0115
3592,0.9419,0.0092,0.0528,275.8,61.52,0.0,0.039,0.1603,0.1676,0.0785,0.5784,0.4667,1.8507,0.4453,0.1309,0.1185,-0.0106
3593,0.9437,0.0088,0.0512,307.8,71.37,0.0,0.0376,0.17,0.169,0.0775,0.5779,0.469,1.997,0.4715,0.1389,0.1256,-0.0081
3594,0.9427,0.0086,0.0525,286.64,65.92,0.0,0.0361,0.1626,0.1671,0.0782,0.5771,0.4716,1.9163,0.4608,0.1357,0.123,-0.0092
3595,0.9409,0.0087,0.0541,289.05,66.63,0.0,0.0397,0.1769,0.1657,0.0768,0.5711,0.4682,1.9411,0.4595,0.1363,0.1234,-0.0136
3596,0.9397,0.0082,0.0557,300.87,67.93,0.0,0.0412,0.1764,0.166,0.0766,0.5748,0.4673,1.9229,0.4573,0.1353,0.1226,-0.0129
3597,0.9393,0.0082,0.0563,301.65,68.79,0.0,0.041,0.1669,0.1676,0.0778,0.5768,0.4672,1.9524,0.4644,0.1376,0.1248,-0.0124
3598,0.9389,0.0078,0.0573,303.59,69.49,0.0,0.0411,0.1792,0.1664,0.077,0.5737,0.4688,1.8923,0.4567,0.1341,0.1217,-0.0128
3599,0.9379,0.0082,0.0578,293.4,66.36,0.0,0.0391,0.1817,0.167,0.0768,0.5738,0.4704,1.9421,0.467,0.1371,0.1242,-0.011
3600,0.9371,0.0081,0.0589,288.67,66.2,0.0,0.0396,0.1752,0.1652,0.0762,0.5711,0.4679,1.9065,0.4615,0.1349,0.1223,-0.0134
3601,0.9363,0.0081,0.0598,324.77,74.68,0.0,0.0397,0.1793,0.167,0.0776,0.572,0.4692,1.9792,0.4703,0.1377,0.1248,-0.0132
3602,0.9368,0.008,0.0592,278.11,62.5,0.0,0.037,0.1672,0.1664,0.0775,0.5785,0.4739,1.8174,0.443,0.1291,0.1169,-0.0101
3603,0.9375,0.0076,0.0587,290.75,66.76,0.0,0.0375,0.1571,0.1677,0.0777,0.5766,0.47,1.8651,0.4478,0.1307,0.1185,-0.0086
3604,0.9375,0.0073,0.0589,288.94,67.0,0.0,0.0395,0.1714,0.1662,0.077,0.5752,0.4683,1.8538,0.4471,0.1309,0.1186,-0.0123
3605,0.938,0.0067,0.0588,290.49,67.67,0.0,0.0393,0.176,0.1667,0.0771,0.5756,0.4688,1.9014,0.4523,0.1329,0.1202,-0.0116
3606,0.9399,0.0064,0.0569,288.0,67.22,0.0,0.0358,0.1507,0.1689,0.0789,0.5824,0.4707,1.8433,0.4457,0.1298,0.1177,-0.0083
3607,0.9394,0.0066,0.0573,316.93,73.86,0.0,0.0412,0.1846,0.1654,0.0768,0.5754,0.4703,2.0082,0.4719,0.1394,0.1262,-0.0129
3608,0.9418,0.0066,0.0553,283.84,65.03,0.0,0.0352,0.154,0.1699,0.0785,0.5843,0.4762,1.9061,0.4586,0.134,0.1215,-0.0053
3609,0.9435,0.0066,0.0534,321.23,74.5,0.0,0.0414,0.1723,0.1666,0.078,0.5745,0.4686,1.9837,0.4774,0.1395,0.1265,-0.0129
3610,0.943,0.0073,0.0536,303.22,70.55,0.0,0.0402,0.1791,0.1659,0.0776,0.5733,0.4667,1.9216,0.4547,0.1338,0.1211,-0.0139
3611,0.9437,0.007,0.053,305.7,70.69,0.0,0.0387,0.165,0.1693,0.079,0.5865,0.4756,1.9927,0.4741,0.1385,0.1255,-0.0066
3612,0.945,0.0066,0.0517,294.51,67.75,0.0,0.04,0.1606,0.1677,0.0779,0.5782,0.4732,1.8895,0.4486,0.1319,0.1195,-0.012
3613,0.9445,0.0072,0.0515,292.96,67.2,0.0,0.0394,0.1838,0.1681,0.078,0.5815,0.4734,1.9295,0.4589,0.1357,0.123,-0.011
3614,0.9445,0.0076,0.0513,299.63,69.72,0.0,0.0385,0.1722,0.1679,0.0784,0.5816,0.4708,1.9248,0.4586,0.1349,0.1222,-0.0111
3615,0.9459,0.0072,0.0502,326.55,75.46,0.0,0.0406,0.1849,0.1673,0.0773,0.5788,0.4692,2.0054,0.4752,0.1399,0.1265,-0.011
3616,0.945,0.0074,0.051,331.92,76.93,0.0,0.0396,0.1959,0.1662,0.0771,0.5755,0.4709,2.0197,0.4743,0.1414,0.1279,-0.0149
3617,0.9445,0.0072,0.0514,303.13,70.31,0.0,0.0395,0.1744,0.1686,0.0781,0.5814,0.4724,1.9684,0.4662,0.1374,0.1244,-0.01
3618,0.9459,0.0067,0.0503,296.97,68.97,0.0,0.0383,0.1778,0.168,0.0773,0.5776,0.4679,1.8451,0.4384,0.1288,0.1166,-0.0125
3619,0.9465,0.0065,0.0498,269.88,60.82,0.0,0.0394,0.1686,0.1681,0.0772,0.5772,0.4687,1.8237,0.4417,0.1295,0.1174,-0.0124
3620,0.9439,0.0067,0.0522,317.7,73.61,0.0,0.042,0.1847,0.1662,0.0767,0.5765,0.4679,2.0245,0.4722,0.1404,0.1269,-0.0142
3621,0.9426,0.0062,0.0539,282.43,64.28,0.0,0.0406,0.1874,0.1644,0.0765,0.5721,0.4683,1.9382,0.4614,0.1362,0.1232,-0.0163
3622,0.941,0.0062,0.0555,311.38,71.35,0.0,0.0392,0.1881,0.1682,0.0768,0.5769,0.4687,1.93,0.4538,0.135,0.1221,-0.0117
3623,0.9409,0.0062,0.0553,271.86,60.38,0.0,0.0389,0.1857,0.1679,0.0767,0.5771,0.4725,1.8375,0.4448,0.1304,0.118,-0.0122
3624,0.9416,0.0059,0.0548,273.39,61.63,0.0,0.0392,0.1666,0.1691,0.0774,0.5832,0.4731,1.9877,0.4722,0.1393,0.1261,-0.0094
3625,0.9411,0.0058,0.0553,283.95,64.82,0.0,0.0445,0.1905,0.1649,0.0762,0.5693,0.4676,1.9149,0.4479,0.134,0.1213,-0.0164
3626,0.939,0.0067,0.0572,286.65,65.88,0.0,0.0418,0.1886,0.1652,0.0759,0.5652,0.4642,1.9138,0.4526,0.1347,0.1219,-0.0188
3627,0.9376,0.007,0.0586,291.22,67.54,0.0,0.0388,0.172,0.1678,0.0763,0.5785,0.4715,1.9006,0.4541,0.1329,0.1202,-0.0128
3628,0.9363,0.0067,0.0604,279.33,63.9,0.0,0.0387,0.1652,0.1673,0.0765,0.576,0.4719,1.8097,0.4295,0.1267,0.1147,-0.0135
3629,0.9346,0.0066,0.0622,274.28,62.44,0.0,0.0404,0.1801,0.1668,0.0766,0.5775,0.4717,1.9086,0.4578,0.1348,0.1219,-0.0125
3630,0.9336,0.0064,0.0631,315.91,72.1,0.0,0.0408,0.1688,0.1673,0.0771,0.5746,0.4695,2.0211,0.4828,0.1423,0.129,-0.0149
3631,0.9331,0.007,0.0633,292.23,67.76,0.0,0.0377,0.1644,0.1696,0.0762,0.5793,0.4718,1.886,0.4536,0.1323,0.1198,-0.012
3632,0.9355,0.0072,0.0604,283.77,65.77,0.0,0.0363,0.1643,0.1714,0.0777,0.5868,0.4786,1.8681,0.4555,0.1323,0.1196,-0.0074
3633,0.9362,0.0072,0.0597,308.26,71.12,0.0,0.0431,0.1784,0.1696,0.0773,0.5829,0.4759,2.0067,0.4707,0.1394,0.1261,-0.0125
3634,0.9368,0.007,0.0589,256.9,59.08,0.0,0.038,0.1694,0.1711,0.0773,0.5883,0.4793,1.9302,0.4584,0.1341,0.1211,-0.0063
3635,0.939,0.0073,0.0566,299.64,68.46,0.0,0.0383,0.1714,0.1695,0.077,0.5814,0.472,1.7603,0.4319,0.126,0.1138,-0.0119
3636,0.9407,0.008,0.0547,273.35,62.51,0.0,0.0395,0.1759,0.1692,0.0756,0.5811,0.4765,1.7985,0.4311,0.1265,0.1142,-0.012
3637,0.9392,0.0079,0.0562,321.45,73.94,0.0,0.0407,0.1781,0.1686,0.0768,0.5778,0.4736,1.957,0.4636,0.1376,0.1245,-0.0135
3638,0.9377,0.0075,0.0579,292.31,66.41,0.0,0.0394,0.1719,0.168,0.0767,0.5796,0.4737,2.0135,0.4729,0.14,0.1265,-0.0123
3639,0.9393,0.0075,0.0561,312.73,72.0,0.0,0.0373,0.1786,0.1683,0.0765,0.5778,0.4762,1.9087,0.4498,0.1339,0.1211,-0.0128
3640,0.9408,0.0075,0.0548,285.91,65.7,0.0,0.0363,0.1658,0.1707,0.0774,0.5862,0.4787,1.9265,0.4578,0.1348,0.1219,-0.0069
3641,0.9414,0.0073,0.0545,309.72,71.44,0.0,0.0396,0.1627,0.169,0.0765,0.5815,0.4737,2.047,0.4888,0.1428,0.1292,-0.0085
3642,0.9396,0.007,0.0564,290.88,65.72,0.0,0.0415,0.1864,0.1656,0.0751,0.5745,0.4716,1.9281,0.4603,0.1357,0.1227,-0.0147
3643,0.9392,0.0066,0.057,286.31,65.17,0.0,0.0377,0.1707,0.1687,0.0764,0.5806,0.4724,1.9501,0.4668,0.1374,0.1242,-0.0116
3644,0.9395,0.0069,0.0566,289.64,67.09,0.0,0.0397,0.1722,0.1663,0.0762,0.5772,0.4732,1.8597,0.446,0.1299,0.1172,-0.0141
3645,0.9384,0.0067,0.0579,318.51,74.63,0.0,0.0413,0.1889,0.1645,0.0751,0.5735,0.4688,1.9281,0.4636,0.1358,0.1227,-0.0159
3646,0.9363,0.0067,0.06,292.63,67.67,0.0,0.0395,0.1697,0.1693,0.0761,0.5818,0.4724,1.9568,0.4631,0.1359,0.1229,-0.0118
3647,0.9356,0.0071,0.0606,286.33,65.45,0.0,0.0386,0.1691,0.1691,0.0764,0.5836,0.4743,1.908,0.4534,0.1335,0.1206,-0.0086
3648,0.9358,0.007,0.0605,328.6,76.68,0.0,0.0422,0.1728,0.1666,0.0757,0.5732,0.4665,2.0365,0.4782,0.1414,0.1277,-0.0169
3649,0.9364,0.0068,0.0599,280.23,63.67,0.0,0.0434,0.1678,0.1683,0.0759,0.5768,0.4757,1.9394,0.4616,0.1361,0.1229,-0.0148
3650,0.9333,0.0065,0.0629,304.33,69.29,0.0,0.0424,0.1757,0.1668,0.0756,0.5736,0.4699,1.9566,0.4666,0.1378,0.1245,-0.0161
3651,0.9308,0.0076,0.0648,300.01,68.04,0.0,0.041,0.1835,0.1686,0.076,0.5846,0.4722,1.9508,0.4652,0.1364,0.123,-0.0122
3652,0.9303,0.0085,0.065,295.37,68.17,0.0,0.0403,0.1814,0.1654,0.0749,0.5739,0.4685,1.9066,0.4553,0.133,0.12,-0.0171
3653,0.9293,0.0087,0.0657,282.42,64.04,0.0,0.0386,0.1667,0.1687,0.0767,0.5827,0.4766,1.8325,0.4455,0.1291,0.1164,-0.0106
3654,0.9292,0.0091,0.0656,309.7,70.98,0.0,0.0401,0.1659,0.1687,0.0758,0.5805,0.4733,1.9574,0.4662,0.1367,0.1232,-0.012
3655,0.9296,0.0084,0.0661,292.72,67.33,0.0,0.0424,0.1682,0.1671,0.0752,0.5768,0.4718,1.8802,0.4533,0.1315,0.1186,-0.0153
3656,0.9282,0.0083,0.0678,299.35,68.78,0.0,0.0423,0.1741,0.167,0.0757,0.5804,0.4698,2.0199,0.4794,0.1403,0.1264,-0.0151
3657,0.928,0.0083,0.0677,275.47,62.8,0.0,0.039,0.1756,0.1672,0.0759,0.5769,0.4698,1.827,0.4434,0.1292,0.1164,-0.0141
3658,0.9282,0.0081,0.0679,290.15,66.97,0.0,0.0437,0.19,0.1658,0.0755,0.5701,0.4648,1.9469,0.452,0.1355,0.1222,-0.019
3659,0.9278,0.0083,0.068,284.25,64.3,0.0,0.0391,0.1735,0.1707,0.0761,0.5848,0.4744,1.8066,0.4305,0.1265,0.1138,-0.0109
3660,0.9299,0.0084,0.0655,292.36,66.72,0.0,0.0422,0.1801,0.1675,0.0755,0.5781,0.4766,1.9271,0.4531,0.1341,0.1207,-0.0141
3661,0.9291,0.0082,0.0663,304.8,70.31,0.0,0.0411,0.1825,0.1673,0.0756,0.5806,0.4698,1.9931,0.4701,0.1384,0.1246,-0.0142
3662,0.9289,0.008,0.0665,306.92,69.27,0.0,0.0439,0.1865,0.1688,0.0755,0.5805,0.4746,1.9153,0.4523,0.1344,0.121,-0.0158
3663,0.9263,0.0093,0.0687,292.01,66.6,0.0,0.0432,0.1827,0.1679,0.0758,0.5774,0.4707,2.0196,0.4723,0.1392,0.1254,-0.0176
3664,0.9263,0.0101,0.0683,279.41,63.07,0.0,0.0412,0.1836,0.167,0.0756,0.5756,0.4707,1.853,0.4459,0.1317,0.1184,-0.0164
3665,0.9271,0.0101,0.0675,267.15,60.89,0.0,0.0401,0.1716,0.1699,0.0768,0.5833,0.4763,1.8388,0.4414,0.1295,0.1164,-0.0114
3666,0.9303,0.0097,0.0646,294.83,66.82,0.0,0.0449,0.1759,0.1677,0.0752,0.5764,0.4759,1.9534,0.4699,0.1375,0.1236,-0.0161
3667,0.9296,0.0104,0.0652,282.37,64.01,0.0,0.04,0.1629,0.1714,0.0762,0.5813,0.4786,1.8085,0.4389,0.1283,0.1155,-0.0105
3668,0.928,0.0108,0.0667,297.76,68.04,0.0,0.0429,0.184,0.1668,0.0747,0.5742,0.4754,1.9339,0.4643,0.1353,0.1217,-0.0163
3669,0.9285,0.011,0.0663,297.95,67.55,0.0,0.0444,0.1806,0.1686,0.0753,0.5762,0.4713,1.9214,0.4587,0.1342,0.1208,-0.0166
3670,0.9271,0.0107,0.0676,291.69,66.57,0.0,0.0438,0.1757,0.1695,0.0758,0.578,0.4755,1.8822,0.4475,0.1325,0.1192,-0.0152
3671,0.9263,0.0105,0.0685,300.74,69.13,0.0,0.0391,0.1607,0.1705,0.0768,0.5857,0.4812,1.8613,0.4491,0.1305,0.1174,-0.0114
3672,0.9246,0.0106,0.0699,286.6,64.77,0.0,0.0428,0.1811,0.1669,0.0756,0.5746,0.4712,1.8571,0.444,0.132,0.1188,-0.0155
3673,0.9276,0.0099,0.0671,306.66,71.01,0.0,0.0436,0.1737,0.1681,0.0754,0.5775,0.4742,1.9014,0.4555,0.1336,0.1201,-0.0168
3674,0.9265,0.0105,0.0682,281.57,63.27,0.0,0.0435,0.1786,0.1669,0.0752,0.5754,0.4722,1.8665,0.4545,0.1323,0.1191,-0.0191
3675,0.9225,0.0112,0.0721,294.57,67.74,0.0,0.0455,0.1899,0.166,0.0739,0.5749,0.4727,1.925,0.4587,0.1354,0.1217,-0.0195
3676,0.921,0.0118,0.0737,286.5,65.37,0.0,0.0419,0.1851,0.1681,0.0753,0.5777,0.474,1.8837,0.4521,0.1329,0.1197,-0.0158
3677,0.9196,0.0126,0.0744,314.09,72.75,0.0,0.0462,0.1811,0.1661,0.0753,0.5701,0.4697,1.9131,0.4565,0.1332,0.1198,-0.0204
3678,0.9188,0.0133,0.0741,280.51,64.35,0.0,0.0404,0.1604,0.1706,0.0764,0.579,0.4728,1.827,0.4417,0.1289,0.1159,-0.0144
3679,0.9185,0.0132,0.074,325.89,74.79,0.0,0.0449,0.1863,0.1677,0.0755,0.5796,0.4717,1.9877,0.4679,0.1392,0.1252,-0.0164
3680,0.9196,0.0121,0.0735,277.95,63.92,0.0,0.0423,0.1714,0.1694,0.0769,0.5808,0.4745,1.9555,0.4603,0.1362,0.1224,-0.0129
3681,0.9207,0.011,0.0732,288.56,66.12,0.0,0.0435,0.1838,0.167,0.0766,0.5755,0.4722,1.8695,0.4603,0.1334,0.12,-0.0151
3682,0.9182,0.0111,0.0759,328.73,75.83,0.0,0.0445,0.1996,0.167,0.075,0.5683,0.4698,1.9625,0.4701,0.1386,0.1248,-0.0212
3683,0.9175,0.0115,0.0766,284.93,65.63,0.0,0.0427,0.1965,0.1673,0.0758,0.571,0.471,1.8943,0.4553,0.1336,0.1204,-0.0173
3684,0.9177,0.0117,0.0764,296.33,84.63,0.0,0.042,0.174,0.1689,0.0764,0.5783,0.4727,1.9494,0.8354,0.1366,0.1229,-0.0153
3685,0.9164,0.0119,0.0777,279.13,94.43,0.0,0.0428,0.1892,0.1683,0.0767,0.5809,0.4775,1.8109,1.4873,0.13,0.1169,-0.0158
3686,0.9168,0.0118,0.0768,276.92,113.82,0.0,0.0405,0.1719,0.1675,0.0751,0.5791,0.4746,1.8437,2.1691,0.1298,0.1169,-0.0166
3687,0.9185,0.0115,0.0756,274.29,131.02,0.0,0.0397,0.1627,0.1725,0.0776,0.5853,0.4808,1.902,2.84,0.1345,0.1212,-0.0086
3688,0.9207,0.0111,0.0736,262.99,141.28,0.0,0.0421,0.1859,0.1692,0.0762,0.5836,0.4747,1.9767,3.4536,0.1372,0.1235,-0.0134
3689,0.9217,0.0109,0.0729,280.71,165.19,0.0,0.0409,0.176,0.1702,0.0757,0.5841,0.4784,1.8536,4.1031,0.1307,0.1176,-0.0122
3690,0.9228,0.0109,0.0719,269.48,173.44,0.0,0.04,0.1643,0.171,0.0757,0.5802,0.4742,1.8251,4.614,0.1291,0.1161,-0.0137
3691,0.9239,0.0104,0.0704,305.02,203.33,0.0,0.0405,0.1823,0.1684,0.0755,0.5766,0.4755,1.9352,5.1476,0.1357,0.1224,-0.0143
3692,0.9253,0.0105,0.069,295.64,208.3,0.0,0.041,0.1812,0.1697,0.0753,0.581,0.4781,1.9338,5.8323,0.1356,0.1221,-0.0111
3693,0.9266,0.0111,0.0673,274.1,211.46,0.0,0.0377,0.1604,0.1704,0.076,0.5831,0.4773,1.7982,5.9705,0.1253,0.1127,-0.0113
3694,0.9283,0.0111,0.0659,312.76,226.18,0.0,0.0406,0.1669,0.172,0.0774,0.5877,0.4755,1.9901,6.4403,0.1392,0.1255,-0.0069
3695,0.9302,0.0108,0.0646,301.32,241.34,0.0,0.0419,0.1755,0.1693,0.0765,0.5798,0.4754,1.9961,6.9444,0.1392,0.1254,-0.0125
3696,0.9306,0.0112,0.064,267.09,232.08,0.0,0.0388,0.1672,0.1713,0.0762,0.5816,0.4738,1.8757,7.0698,0.1316,0.1185,-0.0129
3697,0.9318,0.0125,0.0623,280.2,241.05,0.0,0.0411,0.1893,0.1682,0.0767,0.5751,0.4751,1.9029,7.2821,0.1332,0.1199,-0.0163
3698,0.9308,0.013,0.0632,280.62,246.09,0.0,0.0395,0.1694,0.169,0.0754,0.5786,0.4734,1.8579,7.5686,0.1309,0.1179,-0.0146
3699,0.9301,0.0127,0.0637,266.53,249.65,0.0,0.0412,0.1755,0.1694,0.0761,0.5801,0.4743,1.8984,8.0557,0.1338,0.1205,-0.0121
3700,0.9319,0.0114,0.0629,284.44,274.9,0.0,0.04,0.1777,0.1703,0.0759,0.5826,0.4778,1.9289,8.3669,0.1345,0.121,-0.0124
3701,0.9329,0.0109,0.0623,306.78,290.93,0.0,0.0415,0.1927,0.1681,0.0756,0.5784,0.4739,1.9561,8.5807,0.1363,0.1227,-0.0153
3702,0.9335,0.0115,0.0609,309.6,303.27,0.0,0.0399,0.1809,0.1702,0.0768,0.5806,0.4763,2.0092,9.0177,0.1395,0.1256,-0.0146
3703,0.9353,0.0111,0.0581,299.17,285.51,0.0,0.0451,0.1942,0.166,0.0754,0.5738,0.4726,2.0601,9.3297,0.1438,0.1297,-0.0169
3704,0.9336,0.011,0.0598,292.2,291.11,0.0,0.0385,0.1626,0.1719,0.0777,0.586,0.4779,1.9368,9.0887,0.1353,0.1218,-0.01
3705,0.9358,0.0096,0.0581,283.72,285.6,0.0,0.0405,0.1737,0.1674,0.0757,0.581,0.4759,1.8261,8.791,0.1288,0.1161,-0.0147
3706,0.936,0.0095,0.0582,285.4,287.85,0.0,0.0423,0.184,0.1693,0.0758,0.5799,0.4728,2.0048,9.496,0.1394,0.1256,-0.0159
3707,0.9352,0.0091,0.0592,326.95,323.76,0.0,0.0412,0.1916,0.1694,0.0769,0.5817,0.4759,2.0813,9.7611,0.1444,0.1301,-0.0124
3708,0.9346,0.0089,0.0599,278.51,276.1,0.0,0.0427,0.1844,0.1689,0.076,0.5771,0.4717,1.8917,9.0416,0.1327,0.1195,-0.0165
3709,0.9315,0.0094,0.0632,291.6,290.24,0.0,0.0415,0.1913,0.1691,0.0761,0.5817,0.4772,1.9993,9.3737,0.1395,0.1259,-0.0139
3710,0.9314,0.009,0.0633,300.92,300.41,0.0,0.038,0.1654,0.1699,0.0771,0.5858,0.4793,1.8429,8.9809,0.1308,0.118,-0.0109
3711,0.9317,0.0089,0.063,294.13,297.59,0.0,0.0386,0.1818,0.1711,0.0762,0.5812,0.4791,1.9524,9.2945,0.1366,0.1231,-0.0143
3712,0.9317,0.0085,0.063,299.14,301.16,0.0,0.0382,0.1736,0.1697,0.0767,0.584,0.4762,1.8682,9.0454,0.1322,0.1191,-0.0131
3713,0.9327,0.0086,0.0623,297.29,294.47,0.0,0.0392,0.1717,0.1726,0.0772,0.5873,0.4771,1.8547,8.8581,0.1314,0.1185,-0.0095
3714,0.9333,0.0081,0.0623,304.69,300.28,0.0,0.0413,0.1924,0.1705,0.0763,0.5797,0.4756,1.9647,9.2643,0.1375,0.1239,-0.0144
3715,0.9331,0.0082,0.0622,311.09,310.22,0.0,0.0391,0.1691,0.1717,0.0784,0.5891,0.4767,1.9749,9.2996,0.1375,0.124,-0.0099
3716,0.9339,0.0075,0.0619,285.32,287.91,0.0,0.0389,0.1763,0.17,0.0769,0.5835,0.4766,2.0251,9.5093,0.1401,0.1261,-0.0118
3717,0.936,0.0064,0.0606,286.39,288.03,0.0,0.0373,0.1812,0.1682,0.0766,0.5797,0.4754,1.8386,8.9346,0.1295,0.1168,-0.014
3718,0.9369,0.0061,0.0599,290.32,293.9,0.0,0.0363,0.1625,0.1721,0.0778,0.592,0.4807,1.9299,9.1865,0.1334,0.1201,-0.008
3719,0.9385,0.006,0.0584,288.58,290.31,0.0,0.0377,0.1496,0.1723,0.0785,0.591,0.4792,1.8323,8.9632,0.1294,0.1168,-0.0085
3720,0.9391,0.0061,0.0577,327.88,330.38,0.0,0.037,0.1692,0.1718,0.0785,0.5888,0.475,1.9071,9.2489,0.1347,0.1217,-0.0115
3721,0.9396,0.006,0.0572,290.33,292.62,0.0,0.0394,0.1661,0.1722,0.0786,0.5891,0.4747,1.9924,9.5172,0.1397,0.126,-0.0089
3722,0.9394,0.006,0.0575,283.77,282.17,0.0,0.0405,0.1837,0.1684,0.0766,0.576,0.4751,1.8781,9.1392,0.1333,0.1205,-0.016
3723,0.9385,0.0057,0.0584,306.94,307.25,0.0,0.0358,0.16,0.1707,0.0781,0.5849,0.4771,1.8681,9.0574,0.1315,0.1187,-0.0104
3724,0.9392,0.0057,0.0575,301.37,307.11,0.0,0.0369,0.1708,0.1703,0.0778,0.5856,0.4774,1.8745,8.9682,0.1313,0.1187,-0.0103
3725,0.9379,0.0056,0.0593,270.38,267.18,0.0,0.0396,0.1916,0.1684,0.0766,0.5788,0.476,1.892,9.0443,0.1338,0.1207,-0.0157
3726,0.938,0.006,0.0587,276.8,274.95,0.0,0.0398,0.1756,0.1685,0.077,0.5803,0.4739,1.8417,8.929,0.1309,0.1183,-0.0146
3727,0.938,0.0062,0.0587,294.42,297.58,0.0,0.0371,0.151,0.1717,0.0776,0.5904,0.4829,1.8453,9.0694,0.1315,0.1186,-0.008
3728,0.9398,0.0061,0.057,293.46,296.21,0.0,0.0399,0.1667,0.1692,0.0774,0.5817,0.479,1.8711,8.9876,0.1319,0.119,-0.0131
3729,0.9391,0.0059,0.0581,292.95,291.23,0.0,0.042,0.1766,0.1684,0.0771,0.5786,0.4722,1.9429,9.1286,0.1361,0.1229,-0.0156
3730,0.9373,0.0062,0.0599,310.23,307.6,0.0,0.0405,0.1815,0.169,0.0782,0.5781,0.4793,1.9484,9.2481,0.1367,0.1235,-0.0166
3731,0.937,0.0064,0.06,287.17,286.28,0.0,0.0373,0.1666,0.1718,0.0782,0.5871,0.4784,1.997,9.618,0.1408,0.1272,-0.0102
3732,0.9357,0.0064,0.0614,290.9,288.71,0.0,0.0392,0.1832,0.1699,0.0771,0.5828,0.4768,1.9154,9.1997,0.1355,0.1225,-0.0134
3733,0.9366,0.0057,0.0607,301.12,299.61,0.0,0.036,0.1665,0.1725,0.0777,0.5909,0.4868,1.8834,9.0373,0.133,0.12,-0.008
3734,0.9386,0.0056,0.0586,290.97,294.79,0.0,0.0373,0.1504,0.1724,0.0779,0.5945,0.4845,1.8924,9.2061,0.1339,0.1212,-0.0096
3735,0.9383,0.0055,0.0588,296.54,293.15,0.0,0.0394,0.1895,0.1684,0.0769,0.5823,0.4772,1.864,8.9173,0.1327,0.1198,-0.0146
3736,0.9371,0.0058,0.0602,300.44,298.28,0.0,0.0396,0.1851,0.1697,0.0773,0.5784,0.4712,1.9175,9.1382,0.1352,0.1222,-0.015
3737,0.9371,0.0056,0.0606,296.61,293.88,0.0,0.0386,0.1705,0.1708,0.0782,0.5867,0.4779,1.9345,9.2573,0.1363,0.123,-0.0098
3738,0.9383,0.0055,0.0594,288.84,292.3,0.0,0.0354,0.1632,0.1713,0.0769,0.5884,0.4779,1.8744,9.0866,0.1322,0.1192,-0.01
3739,0.9382,0.0059,0.059,284.69,286.32,0.0,0.0374,0.1693,0.1713,0.0771,0.5806,0.4803,1.959,9.3754,0.1373,0.1239,-0.011
3740,0.9368,0.0054,0.0603,308.0,307.88,0.0,0.0356,0.1553,0.1701,0.0773,0.5883,0.4782,1.8985,9.1161,0.1326,0.1195,-0.0108
3741,0.9391,0.0052,0.0582,311.95,312.69,0.0,0.038,0.1736,0.1713,0.0771,0.5849,0.481,2.0632,9.7283,0.1436,0.1295,-0.0104
3742,0.9398,0.0056,0.0575,267.81,269.04,0.0,0.039,0.1673,0.1733,0.0782,0.5873,0.4777,1.909,9.1703,0.1336,0.1205,-0.0128
3743,0.9404,0.0061,0.0569,337.19,340.55,0.0,0.0398,0.1677,0.1718,0.0781,0.5851,0.4835,1.9545,9.3521,0.1363,0.1228,-0.0106
3744,0.9421,0.0058,0.0552,296.66,301.68,0.0,0.0372,0.1633,0.173,0.0786,0.5895,0.4793,1.9861,9.5356,0.1392,0.1256,-0.007
3745,0.9444,0.0061,0.0525,316.57,316.67,0.0,0.0393,0.1776,0.1713,0.0769,0.5814,0.4801,2.0345,9.5895,0.1412,0.1273,-0.014
3746,0.9433,0.007,0.0526,306.07,306.84,0.0,0.037,0.1829,0.1693,0.0775,0.5808,0.4779,1.928,9.2472,0.1352,0.122,-0.0143
3747,0.9436,0.0067,0.0524,293.85,302.46,0.0,0.0373,0.1632,0.1717,0.0778,0.5849,0.4818,1.9653,9.5017,0.1369,0.1237,-0.0095
3748,0.9455,0.0062,0.0504,298.66,296.83,0.0,0.0383,0.1665,0.1728,0.0783,0.5919,0.4856,2.0134,9.6818,0.1413,0.1277,-0.0092
3749,0.9456,0.0062,0.0501,281.33,284.85,0.0,0.0376,0.1684,0.1722,0.078,0.5852,0.4842,1.8171,8.8369,0.1292,0.1166,-0.0121
3750,0.9464,0.0062,0.0492,308.27,307.58,0.0,0.0375,0.1646,0.1715,0.0773,0.5911,0.4848,1.894,9.2711,0.1348,0.1215,-0.0087
3751,0.9462,0.0065,0.049,327.18,327.7,0.0,0.0375,0.166,0.1726,0.0776,0.5884,0.4824,1.9285,9.4293,0.1373,0.1238,-0.0097
3752,0.9467,0.0061,0.0488,304.87,307.03,0.0,0.0363,0.1679,0.1715,0.0775,0.5865,0.4841,1.7651,8.7623,0.1266,0.1141,-0.0118
3753,0.9461,0.0061,0.0495,301.35,302.5,0.0,0.0388,0.1706,0.1736,0.0787,0.5893,0.482,2.0256,9.6626,0.1422,0.1283,-0.0103
3754,0.9453,0.006,0.0506,295.6,298.43,0.0,0.0382,0.1894,0.1686,0.0761,0.5781,0.4828,1.9304,9.2279,0.1349,0.1214,-0.016
3755,0.9437,0.0063,0.052,284.75,292.54,0.0,0.0361,0.1613,0.1715,0.0779,0.5884,0.4862,1.9198,9.3685,0.1356,0.1222,-0.0115
3756,0.9426,0.0067,0.0527,306.29,307.19,0.0,0.0404,0.1875,0.1706,0.0763,0.5866,0.4837,1.9591,9.237,0.1368,0.1231,-0.0127
3757,0.9417,0.0072,0.0534,259.78,259.92,0.0,0.0402,0.1722,0.1707,0.0774,0.5848,0.4833,1.7991,8.7315,0.1271,0.1144,-0.0144
3758,0.9418,0.007,0.0538,302.72,304.86,0.0,0.038,0.1709,0.172,0.0766,0.5944,0.484,1.911,9.2866,0.1352,0.1217,-0.0099
3759,0.9444,0.0067,0.0514,286.52,283.29,0.0,0.0368,0.1747,0.1718,0.077,0.5951,0.4838,1.9666,9.4215,0.1385,0.1248,-0.0091
3760,0.9463,0.0067,0.0497,295.35,300.89,0.0,0.039,0.1638,0.1731,0.0777,0.592,0.4883,1.8426,8.9724,0.1295,0.1166,-0.0097
3761,0.9461,0.0069,0.0499,298.1,304.61,0.0,0.0373,0.1726,0.1728,0.0773,0.5905,0.4854,1.9201,9.2859,0.1349,0.1214,-0.0106
3762,0.9444,0.0074,0.0513,279.82,283.44,0.0,0.037,0.1683,0.1732,0.077,0.5938,0.4887,1.9529,9.3178,0.1353,0.1217,-0.0091
3763,0.9465,0.007,0.0495,302.24,306.71,0.0,0.0353,0.1535,0.1745,0.0784,0.597,0.4885,1.9384,9.5183,0.1368,0.1232,-0.0075
3764,0.9476,0.0063,0.0488,282.49,287.56,0.0032,0.0377,0.1712,0.1736,0.0781,0.5923,0.4851,1.9656,9.5419,0.1377,0.1238,-0.0112
3765,0.9461,0.0062,0.0502,305.46,310.73,0.0,0.0393,0.1742,0.1719,0.0781,0.5887,0.4848,2.0105,9.7742,0.141,0.1269,-0.0134
3766,0.9431,0.0063,0.0529,296.51,301.79,0.0,0.0384,0.1645,0.1726,0.0777,0.5923,0.4817,1.9666,9.5631,0.1382,0.1243,-0.0109
3767,0.9436,0.006,0.0528,261.16,261.31,0.0,0.0361,0.1688,0.1718,0.0773,0.5881,0.4815,1.8352,8.898,0.1291,0.1161,-0.0136
3768,0.9409,0.0061,0.0556,295.65,298.7,0.0,0.042,0.1842,0.1697,0.0758,0.585,0.4838,1.9667,9.4703,0.1383,0.1245,-0.016
3769,0.9403,0.0068,0.0557,292.18,296.44,0.0,0.0409,0.169,0.1726,0.0774,0.5917,0.4894,1.9917,9.769,0.1406,0.1264,-0.0108
3770,0.9425,0.0069,0.0533,295.26,301.22,0.0,0.0352,0.1619,0.172,0.0777,0.5936,0.487,1.8659,9.2223,0.1328,0.1196,-0.0101
3771,0.9443,0.0065,0.0517,269.39,273.48,0.0026,0.033,0.1456,0.1753,0.0777,0.6013,0.4928,1.8754,9.2458,0.1325,0.119,-0.007
3772,0.9434,0.0064,0.0533,300.15,303.35,0.0,0.0403,0.1712,0.1722,0.0772,0.5921,0.4871,1.9349,9.4162,0.1369,0.1232,-0.0107
3773,0.9424,0.0062,0.0546,306.49,309.34,0.0,0.0388,0.1647,0.1715,0.0763,0.5923,0.4874,1.8627,8.9923,0.1311,0.1178,-0.0117
3774,0.9412,0.0062,0.0555,292.07,296.14,0.0,0.0401,0.1636,0.1738,0.0772,0.5961,0.4903,1.921,9.2059,0.1344,0.1206,-0.0101
3775,0.9408,0.0055,0.0562,284.1,284.19,0.0,0.0401,0.1669,0.1712,0.0775,0.5921,0.4877,1.8457,9.1421,0.1319,0.1186,-0.0122
3776,0.9438,0.0051,0.0533,262.72,269.77,0.0,0.0348,0.1395,0.1752,0.0782,0.601,0.4901,1.8016,8.9125,0.1275,0.1144,-0.0062
3777,0.9463,0.0051,0.0507,314.39,318.83,0.0,0.0377,0.1564,0.1726,0.0777,0.5999,0.4889,1.8875,9.295,0.1342,0.1206,-0.0092
3778,0.9474,0.0047,0.0496,315.89,317.57,0.0,0.0366,0.1677,0.174,0.0773,0.5987,0.4917,1.9895,9.5359,0.1379,0.1238,-0.0071
3779,0.9489,0.0047,0.0482,293.56,298.71,0.0,0.0377,0.158,0.1734,0.0772,0.6001,0.4907,1.9335,9.4579,0.1359,0.1219,-0.0082
3780,0.9496,0.005,0.0474,281.25,285.86,0.0,0.0361,0.1523,0.1734,0.0775,0.5958,0.4886,1.8817,9.376,0.1335,0.1199,-0.0098
3781,0.9478,0.005,0.0492,295.9,301.33,0.0,0.0404,0.1619,0.1715,0.078,0.5929,0.4875,1.922,9.4091,0.1348,0.1208,-0.0123
3782,0.9463,0.0053,0.0507,275.14,284.92,0.0,0.0375,0.1612,0.173,0.0787,0.5951,0.4863,1.8566,9.2615,0.1312,0.1177,-0.0128
3783,0.9462,0.0062,0.0503,290.45,292.05,0.0,0.041,0.1666,0.173,0.0777,0.5946,0.4881,1.937,9.4695,0.1366,0.1226,-0.0134
3784,0.9458,0.0062,0.0504,316.59,324.2,0.0,0.0376,0.1593,0.1735,0.078,0.6025,0.4922,1.973,9.7459,0.1387,0.1246,-0.0102
3785,0.9451,0.0059,0.0511,316.22,320.39,0.0,0.0412,0.1839,0.1705,0.0772,0.592,0.4891,2.0899,9.9934,0.1451,0.1303,-0.0153
3786,0.943,0.006,0.0529,286.47,292.35,0.0,0.0403,0.1659,0.1726,0.0781,0.5927,0.4881,1.8173,9.0005,0.1297,0.1164,-0.013
3787,0.9425,0.0064,0.0534,307.38,314.36,0.0,0.0405,0.1726,0.1715,0.0774,0.597,0.4863,2.0028,9.8082,0.1407,0.1262,-0.014
3788,0.9401,0.0066,0.0558,289.1,294.86,0.0,0.0431,0.1817,0.1676,0.076,0.5854,0.4846,1.9866,9.7572,0.1401,0.1259,-0.019
3789,0.937,0.0064,0.0596,297.74,302.56,0.0,0.0432,0.171,0.1712,0.0778,0.5927,0.4873,2.011,9.7586,0.1415,0.127,-0.0159
3790,0.9349,0.007,0.0617,279.14,286.44,0.0,0.0412,0.176,0.1706,0.0767,0.5915,0.4847,1.9126,9.3476,0.1344,0.1207,-0.0168
3791,0.9333,0.0075,0.0632,311.9,323.59,0.0,0.0378,0.1699,0.171,0.0765,0.5962,0.4874,1.9802,9.6548,0.1389,0.1247,-0.0135
3792,0.9317,0.0071,0.0651,286.49,292.12,0.0,0.0405,0.1747,0.1702,0.0781,0.5908,0.487,1.9075,9.3561,0.1357,0.1218,-0.0162
3793,0.9327,0.0067,0.0648,298.56,303.59,0.0,0.0382,0.1596,0.1736,0.0781,0.6001,0.4855,1.8919,9.2098,0.1329,0.1193,-0.0115
3794,0.9316,0.0073,0.0655,294.28,296.29,0.0,0.0386,0.1706,0.1721,0.0782,0.5971,0.4858,1.8785,9.2296,0.1334,0.1196,-0.0131
3795,0.9319,0.0073,0.0652,277.18,275.92,0.0,0.0396,0.168,0.1718,0.078,0.594,0.4877,1.8535,8.979,0.1301,0.1164,-0.0124
3796,0.9304,0.0069,0.0669,312.65,314.53,0.0,0.0405,0.1674,0.1722,0.0785,0.5951,0.4894,1.8799,9.0783,0.1326,0.1189,-0.0143
3797,0.9309,0.0064,0.0671,274.0,278.4,0.0,0.0387,0.1665,0.1719,0.0783,0.595,0.4884,1.8714,9.0652,0.1315,0.1178,-0.0141
3798,0.9299,0.0063,0.0681,303.07,306.39,0.0,0.0421,0.1788,0.1707,0.0772,0.5933,0.4871,1.9968,9.5921,0.1396,0.1252,-0.0161
3799,0.9285,0.0066,0.0693,293.52,297.9,0.0,0.0374,0.1685,0.1742,0.079,0.5987,0.4891,1.8456,9.0468,0.1301,0.1166,-0.0092
3800,0.9294,0.0066,0.0687,279.08,281.12,0.0,0.0405,0.1608,0.1705,0.0782,0.5875,0.487,1.8233,9.1086,0.1309,0.1174,-0.0155
3801,0.9269,0.0067,0.0711,279.14,284.44,0.0,0.0426,0.1776,0.1695,0.0777,0.5841,0.4787,1.8949,9.1535,0.1323,0.1185,-0.0199
3802,0.9237,0.007,0.0738,282.71,287.57,0.0,0.0427,0.1657,0.1716,0.0784,0.5913,0.4885,1.8338,8.9847,0.1299,0.1165,-0.016
3803,0.925,0.0068,0.0726,278.79,282.42,0.0,0.0383,0.1698,0.172,0.0788,0.5966,0.4895,1.8235,8.9148,0.1287,0.1152,-0.0123
3804,0.9258,0.0067,0.0717,280.22,282.64,0.0,0.0398,0.1696,0.1716,0.0782,0.5943,0.4846,1.9154,9.2811,0.1351,0.1214,-0.0137
3805,0.9249,0.0064,0.073,293.58,294.59,0.0,0.042,0.1736,0.1715,0.0784,0.5962,0.4883,1.9703,9.4654,0.1373,0.1233,-0.0142
3806,0.9225,0.0065,0.0752,303.11,303.61,0.0,0.0417,0.1848,0.1695,0.0776,0.5882,0.4812,1.7896,8.7072,0.1276,0.1148,-0.0188
3807,0.9208,0.0064,0.0766,306.51,304.47,0.0,0.0428,0.1899,0.1703,0.0782,0.5948,0.4862,1.9151,9.2054,0.1361,0.1222,-0.0169
3808,0.919,0.0066,0.0784,279.21,276.27,0.0,0.0443,0.1906,0.1684,0.0779,0.5867,0.4796,1.8144,8.9052,0.131,0.1179,-0.0211
3809,0.9188,0.0074,0.0783,306.01,310.27,0.0032,0.0403,0.1564,0.1738,0.0789,0.5987,0.4868,1.9394,9.5214,0.1374,0.1234,-0.0126
3810,0.9192,0.0084,0.0775,279.75,282.21,0.0,0.0382,0.1635,0.1737,0.0785,0.6018,0.4906,1.8271,9.0193,0.1304,0.1169,-0.0104
3811,0.9204,0.0084,0.0757,291.14,293.81,0.0052,0.0401,0.1747,0.1712,0.0772,0.5929,0.4835,1.8867,9.0668,0.1327,0.119,-0.0165
3812,0.9177,0.0084,0.078,267.24,266.06,0.0,0.0429,0.1885,0.1699,0.0787,0.591,0.481,1.7946,8.8502,0.1295,0.1165,-0.0176
3813,0.9175,0.0075,0.0786,287.18,284.5,0.0,0.042,0.176,0.1696,0.0781,0.5925,0.4841,1.8904,9.2465,0.1346,0.1208,-0.0176
3814,0.9169,0.0079,0.0793,247.08,245.71,0.0,0.0436,0.1819,0.17,0.0782,0.5988,0.4881,1.8253,8.7823,0.129,0.1157,-0.0158
3815,0.9198,0.0071,0.0773,283.99,285.41,0.0,0.0398,0.1718,0.1708,0.0784,0.5971,0.4841,1.874,9.0382,0.1313,0.118,-0.0151
3816,0.9199,0.0063,0.0772,305.17,307.24,0.0,0.0399,0.1697,0.1696,0.0786,0.5919,0.4842,1.9264,9.6034,0.1379,0.1238,-0.0164
3817,0.9202,0.006,0.077,275.93,277.03,0.0,0.0382,0.1706,0.1719,0.0783,0.5976,0.4899,1.7326,8.5875,0.1246,0.112,-0.0132
3818,0.9206,0.006,0.0767,306.86,306.44,0.0,0.0417,0.1825,0.1698,0.0779,0.5942,0.4864,1.9024,9.3603,0.1357,0.1217,-0.0156
3819,0.9196,0.0054,0.0777,266.24,268.39,0.0,0.0414,0.1741,0.1699,0.0781,0.5952,0.4833,1.8397,8.9511,0.1305,0.1172,-0.0168
3820,0.9212,0.0051,0.0762,276.92,280.97,0.0,0.0403,0.1582,0.1733,0.08,0.5996,0.4842,1.8338,9.2114,0.1321,0.1186,-0.0115
3821,0.9227,0.0053,0.0746,271.27,277.83,0.0,0.0421,0.1811,0.1675,0.0783,0.5882,0.4783,1.8529,9.227,0.1327,0.1189,-0.0195
3822,0.9216,0.0056,0.0756,285.9,286.18,0.0,0.0434,0.1947,0.1676,0.0785,0.5851,0.4773,1.7966,8.8848,0.1289,0.1156,-0.0234
3823,0.9166,0.0062,0.0802,285.24,289.59,0.0,0.0439,0.1812,0.1686,0.0781,0.5892,0.4779,1.8828,9.1163,0.1316,0.1179,-0.02
3824,0.9167,0.0068,0.0797,284.05,291.7,0.0,0.0408,0.1626,0.1713,0.0789,0.5988,0.4846,1.9003,9.3423,0.1336,0.1196,-0.0135
3825,0.9169,0.007,0.0794,298.14,306.17,0.0,0.0412,0.1781,0.1694,0.0791,0.5916,0.4794,1.9775,9.7721,0.1401,0.1257,-0.0174
3826,0.9174,0.0074,0.0788,277.02,283.91,0.0,0.0412,0.1753,0.1699,0.0783,0.5977,0.4835,1.8926,9.2863,0.1332,0.1193,-0.0165
3827,0.9176,0.0072,0.0788,268.08,271.58,0.0,0.0423,0.1785,0.168,0.0782,0.5928,0.4797,1.7758,8.9462,0.1284,0.115,-0.0199
3828,0.9182,0.0075,0.0781,283.47,284.57,0.0,0.0413,0.155,0.1728,0.0799,0.5962,0.484,1.8328,9.153,0.1306,0.117,-0.0138
3829,0.9202,0.008,0.0762,285.23,288.09,0.0,0.0414,0.163,0.1706,0.0796,0.5993,0.4835,1.7709,8.9687,0.1276,0.1142,-0.0154
3830,0.9217,0.0076,0.0748,278.7,288.31,0.0,0.0381,0.1534,0.1723,0.0804,0.6018,0.4873,1.7922,8.9898,0.1272,0.1139,-0.011
3831,0.9235,0.0072,0.0732,293.34,299.88,0.0,0.0374,0.1512,0.1722,0.0795,0.6064,0.4863,1.7952,9.0069,0.1286,0.1152,-0.0098
3832,0.9248,0.0064,0.0723,299.34,308.06,0.0,0.0409,0.1758,0.1694,0.079,0.5927,0.4814,1.8442,9.166,0.1307,0.1169,-0.0167
3833,0.9255,0.0062,0.0717,277.5,284.2,0.0,0.0406,0.1587,0.1706,0.0802,0.5996,0.4823,1.7484,8.9207,0.1261,0.1129,-0.015
3834,0.9247,0.0056,0.0727,287.93,293.91,0.0,0.0455,0.1702,0.1688,0.0802,0.5918,0.4797,1.9411,9.6905,0.1385,0.1241,-0.0193
3835,0.9231,0.0058,0.0745,281.94,290.46,0.0,0.0429,0.162,0.1718,0.0807,0.5992,0.4835,1.8517,9.3267,0.1325,0.1185,-0.0136
3836,0.9236,0.0068,0.0735,285.14,293.57,0.003,0.0389,0.1433,0.1731,0.0812,0.604,0.483,1.9277,9.6453,0.1356,0.1213,-0.0129
3837,0.9256,0.0064,0.0718,293.8,302.1,0.0,0.0403,0.1502,0.1721,0.0814,0.601,0.4879,1.8863,9.5674,0.1348,0.1207,-0.0132
3838,0.9257,0.0062,0.072,282.24,290.97,0.0,0.0372,0.1454,0.1729,0.082,0.6041,0.4855,1.8379,9.2553,0.1304,0.1167,-0.0114
3839,0.9245,0.0058,0.0734,284.09,293.63,0.0042,0.0425,0.1548,0.17,0.0803,0.5992,0.4814,1.903,9.632,0.1357,0.1215,-0.0159
3840,0.9236,0.0058,0.0742,261.13,263.15,0.0,0.0413,0.1685,0.1673,0.0798,0.5961,0.4833,1.7483,8.9272,0.1267,0.1136,-0.0174
3841,0.9237,0.0059,0.0738,311.41,319.73,0.0,0.0385,0.1379,0.1739,0.0813,0.6078,0.4835,1.9488,9.7573,0.1373,0.1229,-0.0109
3842,0.9256,0.0054,0.0718,274.84,285.17,0.0,0.0377,0.1476,0.172,0.0814,0.6036,0.4833,1.8193,9.2297,0.1297,0.1161,-0.0111
3843,0.9278,0.0049,0.0697,290.61,297.57,0.0046,0.0392,0.1646,0.1701,0.0805,0.5963,0.4825,1.855,9.4181,0.1331,0.1193,-0.015
3844,0.9279,0.005,0.0696,314.55,320.86,0.0,0.0404,0.1424,0.172,0.0811,0.5989,0.4801,1.9922,10.0401,0.1411,0.1262,-0.0134
3845,0.9273,0.0046,0.0705,287.9,297.55,0.0,0.042,0.1562,0.1712,0.0814,0.5986,0.4795,1.9533,9.7574,0.1384,0.1241,-0.0133
3846,0.9274,0.0042,0.0703,276.21,283.54,0.0,0.0414,0.1516,0.1713,0.0813,0.5998,0.4781,1.9275,9.6146,0.1357,0.1216,-0.0142
3847,0.9267,0.0037,0.0713,293.74,307.98,0.0,0.0407,0.151,0.1697,0.0805,0.5971,0.4792,1.86,9.3594,0.1314,0.1176,-0.0156
3848,0.9273,0.0035,0.0707,288.44,301.91,0.0,0.0377,0.1379,0.1708,0.0817,0.5976,0.4832,1.8688,9.5142,0.1331,0.1192,-0.0145
3849,0.9264,0.0032,0.0717,312.83,320.24,0.0,0.0419,0.164,0.1699,0.0814,0.5904,0.4799,1.8745,9.4337,0.1334,0.1196,-0.0171
3850,0.9278,0.0035,0.0704,303.56,314.63,0.0,0.0384,0.1311,0.1751,0.0816,0.6069,0.4829,1.8977,9.6078,0.1347,0.1206,-0.008
3851,0.9301,0.0034,0.0682,288.36,298.28,0.0,0.0403,0.1459,0.171,0.0808,0.5992,0.4794,1.9106,9.6668,0.1354,0.1211,-0.0152
3852,0.93,0.0038,0.0682,302.15,313.63,0.0,0.0405,0.1357,0.1721,0.0823,0.6,0.4806,1.9206,9.6193,0.135,0.1207,-0.0146
3853,0.9319,0.0042,0.066,274.33,287.12,0.0038,0.0347,0.1227,0.1743,0.0826,0.6086,0.4849,1.7685,9.1113,0.1259,0.1127,-0.0096
3854,0.9333,0.0042,0.0647,277.07,289.07,0.0,0.0393,0.1347,0.1719,0.0816,0.5997,0.4784,1.8833,9.482,0.1326,0.1186,-0.0132
3855,0.9347,0.0037,0.0633,302.97,317.21,0.0,0.0373,0.1294,0.1724,0.0815,0.6045,0.4805,1.934,9.7999,0.1356,0.1213,-0.0127
3856,0.9347,0.0038,0.0635,305.22,316.12,0.0,0.0369,0.1323,0.1724,0.0821,0.6058,0.4807,1.8936,9.7458,0.1358,0.1215,-0.0117
3857,0.9378,0.0037,0.0606,279.57,288.46,0.0,0.0377,0.1358,0.1731,0.0817,0.605,0.4816,1.8005,9.2648,0.1297,0.1161,-0.0096
3858,0.9377,0.0033,0.0609,287.71,299.41,0.0,0.0386,0.1457,0.1706,0.081,0.6039,0.4779,1.881,9.6242,0.1341,0.1201,-0.0134
3859,0.9377,0.0033,0.061,292.57,303.12,0.0,0.036,0.1308,0.1738,0.0815,0.6073,0.4818,2.0131,10.1203,0.1413,0.1266,-0.0089
3860,0.9362,0.0035,0.0622,283.78,292.38,0.0,0.039,0.1398,0.1728,0.0811,0.6022,0.4814,1.8616,9.4636,0.1319,0.118,-0.0117
3861,0.9351,0.0035,0.0634,332.47,347.35,0.0,0.0394,0.1404,0.1709,0.0806,0.6018,0.4772,1.941,9.8278,0.1367,0.1223,-0.0134
3862,0.934,0.0039,0.0646,314.55,327.95,0.0,0.0388,0.1296,0.1738,0.0817,0.6107,0.4846,1.9546,9.9931,0.1396,0.1251,-0.0089
3863,0.9344,0.0039,0.0643,258.96,271.02,0.0,0.0405,0.1526,0.1696,0.0809,0.5975,0.4725,1.8007,9.3212,0.1302,0.1165,-0.0173
3864,0.9326,0.0039,0.0661,284.64,297.11,0.0,0.0423,0.1472,0.17,0.0817,0.596,0.4753,1.8594,9.5846,0.134,0.1201,-0.0179
3865,0.9309,0.0042,0.0677,304.56,318.85,0.0,0.0396,0.1367,0.1707,0.0804,0.6008,0.4753,1.8579,9.5227,0.1323,0.1183,-0.0147
3866,0.93,0.0046,0.0686,295.35,310.61,0.0,0.0378,0.1162,0.1736,0.082,0.6056,0.4824,1.8844,9.731,0.1346,0.1204,-0.0101
3867,0.93,0.0045,0.0688,265.15,274.06,0.0,0.0395,0.1335,0.1705,0.0818,0.5982,0.4764,1.8338,9.4259,0.1312,0.1173,-0.0155
3868,0.9308,0.0044,0.0679,292.61,306.26,0.0,0.0341,0.1107,0.1749,0.083,0.6103,0.4824,1.8984,9.898,0.1361,0.1219,-0.0078
3869,0.9322,0.0041,0.0666,313.12,327.19,0.0,0.0367,0.1135,0.1735,0.0832,0.6032,0.4788,1.782,9.191,0.1273,0.114,-0.01
3870,0.9354,0.0035,0.0638,293.8,309.22,0.0,0.0346,0.1137,0.1748,0.0826,0.6087,0.481,1.8538,9.6026,0.1324,0.1183,-0.0074
3871,0.9375,0.0032,0.0618,266.69,276.37,0.0,0.0355,0.1157,0.1734,0.0823,0.6048,0.4802,1.7328,9.1458,0.1259,0.1127,-0.0098
3872,0.9397,0.0029,0.0595,305.23,321.22,0.0,0.0388,0.1225,0.1741,0.0824,0.6032,0.4772,1.8939,9.7609,0.1348,0.1207,-0.0107
3873,0.9386,0.0028,0.0607,273.51,290.84,0.0,0.0358,0.1178,0.1727,0.0819,0.6037,0.4829,1.7563,9.0421,0.1237,0.1106,-0.0121
3874,0.9384,0.0028,0.0608,287.44,302.58,0.0,0.0386,0.1257,0.1714,0.0818,0.6011,0.4792,1.839,9.4501,0.131,0.1173,-0.0137
3875,0.9385,0.0025,0.0609,293.7,308.02,0.0026,0.0379,0.1239,0.1722,0.0821,0.6021,0.4738,1.8284,9.4688,0.1315,0.1178,-0.0116
3876,0.9368,0.0027,0.0623,268.15,278.34,0.003,0.0376,0.1256,0.1732,0.0833,0.6032,0.4794,1.7422,9.1795,0.1269,0.1136,-0.0122
3877,0.9358,0.0028,0.0634,272.65,287.43,0.0,0.041,0.1355,0.1704,0.082,0.5966,0.4754,1.8475,9.6587,0.1331,0.1193,-0.0166
3878,0.9363,0.0029,0.063,278.64,290.77,0.0,0.0411,0.1264,0.1711,0.0816,0.5971,0.4745,1.8502,9.5174,0.1315,0.1176,-0.0144
3879,0.9347,0.0025,0.0645,285.46,297.78,0.0,0.0394,0.1349,0.1704,0.0815,0.5996,0.4752,1.87,9.6836,0.1345,0.1204,-0.0148
3880,0.9344,0.0024,0.0648,291.35,303.08,0.0,0.0375,0.123,0.1718,0.0811,0.5988,0.4724,1.7953,9.3672,0.1292,0.1157,-0.014
3881,0.9336,0.0024,0.0655,282.93,300.46,0.0,0.0409,0.1223,0.1721,0.082,0.5996,0.472,1.8492,9.6872,0.1329,0.1189,-0.0135
3882,0.9332,0.0024,0.066,307.39,319.35,0.0,0.0375,0.1233,0.1717,0.0823,0.5985,0.4733,1.8867,9.813,0.1348,0.1208,-0.0139
3883,0.9326,0.0024,0.0666,308.71,322.25,0.0,0.0399,0.1249,0.1721,0.0821,0.5974,0.4714,1.9572,10.1149,0.1402,0.1257,-0.0129
3884,0.9328,0.0022,0.0665,277.14,294.38,0.0,0.036,0.1058,0.1735,0.0822,0.6048,0.4745,1.8199,9.6018,0.1313,0.1176,-0.0099
3885,0.9337,0.0023,0.0656,313.4,330.59,0.0,0.0378,0.1142,0.1731,0.0821,0.5964,0.4749,1.9176,9.9056,0.1364,0.122,-0.0119
3886,0.9337,0.0022,0.0654,288.63,308.24,0.0,0.0421,0.1293,0.1706,0.0821,0.5917,0.4741,1.9418,9.9998,0.1377,0.1233,-0.0164
3887,0.9331,0.0027,0.0659,298.91,311.01,0.0,0.04,0.1156,0.1726,0.0819,0.5939,0.4725,1.7721,9.2827,0.1278,0.1145,-0.014
3888,0.9334,0.0028,0.0656,319.71,338.35,0.0,0.0385,0.1056,0.1732,0.0829,0.5999,0.4764,1.8729,9.8275,0.1345,0.1205,-0.0112
3889,0.9323,0.003,0.0667,244.59,257.41,0.0,0.0369,0.1139,0.1735,0.0833,0.598,0.4749,1.8044,9.6068,0.1313,0.1176,-0.0113
3890,0.9327,0.003,0.0666,312.63,327.22,0.0,0.038,0.1049,0.1742,0.0833,0.5989,0.4767,1.9539,10.2377,0.141,0.1264,-0.0105
3891,0.9319,0.0031,0.0674,266.22,279.58,0.0,0.0381,0.1074,0.1736,0.0838,0.6049,0.477,1.8832,9.9258,0.1359,0.1218,-0.0099
3892,0.9311,0.0032,0.0681,269.07,286.05,0.0,0.0363,0.1041,0.1736,0.0823,0.603,0.4763,1.7393,9.1893,0.1249,0.1118,-0.0095
3893,0.9327,0.0029,0.0666,301.31,320.25,0.0,0.0371,0.1086,0.1732,0.0826,0.5986,0.4748,1.8741,9.8432,0.1345,0.1208,-0.0104
3894,0.9348,0.0027,0.0645,306.49,322.16,0.0,0.0367,0.1039,0.1748,0.0833,0.6048,0.4744,1.8834,9.9074,0.1351,0.1212,-0.0076
3895,0.9367,0.0027,0.0625,290.8,309.39,0.0,0.0376,0.1147,0.1728,0.0822,0.5968,0.4734,1.8193,9.6025,0.1309,0.117,-0.0129
3896,0.9393,0.0028,0.0599,278.73,294.59,0.0,0.0389,0.1097,0.173,0.0828,0.5989,0.4717,1.8609,9.7806,0.1337,0.1199,-0.012
3897,0.94,0.0025,0.0594,286.84,298.59,0.0,0.0419,0.1168,0.1718,0.0824,0.5943,0.4733,1.8521,9.7478,0.1341,0.1201,-0.0142
3898,0.9408,0.0017,0.0587,288.02,305.67,0.0,0.0364,0.0976,0.1745,0.0833,0.6015,0.4749,1.9195,10.0123,0.1364,0.1224,-0.009
3899,0.9401,0.0016,0.0594,268.05,286.15,0.0,0.0355,0.0987,0.1737,0.0836,0.6038,0.4741,1.7829,9.4451,0.1283,0.1151,-0.0093
3900,0.9388,0.0012,0.0607,288.54,306.26,0.0,0.0378,0.1166,0.1707,0.0825,0.5947,0.4713,1.765,9.4569,0.1291,0.1159,-0.0148
3901,0.9386,0.0012,0.0609,270.84,288.08,0.0,0.0359,0.0997,0.174,0.0836,0.6011,0.4714,1.7454,9.171,0.1243,0.1114,-0.0096
3902,0.9403,0.0011,0.0592,280.27,299.3,0.0,0.0366,0.0963,0.1744,0.0837,0.6023,0.4726,1.8341,9.6728,0.1309,0.1174,-0.0086
3903,0.9412,0.0007,0.0586,285.06,302.61,0.0,0.0401,0.1048,0.1726,0.0838,0.5939,0.4705,1.8791,9.8962,0.1349,0.121,-0.0122
3904,0.9388,0.0007,0.061,281.77,298.16,0.0,0.0418,0.1126,0.1707,0.0832,0.5941,0.4724,1.7548,9.4185,0.1281,0.1149,-0.0162
3905,0.9379,0.0007,0.0618,263.75,282.07,0.0,0.039,0.1037,0.1717,0.0835,0.592,0.4721,1.7751,9.6249,0.13,0.1167,-0.0138
3906,0.9388,0.0007,0.061,296.25,314.26,0.0,0.0389,0.1018,0.1735,0.0833,0.5974,0.4706,1.8884,10.0477,0.136,0.1219,-0.0118
3907,0.9364,0.0006,0.0633,299.93,315.95,0.0,0.0401,0.1009,0.1719,0.0832,0.5993,0.4719,1.9006,9.9407,0.1351,0.1212,-0.0131
3908,0.9362,0.0003,0.0638,301.7,321.39,0.0,0.0345,0.0949,0.1755,0.0842,0.6028,0.4733,1.9703,10.3171,0.1399,0.1255,-0.0082
3909,0.9373,0.0004,0.0627,274.77,292.62,0.0,0.0348,0.0911,0.1762,0.0845,0.6067,0.4739,1.859,9.84,0.1331,0.1195,-0.0073
3910,0.9379,0.0007,0.0621,317.17,337.19,0.0,0.0363,0.0905,0.1766,0.0848,0.6023,0.4715,1.9233,10.1349,0.1371,0.1231,-0.0096
3911,0.9404,0.001,0.0593,287.0,306.27,0.0,0.0362,0.0856,0.1773,0.0845,0.6068,0.4724,1.9087,10.0982,0.1367,0.1226,-0.0061
3912,0.941,0.0014,0.0588,295.03,315.76,0.0,0.0391,0.0995,0.1734,0.0833,0.5973,0.4714,1.8128,9.7447,0.1312,0.1178,-0.0132
3913,0.9426,0.0018,0.057,287.02,308.33,0.0026,0.0313,0.0803,0.1777,0.0848,0.6053,0.4768,1.7272,9.2778,0.1238,0.1112,-0.006
3914,0.9443,0.0014,0.0553,283.09,305.11,0.0,0.0333,0.088,0.1749,0.0838,0.6008,0.4727,1.7704,9.6266,0.1287,0.1155,-0.0099
3915,0.9457,0.0015,0.0538,287.25,309.59,0.0,0.0353,0.0866,0.1763,0.0851,0.6033,0.4781,1.8376,10.041,0.1341,0.1205,-0.0086
3916,0.945,0.0019,0.0543,278.72,298.54,0.0,0.0387,0.0966,0.1745,0.0847,0.5987,0.469,1.8463,9.8635,0.1333,0.1198,-0.0119
3917,0.9437,0.0019,0.0556,308.23,328.37,0.0,0.0393,0.0957,0.1738,0.0838,0.5996,0.4727,1.8079,9.7525,0.1314,0.1181,-0.012
3918,0.9421,0.0013,0.0573,277.84,296.61,0.0,0.0385,0.103,0.1735,0.084,0.5987,0.4707,1.908,10.1769,0.1379,0.1238,-0.0131
3919,0.9444,0.0011,0.0552,278.5,300.53,0.0,0.0353,0.0906,0.1752,0.0838,0.6062,0.4726,1.829,9.7185,0.1307,0.1172,-0.0088
3920,0.9453,0.0014,0.054,305.0,325.46,0.0026,0.035,0.0893,0.175,0.0846,0.6067,0.4711,1.8827,10.0337,0.1349,0.1213,-0.0095
3921,0.9488,0.0014,0.0503,272.71,293.83,0.0,0.0315,0.0709,0.1789,0.0857,0.6118,0.4791,1.8545,9.9363,0.133,0.1196,-0.0031
3922,0.9511,0.0015,0.048,299.64,318.94,0.0,0.0369,0.0895,0.1754,0.0838,0.6033,0.4755,1.9512,10.425,0.1403,0.1261,-0.0081
3923,0.9512,0.0015,0.0478,296.22,314.85,0.0,0.0387,0.0915,0.1744,0.084,0.599,0.4734,1.8668,10.0759,0.1356,0.1219,-0.0105
3924,0.9507,0.0015,0.0483,291.61,314.37,0.0,0.0344,0.0819,0.1753,0.0842,0.601,0.4743,1.8878,10.1379,0.1356,0.1219,-0.0086
3925,0.9511,0.0015,0.048,270.8,294.7,0.0,0.0367,0.0945,0.1734,0.0843,0.5995,0.4744,1.8252,9.8127,0.1312,0.1178,-0.0112
3926,0.9523,0.0015,0.0467,282.95,306.66,0.0,0.0341,0.0827,0.1751,0.0848,0.6045,0.4791,1.7988,9.7158,0.1295,0.1165,-0.0081
3927,0.9534,0.0015,0.0457,295.24,318.85,0.0,0.0359,0.0801,0.1755,0.0847,0.6041,0.4769,1.8985,10.1307,0.1355,0.1218,-0.0076
3928,0.954,0.0015,0.045,309.39,331.73,0.0,0.0377,0.0878,0.1755,0.0847,0.5994,0.4704,1.832,9.984,0.1334,0.12,-0.0097
3929,0.9541,0.0015,0.0449,262.81,280.93,0.0,0.0396,0.0943,0.1742,0.0842,0.5951,0.474,1.8054,9.7114,0.1305,0.1172,-0.0118
3930,0.9521,0.0015,0.0469,296.86,317.48,0.0,0.041,0.0888,0.1738,0.0835,0.5962,0.4716,1.8816,10.2604,0.1373,0.1236,-0.0112
3931,0.9524,0.0014,0.0467,301.66,323.77,0.0,0.0353,0.0802,0.1764,0.0846,0.602,0.4761,1.8253,9.9318,0.1325,0.1192,-0.0062
3932,0.9536,0.0012,0.0457,314.93,339.07,0.0,0.0354,0.0818,0.1754,0.0839,0.6001,0.4713,1.8647,9.9641,0.1332,0.1198,-0.0071
3933,0.9538,0.0012,0.0455,257.63,277.69,0.0,0.0353,0.0869,0.1742,0.084,0.5996,0.4735,1.8132,9.892,0.1321,0.1189,-0.0093
3934,0.9533,0.001,0.0461,292.67,314.28,0.0,0.0374,0.0926,0.1723,0.0827,0.593,0.4698,1.8705,10.0521,0.1349,0.1213,-0.0113
3935,0.9525,0.0008,0.0471,277.54,300.04,0.0,0.0391,0.0914,0.1742,0.084,0.5934,0.4668,1.7866,9.718,0.1297,0.1166,-0.011
3936,0.953,0.0005,0.0468,283.32,306.13,0.0,0.0358,0.0879,0.1744,0.0842,0.5977,0.4729,1.8166,9.8065,0.1311,0.1178,-0.0093
3937,0.9529,0.0005,0.0469,290.49,309.1,0.0,0.0388,0.0991,0.1724,0.0834,0.5909,0.4656,1.8073,9.8128,0.1315,0.1183,-0.0134
3938,0.9521,0.0005,0.0476,291.99,312.72,0.0,0.0374,0.0957,0.1721,0.0835,0.5937,0.4678,1.8561,10.1323,0.1356,0.1221,-0.0119
3939,0.9512,0.0007,0.0485,280.45,297.95,0.0,0.0376,0.0806,0.1761,0.0845,0.5969,0.4697,1.8568,9.9485,0.1337,0.1204,-0.0077
3940,0.9497,0.0007,0.05,265.39,284.54,0.0,0.0401,0.1055,0.1713,0.0835,0.5881,0.4656,1.7644,9.687,0.1293,0.1164,-0.0146
3941,0.9475,0.0006,0.0524,294.15,314.84,0.0,0.0408,0.0999,0.1722,0.0839,0.5855,0.4651,1.902,10.2026,0.1368,0.1233,-0.0133
3942,0.945,0.0009,0.0548,334.57,358.04,0.0,0.0374,0.087,0.175,0.085,0.5954,0.4654,2.0363,10.9411,0.1465,0.1321,-0.0089
3943,0.9448,0.0012,0.0549,264.23,285.85,0.0,0.0371,0.0888,0.1734,0.0841,0.5924,0.4715,1.789,9.7602,0.13,0.1171,-0.0112
3944,0.9449,0.0012,0.0548,317.59,341.79,0.0,0.0361,0.084,0.1743,0.0834,0.5929,0.4689,1.7493,9.5519,0.127,0.1143,-0.0089
3945,0.9454,0.0012,0.0544,307.41,332.21,0.0,0.0384,0.0898,0.1736,0.0835,0.5927,0.4695,1.8495,10.1045,0.1346,0.1213,-0.0113
3946,0.9467,0.0009,0.0532,309.69,332.39,0.0,0.0373,0.0854,0.1746,0.0839,0.5899,0.4651,1.9979,10.6834,0.1431,0.1288,-0.0088
3947,0.9458,0.0012,0.054,316.48,338.5,0.0,0.0398,0.1055,0.1718,0.0833,0.5856,0.4681,1.9078,10.2375,0.1371,0.1236,-0.0147
3948,0.9419,0.001,0.0579,279.12,300.57,0.0019,0.0371,0.0961,0.1727,0.0832,0.5881,0.4654,1.9312,10.3194,0.138,0.1244,-0.0126
3949,0.9418,0.0012,0.0577,289.09,313.17,0.0,0.0374,0.0925,0.1738,0.0835,0.5927,0.4662,1.8585,10.0104,0.1338,0.1206,-0.01
3950,0.9431,0.0013,0.0564,287.97,311.69,0.0,0.0377,0.0921,0.1736,0.0835,0.5899,0.4681,1.8065,9.8141,0.1305,0.1175,-0.0099
3951,0.9446,0.0015,0.055,268.46,289.83,0.0,0.0388,0.0828,0.1734,0.0831,0.5937,0.4686,1.9001,10.3432,0.1379,0.1242,-0.0091
3952,0.9457,0.0015,0.0538,275.6,295.42,0.0,0.0364,0.0894,0.1733,0.0831,0.593,0.4671,1.7572,9.6767,0.1291,0.1164,-0.0095
3953,0.9451,0.0017,0.0544,272.12,293.2,0.0,0.0371,0.0796,0.1737,0.0835,0.5945,0.4692,1.823,9.8785,0.131,0.1183,-0.0089
3954,0.9447,0.0017,0.0548,315.68,339.89,0.0,0.0383,0.0928,0.1726,0.0832,0.5904,0.4674,1.836,10.0554,0.1338,0.1207,-0.0106
3955,0.9461,0.0016,0.0534,263.14,282.9,0.0,0.0413,0.1012,0.1708,0.0822,0.5842,0.4667,1.7651,9.8449,0.1316,0.1187,-0.0148
3956,0.946,0.0013,0.0536,315.41,342.8,0.0,0.0368,0.0889,0.1747,0.0839,0.5966,0.4675,1.9831,10.6966,0.1427,0.1288,-0.0079
3957,0.9465,0.0014,0.0533,302.27,328.05,0.0,0.0391,0.0867,0.1737,0.0831,0.5913,0.4692,1.9205,10.3426,0.1373,0.1237,-0.0098
3958,0.9463,0.0012,0.0534,296.45,322.82,0.0,0.0361,0.0804,0.1737,0.0833,0.5918,0.4659,1.8739,10.0652,0.1337,0.1206,-0.0083
3959,0.946,0.0012,0.0538,307.53,328.52,0.0,0.0448,0.0972,0.1707,0.0827,0.5854,0.4634,1.837,9.9706,0.1333,0.1202,-0.0139
3960,0.9459,0.0012,0.0538,310.41,334.89,0.0,0.0377,0.0821,0.1748,0.084,0.5917,0.4715,1.9328,10.5086,0.1395,0.1259,-0.0067
3961,0.947,0.0012,0.0527,300.18,324.62,0.0,0.0362,0.0843,0.1736,0.0837,0.5979,0.4723,1.8218,9.9495,0.1326,0.1196,-0.0085
3962,0.9495,0.001,0.0503,290.57,314.96,0.0,0.0381,0.0854,0.174,0.0836,0.5965,0.471,1.9074,10.2461,0.1366,0.1232,-0.008
3963,0.9501,0.001,0.0497,325.71,350.29,0.0,0.0411,0.1045,0.1708,0.0824,0.5847,0.4645,1.9031,10.2453,0.1372,0.1236,-0.0139
3964,0.9506,0.001,0.0491,293.86,313.52,0.0,0.0396,0.094,0.173,0.0837,0.5877,0.4676,1.8122,10.0565,0.1337,0.1207,-0.0105
3965,0.9501,0.0009,0.0497,294.34,318.07,0.0,0.0344,0.0852,0.1724,0.0829,0.5899,0.4669,1.7585,9.6911,0.1288,0.1162,-0.0098
3966,0.9502,0.0005,0.0497,308.13,334.28,0.0,0.0369,0.0782,0.1761,0.0849,0.5954,0.47,1.8825,10.2144,0.1361,0.1228,-0.0056
3967,0.9502,0.0005,0.0498,282.56,306.35,0.0,0.0369,0.0847,0.1747,0.0838,0.5959,0.4705,1.7177,9.5186,0.1261,0.1139,-0.0083
3968,0.9502,0.0005,0.0498,278.68,301.91,0.0,0.0361,0.0803,0.1741,0.0829,0.5946,0.4715,1.8439,10.0817,0.1337,0.1204,-0.0076
3969,0.9497,0.0005,0.0503,293.72,314.26,0.0,0.0406,0.0953,0.1709,0.0824,0.5859,0.4676,1.8994,10.3454,0.1376,0.1241,-0.0131
3970,0.9468,0.0004,0.0532,290.49,313.18,0.0,0.039,0.0969,0.1716,0.082,0.5877,0.4688,1.8467,10.1174,0.135,0.1217,-0.0117
3971,0.9466,0.0002,0.0534,275.95,298.85,0.0,0.0369,0.0776,0.1747,0.0835,0.5924,0.4701,1.7848,9.8356,0.1303,0.1176,-0.006
3972,0.9476,0.0002,0.0524,314.0,339.04,0.0,0.0426,0.0946,0.1722,0.0827,0.5903,0.4641,1.8458,10.2375,0.1366,0.1232,-0.0113
3973,0.9477,0.0002,0.0523,299.48,322.35,0.0,0.0373,0.0812,0.1746,0.0838,0.5919,0.4694,1.7961,9.9543,0.1323,0.1194,-0.0077
3974,0.9494,0.0002,0.0506,280.7,305.37,0.0,0.0378,0.0853,0.1755,0.0843,0.5937,0.4679,1.9494,10.5994,0.1412,0.1275,-0.0069
3975,0.9494,0.0002,0.0506,249.46,270.17,0.0,0.0364,0.0855,0.1734,0.0831,0.5903,0.4656,1.7718,9.6797,0.1282,0.1158,-0.0098
3976,0.9487,0.0004,0.0513,308.27,334.65,0.0,0.0411,0.1022,0.1717,0.0824,0.5826,0.4655,1.8538,10.1605,0.1352,0.122,-0.0132
3977,0.9489,0.0003,0.0511,285.57,308.76,0.0,0.0402,0.0855,0.173,0.0826,0.5888,0.4658,1.8501,10.0929,0.1339,0.1208,-0.0096
3978,0.9503,0.0002,0.0497,298.71,325.98,0.0,0.0367,0.0733,0.1746,0.0836,0.5961,0.4698,1.9587,10.6821,0.1412,0.1274,-0.0066
3979,0.9508,0.0002,0.0492,295.71,317.04,0.0,0.0376,0.0924,0.172,0.0823,0.5856,0.4614,1.7824,9.8276,0.1303,0.1176,-0.0112
3980,0.951,0.0006,0.0488,268.51,289.62,0.0,0.0376,0.0831,0.1747,0.084,0.5924,0.4684,1.8203,10.1167,0.1341,0.1212,-0.0084
3981,0.9518,0.0007,0.048,276.5,301.33,0.0,0.0359,0.0835,0.1757,0.0842,0.5968,0.4663,1.8757,10.2513,0.1357,0.1225,-0.0054
3982,0.9521,0.0009,0.0475,304.77,326.13,0.0,0.0401,0.1027,0.1713,0.0821,0.5792,0.4629,1.8226,9.9338,0.1321,0.1193,-0.0154
3983,0.9511,0.001,0.0484,288.94,312.69,0.0,0.042,0.0989,0.17,0.0824,0.5879,0.463,1.8176,9.9799,0.1324,0.1195,-0.0148
3984,0.9501,0.001,0.0494,292.3,316.6,0.0,0.0404,0.0916,0.1718,0.0835,0.5862,0.4647,1.8408,10.2013,0.1352,0.1224,-0.0123
3985,0.9503,0.0011,0.0492,285.6,310.11,0.0,0.0414,0.0919,0.1715,0.083,0.5853,0.4652,1.7861,9.7925,0.1303,0.1175,-0.0125
3986,0.9484,0.0012,0.0511,302.48,327.36,0.0,0.0411,0.0872,0.1716,0.0822,0.5882,0.4656,1.9146,10.3233,0.1374,0.1241,-0.0118
3987,0.9473,0.0012,0.0522,288.15,311.51,0.0,0.0404,0.0954,0.1715,0.0822,0.5886,0.4643,1.8294,9.9495,0.1324,0.1194,-0.0117
3988,0.9448,0.0012,0.0547,319.71,344.95,0.0,0.0408,0.0853,0.1738,0.0836,0.5918,0.4683,1.9057,10.4736,0.1397,0.1261,-0.0086
3989,0.9451,0.0012,0.0544,299.17,323.9,0.0,0.0395,0.0801,0.1743,0.0828,0.592,0.4665,1.9351,10.6254,0.1414,0.1278,-0.0073
3990,0.9462,0.0012,0.0534,287.8,309.48,0.0,0.0394,0.077,0.1737,0.0828,0.5927,0.4674,1.7629,9.7664,0.1296,0.1169,-0.0081
3991,0.9474,0.0012,0.0521,295.73,321.03,0.0,0.0408,0.0953,0.1712,0.0817,0.5843,0.4612,1.9038,10.4002,0.1387,0.1253,-0.0126
3992,0.9466,0.0012,0.0529,282.51,305.26,0.0,0.0416,0.0822,0.1732,0.0833,0.5897,0.4643,1.796,9.9863,0.1328,0.12,-0.0091
3993,0.9467,0.0012,0.0528,310.75,333.02,0.0,0.0393,0.0856,0.1724,0.0825,0.5858,0.465,1.7744,9.8045,0.13,0.1174,-0.0104
3994,0.9459,0.0012,0.0536,291.58,310.82,0.0,0.043,0.0886,0.1716,0.082,0.5868,0.4639,1.8616,10.3524,0.1378,0.1246,-0.0107
3995,0.9448,0.001,0.0549,274.94,297.41,0.0,0.0367,0.0751,0.1743,0.0824,0.5917,0.4678,1.7815,9.812,0.1301,0.1176,-0.0075
3996,0.9447,0.001,0.055,290.41,315.02,0.0,0.0366,0.0878,0.1718,0.0823,0.5914,0.4652,1.7718,9.7247,0.1286,0.1163,-0.011
3997,0.9436,0.001,0.0561,275.49,293.89,0.0,0.0424,0.0946,0.1709,0.0822,0.5783,0.4621,1.6994,9.4711,0.1259,0.1138,-0.0137
3998,0.9435,0.0009,0.0563,297.35,321.0,0.0,0.0382,0.0831,0.1736,0.0833,0.5925,0.4667,1.8192,10.0377,0.133,0.1201,-0.0085
3999,0.9436,0.0007,0.0562,248.7,268.66,0.0,0.0356,0.0775,0.1732,0.0832,0.591,0.4647,1.8041,9.9371,0.1314,0.1187,-0.0086
4000,0.946,0.0007,0.0538,288.9,314.78,0.0,0.0364,0.0715,0.1751,0.0834,0.5919,0.467,1.8346,10.0855,0.1336,0.1206,-0.0059
4001,0.9475,0.0007,0.0523,266.08,290.66,0.0,0.0374,0.0782,0.1729,0.0833,0.587,0.4697,1.7533,9.734,0.1285,0.116,-0.0098
4002,0.9478,0.0004,0.0521,325.79,354.69,0.0,0.0388,0.0856,0.1721,0.0825,0.5854,0.466,1.895,10.3784,0.1371,0.124,-0.01
4003,0.9486,0.0005,0.0511,320.09,344.29,0.0,0.0418,0.0838,0.1718,0.0829,0.5871,0.4646,1.9241,10.5243,0.1401,0.1266,-0.0102
4004,0.9475,0.0005,0.0522,303.19,325.32,0.0,0.0395,0.0881,0.1728,0.083,0.5868,0.4642,1.7929,9.9989,0.1328,0.12,-0.0092
4005,0.95,0.0005,0.0498,283.58,305.71,0.0,0.0387,0.0805,0.1723,0.0824,0.5863,0.4633,1.7795,9.8465,0.1301,0.1175,-0.0094
4006,0.9491,0.0005,0.0507,302.81,325.38,0.0,0.0403,0.0886,0.1713,0.0829,0.5802,0.4637,1.8422,10.231,0.1354,0.1225,-0.0112
4007,0.9505,0.0004,0.0492,292.62,315.62,0.0,0.0388,0.0774,0.1745,0.0838,0.5889,0.4669,1.8129,10.1712,0.1351,0.1221,-0.0064
4008,0.9508,0.0002,0.049,294.44,318.04,0.0,0.0413,0.0911,0.1708,0.0818,0.5823,0.4613,1.8151,10.1026,0.1341,0.1213,-0.0123
4009,0.951,0.0002,0.0488,281.41,306.22,0.0,0.0395,0.0867,0.1726,0.0831,0.5881,0.4632,1.9474,10.6602,0.1414,0.1279,-0.009
4010,0.9503,0.0003,0.0495,329.27,357.76,0.0,0.0381,0.0769,0.1746,0.0844,0.5861,0.4659,1.9558,10.6651,0.1413,0.1278,-0.0071
4011,0.9486,0.0006,0.0511,286.5,311.48,0.0,0.0381,0.0849,0.1721,0.0832,0.585,0.4638,1.7966,9.8831,0.1309,0.1183,-0.01
4012,0.9491,0.0007,0.0507,306.15,331.81,0.0,0.038,0.0755,0.1722,0.0827,0.589,0.4622,1.8546,10.239,0.1352,0.1223,-0.0086
4013,0.9484,0.0007,0.0514,306.43,330.97,0.0,0.0431,0.1053,0.1696,0.0831,0.5762,0.4616,1.8187,10.0113,0.1331,0.1203,-0.0158
4014,0.9472,0.0007,0.0525,300.11,324.7,0.0,0.0358,0.0773,0.1739,0.0829,0.5878,0.4665,1.7312,9.7038,0.128,0.1158,-0.0067
4015,0.9476,0.0007,0.0521,317.98,343.27,0.0,0.0416,0.0942,0.1706,0.0828,0.5795,0.4596,1.8078,10.0766,0.1338,0.1211,-0.0118
4016,0.9466,0.0006,0.0532,301.9,326.96,0.0,0.0416,0.094,0.1721,0.0834,0.5782,0.4623,1.8276,10.1895,0.1352,0.1224,-0.0112
4017,0.9473,0.0005,0.0525,278.12,300.65,0.0,0.0389,0.0788,0.1721,0.0824,0.591,0.4624,1.7702,9.9693,0.132,0.1193,-0.0084
4018,0.9471,0.0005,0.0527,291.3,315.4,0.0,0.0408,0.0859,0.1708,0.0831,0.5799,0.4646,1.8535,10.1641,0.1348,0.1219,-0.0111
4019,0.9465,0.0009,0.0533,284.28,307.09,0.0,0.0399,0.0888,0.1712,0.0829,0.579,0.4634,1.7938,9.9171,0.1319,0.1193,-0.0112
4020,0.9466,0.0012,0.0532,293.26,314.29,0.0,0.0392,0.0952,0.1704,0.0829,0.5772,0.4599,1.7642,9.9616,0.1319,0.1194,-0.0123
4021,0.9479,0.0012,0.0518,303.65,327.67,0.0,0.0361,0.071,0.1749,0.0835,0.5872,0.4651,1.8017,10.0939,0.1337,0.1211,-0.0049
4022,0.9491,0.0012,0.0506,300.32,323.68,0.0,0.0432,0.0998,0.1683,0.0815,0.5783,0.457,1.7944,9.9648,0.1325,0.1198,-0.0158
4023,0.9467,0.0012,0.053,306.34,333.39,0.0,0.0386,0.0825,0.1722,0.0819,0.5863,0.465,1.8904,10.5008,0.1388,0.1256,-0.0085
4024,0.9476,0.0009,0.0522,292.17,313.72,0.0,0.0353,0.0777,0.1735,0.0829,0.5905,0.4656,1.738,9.8257,0.1299,0.1175,-0.0066
4025,0.9498,0.0007,0.0502,278.64,301.25,0.0,0.0372,0.0767,0.1742,0.0835,0.5868,0.4668,1.7668,9.9128,0.1309,0.1185,-0.0066
4026,0.9496,0.0007,0.0504,273.95,295.99,0.0,0.0418,0.0921,0.1704,0.0822,0.5811,0.4625,1.7524,9.7913,0.13,0.1174,-0.0122
4027,0.9484,0.0007,0.0516,294.83,319.3,0.0,0.0417,0.0895,0.171,0.0817,0.5797,0.4588,1.8533,10.3054,0.1366,0.1234,-0.0117
4028,0.9488,0.0008,0.0512,287.28,308.63,0.0,0.038,0.0836,0.173,0.0823,0.5855,0.4651,1.8605,10.37,0.1377,0.1244,-0.0076
4029,0.951,0.001,0.049,308.88,334.73,0.0,0.0366,0.0779,0.173,0.0829,0.5853,0.4645,1.8167,10.0932,0.1334,0.1205,-0.0072
4030,0.9518,0.0009,0.0482,321.94,347.28,0.0,0.0381,0.0788,0.1721,0.0817,0.586,0.4707,1.9422,10.6863,0.1415,0.1279,-0.0088
4031,0.9517,0.0005,0.0483,325.13,352.19,0.0,0.0436,0.0981,0.1691,0.0818,0.5727,0.4581,1.9151,10.5334,0.1403,0.1267,-0.0137
4032,0.9518,0.0002,0.0482,300.82,327.04,0.0,0.0421,0.0904,0.1697,0.0827,0.5747,0.4587,1.8354,10.1961,0.135,0.1221,-0.0133
4033,0.9539,0.0004,0.0461,285.06,306.93,0.0,0.0396,0.0748,0.1739,0.0828,0.5858,0.4646,1.8355,10.141,0.1347,0.1217,-0.0062
4034,0.957,0.0005,0.043,286.03,309.22,0.0,0.0376,0.0803,0.1717,0.0819,0.5825,0.4642,1.8785,10.5096,0.1391,0.1256,-0.0081
4035,0.9575,0.0005,0.0425,285.21,309.65,0.0,0.0379,0.0736,0.1734,0.083,0.5883,0.4627,1.7429,9.8938,0.1302,0.1177,-0.0064
4036,0.9554,0.0005,0.0446,270.87,292.46,0.0,0.0411,0.0834,0.1696,0.0821,0.5802,0.4627,1.7424,9.7854,0.1296,0.1171,-0.0115
4037,0.9546,0.0005,0.0454,300.71,326.51,0.0,0.0374,0.0811,0.1707,0.0815,0.5791,0.464,1.8871,10.4832,0.1384,0.1251,-0.0099
4038,0.9545,0.0005,0.0455,290.31,314.27,0.0,0.0375,0.0825,0.1721,0.0825,0.5818,0.4655,1.8315,10.2821,0.136,0.1228,-0.0091
4039,0.9538,0.0005,0.0462,290.08,313.32,0.0,0.0345,0.0695,0.1744,0.0831,0.5912,0.468,1.8266,10.1655,0.1337,0.1208,-0.0052
4040,0.9541,0.0005,0.0459,279.94,303.29,0.0,0.0382,0.0844,0.1708,0.0824,0.5824,0.4604,1.759,9.9475,0.1314,0.1187,-0.0098
4041,0.9547,0.0003,0.0453,282.79,306.93,0.0,0.037,0.0796,0.1714,0.0819,0.5886,0.4611,1.9313,10.5905,0.1401,0.1264,-0.008
4042,0.9551,0.0002,0.0449,336.95,364.56,0.0,0.0384,0.0665,0.1742,0.0834,0.5916,0.4645,1.9695,11.1911,0.1481,0.1338,-0.0032
4043,0.9558,0.0002,0.0442,302.89,330.05,0.0,0.0365,0.0795,0.1697,0.0818,0.5802,0.4661,1.7868,9.9959,0.1315,0.1187,-0.01
4044,0.955,0.0002,0.045,305.65,330.45,0.0,0.0393,0.0819,0.1705,0.0826,0.5865,0.4624,1.8161,10.1883,0.1348,0.1218,-0.0098
4045,0.9547,0.0,0.0453,299.83,324.21,0.0,0.0401,0.0964,0.1691,0.0817,0.5765,0.4628,1.8554,10.3477,0.137,0.1237,-0.014
4046,0.9538,0.0,0.0462,286.95,310.3,0.0,0.0391,0.0806,0.1721,0.0825,0.5843,0.4657,1.893,10.5893,0.1404,0.1269,-0.0066
4047,0.9544,0.0,0.0456,298.01,324.8,0.0,0.0364,0.0707,0.1723,0.0831,0.5858,0.4678,1.8826,10.572,0.1394,0.1259,-0.0071
4048,0.9555,0.0,0.0445,291.84,314.06,0.0,0.0398,0.0876,0.1703,0.0816,0.5829,0.4674,1.8689,10.4509,0.1379,0.1246,-0.0109
4049,0.9548,0.0002,0.0452,287.61,311.8,0.0,0.0375,0.083,0.1709,0.0825,0.5873,0.4607,1.8081,10.1505,0.1343,0.1213,-0.0087
4050,0.9561,0.0002,0.0439,281.21,306.18,0.0,0.0339,0.0632,0.1737,0.083,0.5914,0.4699,1.7559,9.7675,0.1282,0.1157,-0.0046
4051,0.9563,0.0002,0.0437,284.7,308.49,0.0,0.0377,0.0798,0.1714,0.0819,0.5829,0.4645,1.8255,10.1564,0.1338,0.1207,-0.0087
4052,0.9575,0.0005,0.0425,292.25,318.56,0.0,0.0348,0.0782,0.1718,0.0826,0.5815,0.4634,1.8061,10.1605,0.1335,0.1205,-0.0084
4053,0.956,0.0005,0.044,286.58,311.29,0.0,0.0394,0.0758,0.1707,0.0813,0.5806,0.4623,1.7951,10.1223,0.1334,0.1203,-0.01
4054,0.9563,0.0004,0.0437,294.67,319.91,0.0,0.0369,0.0718,0.1716,0.0823,0.5825,0.4652,1.8184,10.0329,0.1323,0.1194,-0.0087
4055,0.9561,0.0005,0.0439,330.74,358.28,0.0,0.0381,0.081,0.1696,0.0813,0.5808,0.4624,1.8419,10.3881,0.1372,0.1237,-0.0101
4056,0.9551,0.0002,0.0449,288.21,313.27,0.0,0.0374,0.0823,0.1703,0.0816,0.584,0.4622,1.8553,10.3558,0.1364,0.1231,-0.0097
4057,0.9551,0.0002,0.0449,271.92,295.93,0.0,0.0346,0.0728,0.1707,0.0821,0.5878,0.463,1.7594,9.849,0.1294,0.1167,-0.008
4058,0.9546,0.0002,0.0454,316.55,345.25,0.0,0.0358,0.069,0.172,0.0816,0.587,0.4661,1.8731,10.4321,0.1372,0.1238,-0.0063
4059,0.9562,0.0002,0.0438,287.87,313.41,0.0,0.0358,0.0667,0.1742,0.0828,0.5895,0.4706,1.7452,9.8843,0.1304,0.1178,-0.0038
4060,0.9577,0.0002,0.0423,319.19,345.37,0.0,0.0408,0.0842,0.1698,0.0817,0.5807,0.4623,1.9297,10.8451,0.1433,0.1295,-0.0108
4061,0.9566,0.0002,0.0434,289.49,314.53,0.0,0.0362,0.0719,0.1733,0.0832,0.5858,0.4686,1.8302,10.3676,0.1361,0.1229,-0.0056
4062,0.9578,0.0002,0.0422,286.95,313.02,0.0,0.0382,0.0752,0.1715,0.0823,0.5856,0.4661,1.8622,10.4233,0.1376,0.1242,-0.0077
4063,0.9586,0.0001,0.0414,283.58,307.18,0.0,0.0334,0.0738,0.1726,0.0823,0.585,0.4657,1.7012,9.5963,0.126,0.1137,-0.0062
4064,0.9576,0.0002,0.0424,320.96,345.77,0.0,0.0373,0.0731,0.1721,0.0824,0.5827,0.4637,1.9769,10.9389,0.1447,0.1308,-0.0066
4065,0.9595,0.0002,0.0405,297.15,321.96,0.0,0.0361,0.0735,0.1715,0.0817,0.5839,0.4657,1.816,10.2999,0.1353,0.1221,-0.0076
4066,0.9584,0.0002,0.0416,281.47,305.2,0.0,0.0356,0.0737,0.1707,0.0816,0.582,0.4624,1.7527,9.9478,0.1306,0.1179,-0.0073
4067,0.9601,0.0002,0.0399,304.76,330.66,0.0,0.0332,0.0706,0.1713,0.0813,0.5858,0.4632,1.8148,10.2042,0.1344,0.1213,-0.0058
4068,0.9604,0.0002,0.0396,322.01,347.19,0.0,0.0364,0.08,0.1687,0.0809,0.5788,0.4602,1.8848,10.4944,0.1387,0.1253,-0.0115
4069,0.9608,0.0002,0.0392,279.35,305.08,0.0,0.0357,0.0642,0.1726,0.0816,0.589,0.4645,1.9486,10.8393,0.1427,0.129,-0.0041
4070,0.9602,0.0005,0.0397,277.72,303.31,0.0,0.0374,0.0841,0.1693,0.0813,0.577,0.4601,1.7272,9.7368,0.1286,0.1163,-0.0105
4071,0.9604,0.0007,0.0394,288.29,313.19,0.0,0.0378,0.0677,0.1706,0.0816,0.5822,0.462,1.8486,10.4763,0.1378,0.1247,-0.0068
4072,0.9594,0.0007,0.0404,280.09,302.89,0.0,0.0359,0.0787,0.1684,0.0811,0.5794,0.4618,1.7293,9.8267,0.1292,0.1169,-0.0111
4073,0.9581,0.0007,0.0416,314.03,340.12,0.0,0.0335,0.0733,0.1708,0.0816,0.5814,0.4646,1.8283,10.2561,0.1352,0.1223,-0.0063
4074,0.9583,0.0006,0.0414,289.36,313.8,0.0,0.0352,0.0732,0.1701,0.0813,0.5828,0.4631,1.8904,10.5434,0.1391,0.1256,-0.0071
4075,0.9578,0.0007,0.042,300.71,324.54,0.0,0.0391,0.0805,0.1683,0.081,0.5794,0.4538,1.8697,10.5455,0.1395,0.1261,-0.0109
4076,0.9571,0.0007,0.0427,284.96,308.32,0.0,0.0359,0.0758,0.1692,0.0803,0.5797,0.4632,1.834,10.4594,0.1375,0.1244,-0.0089
4077,0.9575,0.0007,0.0422,279.4,302.17,0.0,0.033,0.0634,0.1718,0.082,0.5825,0.4627,1.8119,10.2833,0.135,0.1222,-0.0046
4078,0.9581,0.0007,0.0416,327.06,353.63,0.0,0.0371,0.0751,0.1708,0.082,0.5807,0.4637,1.9079,10.9686,0.1448,0.131,-0.0071
