{
  "bbox_bottom": [
    [
      -177.29860002193112,
      -63.68920744141904,
      -134.88698434386416
    ],
    [
      16.571645038556312,
      74.5589133716834,
      -140.3712844910406
    ],
    [
      87.44882099823458,
      -24.84709793552811,
      -140.68478739076988
    ],
    [
      -106.4214240622529,
      -163.09521874863046,
      -135.2004872435935
    ],
    [
      -173.69394641257787,
      -61.680614381156346,
      43.17023699700654
    ],
    [
      20.17629864790958,
      76.56750643194587,
      37.685936849830114
    ],
    [
      91.05347460758783,
      -22.838504875265528,
      37.37243395010081
    ],
    [
      -102.8167704528996,
      -161.08662568836786,
      42.85673409727721
    ]
  ],
  "bbox_top": [
    [
      127.58245254234613,
      -83.26995712285611,
      -10.444875602467429
    ],
    [
      55.481265927532604,
      -21.117813571854725,
      -10.094467971694662
    ],
    [
      53.25800813658065,
      -23.59400145999158,
      -28.356493349265495
    ],
    [
      125.35919475139416,
      -85.74614501099298,
      -28.706900980038277
    ],
    [
      139.85665902283483,
      -69.0116257243596,
      -13.87248185702635
    ],
    [
      67.75547240802135,
      -6.859482173358216,
      -13.522074226253569
    ],
    [
      65.5322146170694,
      -9.335670061495074,
      -31.7840996038244
    ],
    [
      137.6334012318829,
      -71.48781361249647,
      -32.134507234597166
    ]
  ],
  "keypoints_bottom": [
    [
      6.352892804987311,
      53.369598892001406,
      -91.05202703606567
    ],
    [
      -109.06646549969305,
      -149.34206252693625,
      39.12019878646712
    ],
    [
      -171.33466708041803,
      -63.501563928470084,
      -133.4009651158362
    ],
    [
      27.313571165676468,
      -52.413845646804184,
      35.97071938299618
    ],
    [
      -23.645736366738912,
      -87.2817223268574,
      -132.86405034823107
    ],
    [
      -98.18030713262702,
      -19.38024653063254,
      -20.599202216049818
    ],
    [
      18.624589749190264,
      72.92874431646749,
      32.93101552764614
    ],
    [
      76.66570480399753,
      -14.384243606739957,
      -139.28271954411542
    ],
    [
      -109.42630299024852,
      -149.32238524210763,
      -114.97124537532456
    ],
    [
      -78.30772341910591,
      4.123963646940358,
      -134.02911223038146
    ],
    [
      -169.4802350451766,
      -64.64876380629032,
      39.02343791527654
    ],
    [
      -42.6482501940491,
      -100.27569840504347,
      -14.939211047900013
    ],
    [
      62.64629455826512,
      -5.987183142351074,
      -40.59959322289352
    ],
    [
      -149.04842223790183,
      -97.89258085561187,
      -47.52869552747475
    ],
    [
      -39.06275738229332,
      6.74976904538347,
      38.255675830753916
    ],
    [
      -18.78887342308217,
      -9.15115957254966,
      -40.22059297098147
    ]
  ],
  "keypoints_top": [
    [
      67.68491516855266,
      -17.31241849261489,
      -20.484342184352705
    ],
    [
      128.14877989691675,
      -82.29511989950144,
      -20.00147004012734
    ],
    [
      101.98306789584221,
      -45.842091603025835,
      -22.355672682514825
    ],
    [
      121.16550548192738,
      -60.18068142113729,
      -28.242511991555737
    ],
    [
      78.18731440304595,
      -38.72693568415459,
      -22.578798000190343
    ],
    [
      107.6744381430494,
      -63.56683169962882,
      -14.23085099764445
    ],
    [
      124.7088740036479,
      -66.87998700868619,
      -12.645354366637326
    ],
    [
      134.22196206052226,
      -69.03134327740268,
      -25.9526151648831
    ],
    [
      115.10636670058783,
      -74.15648057559903,
      -23.356619202393677
    ],
    [
      105.21839780846881,
      -61.04489774835293,
      -28.667053146039045
    ],
    [
      115.1096927866801,
      -50.87597841161865,
      -19.29860520774369
    ],
    [
      88.99056646126746,
      -45.092655057190626,
      -17.14259770258244
    ],
    [
      77.89579355540468,
      -25.785652424789554,
      -20.400619642413552
    ],
    [
      134.93891568135152,
      -73.1645526272106,
      -14.616099327400477
    ],
    [
      57.24428279794516,
      -19.71420148886568,
      -24.940016129131234
    ],
    [
      66.83664683863772,
      -29.22765531377264,
      -20.479572492252217
    ]
  ],
  "mocap_bottom": [
    [
      -157.22407081867172,
      -65.6925075857789,
      40.77906225427191
    ],
    [
      -111.50317587963247,
      -149.09789061592045,
      37.00676017513455
    ],
    [
      -73.14924427429582,
      -1.7831481964242715,
      -61.257427026970554
    ],
    [
      10.580522603105765,
      53.12378054052485,
      37.52094315265134
    ],
    [
      79.06054987277425,
      -8.499598135998998,
      29.996318249539712
    ]
  ],
  "mocap_top": [
    [
      77.70801003513058,
      -25.67064114229525,
      -22.465529398159006
    ],
    [
      90.04156052214495,
      -45.64417266696031,
      -17.36414084966011
    ],
    [
      132.7685113456868,
      -77.03621699833987,
      -21.701941948580643
    ]
  ]
}
